{
  "build_list": [
    {
      "name": "Uber - Icarus Attack Platoon",
      "to_build": "Icarus_Attack_Queller",
      "instance_count": -1,
      "priority": 110,
      "build_conditions": [
        [
          {
            "test_type": "HasPersonalityTag",
            "string0": "uber",
            "boolean": true
          },
          {
            "test_type": "UnitPoolCount",
            "unit_type_string0": "Air & Mobile & EnergyProduction - Titan",
            "compare0": ">=",
            "value0": 1
          },
          {
            "test_type": "CanAttackWithPoolUnitsBomber",
            "string0": "WL_AnySurface",
            "string1": "WL_Air",
            "unit_type_string0": "(Mobile | Structure) - Wall"
          }
        ]
      ],
      "task_type": "BomberAttack"
    },
    {
      "name": "Uber - Bomber-Gunship Attack Platoon Small",
      "to_build": "BomberGunship_Attack_Queller",
      "instance_count": -1,
      "priority": 105,
      "build_conditions": [
        [
          {
            "test_type": "HasPersonalityTag",
            "string0": "uber",
            "boolean": true
          },
          {
            "test_type": "EnemySurfacePresenceOnPlanet",
            "boolean": true
          },
          {
            "test_type": "PlanetHighestEnemyArmyThreat",
            "string0": "AntiAir",
            "compare0": "<=",
            "value0": 400
          },
          {
            "test_type": "UnitPoolCount",
            "unit_type_string0": "Air & Mobile & Offense - MissileDefense - Fighter - SelfDestruct - Titan",
            "compare0": ">=",
            "value0": 1
          },
          {
            "test_type": "CanAttackWithPoolUnitsBomber",
            "string0": "WL_AnySurface",
            "string1": "WL_Air",
            "unit_type_string0": "(Mobile | Structure) - Wall"
          }
        ],
        [
          {
            "test_type": "HasPersonalityTag",
            "string0": "uber",
            "boolean": true
          },
          {
            "test_type": "EnemySurfacePresenceOnPlanet",
            "boolean": true
          },
          {
            "test_type": "PlanetHighestEnemyArmyThreat",
            "string0": "Air",
            "compare0": "<",
            "value0": 150
          },
          {
            "test_type": "UnitPoolCount",
            "unit_type_string0": "Air & Mobile & Offense - MissileDefense - Fighter - SelfDestruct - Titan",
            "compare0": ">=",
            "value0": 1
          },
          {
            "test_type": "CanAttackWithPoolUnitsBomber",
            "string0": "WL_AnySurface",
            "string1": "WL_Air",
            "unit_type_string0": "(Mobile | Structure) - Wall"
          }
        ]
      ],
      "task_type": "BomberAttack"
    },
    {
      "name": "Uber - Bomber-Gunship Attack Platoon Medium",
      "to_build": "BomberGunship_Attack_Queller",
      "instance_count": -1,
      "priority": 104,
      "build_conditions": [
        [
          {
            "test_type": "HasPersonalityTag",
            "string0": "uber",
            "boolean": true
          },
          {
            "test_type": "EnemySurfacePresenceOnPlanet",
            "boolean": true
          },
          {
            "test_type": "PlanetHighestEnemyArmyThreat",
            "string0": "AntiAir",
            "compare0": "<=",
            "value0": 720
          },
          {
            "test_type": "UnitPoolCount",
            "unit_type_string0": "Air & Mobile & Offense - Titan",
            "compare0": ">=",
            "value0": 4
          },
          {
            "test_type": "UnitPoolCount",
            "unit_type_string0": "Air & Mobile & Offense - MissileDefense - Fighter - SelfDestruct - Titan",
            "compare0": ">=",
            "value0": 1
          },
          {
            "test_type": "CanAttackWithPoolUnitsBomber",
            "string0": "WL_AnySurface",
            "string1": "WL_Air",
            "unit_type_string0": "(Mobile | Structure) - Wall"
          }
        ],
        [
          {
            "test_type": "HasPersonalityTag",
            "string0": "uber",
            "boolean": true
          },
          {
            "test_type": "EnemySurfacePresenceOnPlanet",
            "boolean": true
          },
          {
            "test_type": "PlanetHighestEnemyArmyThreat",
            "string0": "Air",
            "compare0": "<=",
            "value0": 600
          },
          {
            "test_type": "UnitPoolCount",
            "unit_type_string0": "Air & Mobile & Offense - Titan",
            "compare0": ">=",
            "value0": 4
          },
          {
            "test_type": "UnitPoolCount",
            "unit_type_string0": "Air & Mobile & Offense - MissileDefense - Fighter - SelfDestruct - Titan",
            "compare0": ">=",
            "value0": 1
          },
          {
            "test_type": "CanAttackWithPoolUnitsBomber",
            "string0": "WL_AnySurface",
            "string1": "WL_Air",
            "unit_type_string0": "(Mobile | Structure) - Wall"
          }
        ]
      ],
      "task_type": "BomberAttack"
    },
    {
      "name": "Uber - Bomber-Gunship Attack Platoon Large",
      "to_build": "BomberGunship_Attack_Queller",
      "instance_count": -1,
      "priority": 103,
      "build_conditions": [
        [
          {
            "test_type": "HasPersonalityTag",
            "string0": "uber",
            "boolean": true
          },
          {
            "test_type": "EnemySurfacePresenceOnPlanet",
            "boolean": true
          },
          {
            "test_type": "PlanetHighestEnemyArmyThreat",
            "string0": "AntiAir",
            "compare0": "<=",
            "value0": 1200
          },
          {
            "test_type": "UnitPoolCount",
            "unit_type_string0": "Air & Mobile & Offense - Titan",
            "compare0": ">=",
            "value0": 10
          },
          {
            "test_type": "UnitPoolCount",
            "unit_type_string0": "Air & Mobile & Offense - MissileDefense - Fighter - SelfDestruct - Titan",
            "compare0": ">=",
            "value0": 1
          },
          {
            "test_type": "CanAttackWithPoolUnitsBomber",
            "string0": "WL_AnySurface",
            "string1": "WL_Air",
            "unit_type_string0": "(Mobile | Structure) - Wall"
          }
        ],
        [
          {
            "test_type": "HasPersonalityTag",
            "string0": "uber",
            "boolean": true
          },
          {
            "test_type": "EnemySurfacePresenceOnPlanet",
            "boolean": true
          },
          {
            "test_type": "PlanetHighestEnemyArmyThreat",
            "string0": "Air",
            "compare0": "<=",
            "value0": 1500
          },
          {
            "test_type": "UnitPoolCount",
            "unit_type_string0": "Air & Mobile & Offense - Titan",
            "compare0": ">=",
            "value0": 10
          },
          {
            "test_type": "UnitPoolCount",
            "unit_type_string0": "Air & Mobile & Offense - MissileDefense - Fighter - SelfDestruct - Titan",
            "compare0": ">=",
            "value0": 1
          },
          {
            "test_type": "CanAttackWithPoolUnitsBomber",
            "string0": "WL_AnySurface",
            "string1": "WL_Air",
            "unit_type_string0": "(Mobile | Structure) - Wall"
          }
        ]
      ],
      "task_type": "BomberAttack"
    },
    {
      "name": "Uber - Bomber-Gunship Attack Platoon XLarge",
      "to_build": "BomberGunship_Attack_Queller",
      "instance_count": -1,
      "priority": 102,
      "build_conditions": [
        [
          {
            "test_type": "HasPersonalityTag",
            "string0": "uber",
            "boolean": true
          },
          {
            "test_type": "EnemySurfacePresenceOnPlanet",
            "boolean": true
          },
          {
            "test_type": "PlanetHighestEnemyArmyThreat",
            "string0": "AntiAir",
            "compare0": "<=",
            "value0": 2000
          },
          {
            "test_type": "UnitPoolCount",
            "unit_type_string0": "Air & Mobile & Offense - Titan",
            "compare0": ">=",
            "value0": 20
          },
          {
            "test_type": "UnitPoolCount",
            "unit_type_string0": "Air & Mobile & Offense - MissileDefense - Fighter - SelfDestruct - Titan",
            "compare0": ">=",
            "value0": 1
          },
          {
            "test_type": "CanAttackWithPoolUnitsBomber",
            "string0": "WL_AnySurface",
            "string1": "WL_Air",
            "unit_type_string0": "(Mobile | Structure) - Wall"
          }
        ],
        [
          {
            "test_type": "HasPersonalityTag",
            "string0": "uber",
            "boolean": true
          },
          {
            "test_type": "EnemySurfacePresenceOnPlanet",
            "boolean": true
          },
          {
            "test_type": "PlanetHighestEnemyArmyThreat",
            "string0": "Air",
            "compare0": "<=",
            "value0": 3000
          },
          {
            "test_type": "UnitPoolCount",
            "unit_type_string0": "Air & Mobile & Offense - Titan",
            "compare0": ">=",
            "value0": 20
          },
          {
            "test_type": "UnitPoolCount",
            "unit_type_string0": "Air & Mobile & Offense - MissileDefense - Fighter - SelfDestruct - Titan",
            "compare0": ">=",
            "value0": 1
          },
          {
            "test_type": "CanAttackWithPoolUnitsBomber",
            "string0": "WL_AnySurface",
            "string1": "WL_Air",
            "unit_type_string0": "(Mobile | Structure) - Wall"
          }
        ]
      ],
      "task_type": "BomberAttack"
    },
    {
      "name": "Uber - Bomber-Gunship Attack Platoon Huge",
      "to_build": "BomberGunship_Attack_Queller",
      "instance_count": -1,
      "priority": 101,
      "build_conditions": [
        [
          {
            "test_type": "HasPersonalityTag",
            "string0": "uber",
            "boolean": true
          },
          {
            "test_type": "EnemySurfacePresenceOnPlanet",
            "boolean": true
          },
          {
            "test_type": "PlanetHighestEnemyArmyThreat",
            "string0": "AntiAir",
            "compare0": "<=",
            "value0": 3000
          },
          {
            "test_type": "UnitPoolCount",
            "unit_type_string0": "Air & Mobile & Offense - Titan",
            "compare0": ">=",
            "value0": 30
          },
          {
            "test_type": "UnitPoolCount",
            "unit_type_string0": "Air & Mobile & Offense - MissileDefense - Fighter - SelfDestruct - Titan",
            "compare0": ">=",
            "value0": 1
          },
          {
            "test_type": "CanAttackWithPoolUnitsBomber",
            "string0": "WL_AnySurface",
            "string1": "WL_Air",
            "unit_type_string0": "(Mobile | Structure) - Wall"
          }
        ],
        [
          {
            "test_type": "HasPersonalityTag",
            "string0": "uber",
            "boolean": true
          },
          {
            "test_type": "EnemySurfacePresenceOnPlanet",
            "boolean": true
          },
          {
            "test_type": "PlanetHighestEnemyArmyThreat",
            "string0": "Air",
            "compare0": "<=",
            "value0": 4500
          },
          {
            "test_type": "UnitPoolCount",
            "unit_type_string0": "Air & Mobile & Offense - Titan",
            "compare0": ">=",
            "value0": 30
          },
          {
            "test_type": "UnitPoolCount",
            "unit_type_string0": "Air & Mobile & Offense - MissileDefense - Fighter - SelfDestruct - Titan",
            "compare0": ">=",
            "value0": 1
          },
          {
            "test_type": "CanAttackWithPoolUnitsBomber",
            "string0": "WL_AnySurface",
            "string1": "WL_Air",
            "unit_type_string0": "(Mobile | Structure) - Wall"
          }
        ]
      ],
      "task_type": "BomberAttack"
    },
    {
      "name": "Uber - Bomber-Gunship Attack Platoon Max",
      "to_build": "BomberGunship_Attack_Queller",
      "instance_count": -1,
      "priority": 100,
      "build_conditions": [
        [
          {
            "test_type": "HasPersonalityTag",
            "string0": "uber",
            "boolean": true
          },
          {
            "test_type": "EnemySurfacePresenceOnPlanet",
            "boolean": true
          },
          {
            "test_type": "UnitPoolCount",
            "unit_type_string0": "Air & Mobile & Offense - Titan",
            "compare0": ">=",
            "value0": 40
          },
          {
            "test_type": "UnitPoolCount",
            "unit_type_string0": "Air & Mobile & Offense - MissileDefense - Fighter - SelfDestruct - Titan",
            "compare0": ">=",
            "value0": 1
          },
          {
            "test_type": "CanAttackWithPoolUnitsBomber",
            "string0": "WL_AnySurface",
            "string1": "WL_Air",
            "unit_type_string0": "(Mobile | Structure) - Wall"
          }
        ]
      ],
      "task_type": "BomberAttack"
    },
    {
      "name": "Uber - Fighter Attack Platoon Small",
      "to_build": "Fighter_Attack_Queller",
      "instance_count": -1,
      "priority": 105,
      "build_conditions": [
        [
          {
            "test_type": "HasPersonalityTag",
            "string0": "uber",
            "boolean": true
          },
          {
            "test_type": "EnemyAirPresenceOnPlanet",
            "boolean": true
          },
          {
            "test_type": "PlanetHighestEnemyArmyThreat",
            "string0": "AntiAir",
            "compare0": "<=",
            "value0": 400
          },
          {
            "test_type": "UnitPoolCount",
            "unit_type_string0": "Air & Fighter",
            "compare0": ">=",
            "value0": 1
          },
          {
            "test_type": "CanAttackWithPoolUnitsFighter",
            "string0": "WL_Air",
            "string1": "WL_Air",
            "unit_type_string0": "(Mobile | Structure) - Wall"
          }
        ],
        [
          {
            "test_type": "HasPersonalityTag",
            "string0": "uber",
            "boolean": true
          },
          {
            "test_type": "EnemyAirPresenceOnPlanet",
            "boolean": true
          },
          {
            "test_type": "PlanetHighestEnemyArmyThreat",
            "string0": "Air",
            "compare0": "<",
            "value0": 150
          },
          {
            "test_type": "UnitPoolCount",
            "unit_type_string0": "Air & Fighter",
            "compare0": ">=",
            "value0": 1
          },
          {
            "test_type": "CanAttackWithPoolUnitsFighter",
            "string0": "WL_Air",
            "string1": "WL_Air",
            "unit_type_string0": "(Mobile | Structure) - Wall"
          }
        ],
        [
          {
            "test_type": "HasPersonalityTag",
            "string0": "uber",
            "boolean": true
          },
          {
            "test_type": "EnemyAirPresenceOnPlanet",
            "boolean": true
          },
          {
            "test_type": "PlanetHighestEnemyArmyThreat",
            "string0": "AntiAir",
            "compare0": "<=",
            "value0": 400
          },
          {
            "test_type": "UnitPoolCount",
            "unit_type_string0": "Air & Fighter",
            "compare0": ">=",
            "value0": 1
          },
          {
            "test_type": "CanProvideAirSupportWithPoolUnits",
            "string0": "fighter_attack",
            "string1": "WL_Air",
            "string2": "WL_Air",
            "unit_type_string0": "(Mobile | Structure) - Wall"
          }
        ],
        [
          {
            "test_type": "HasPersonalityTag",
            "string0": "uber",
            "boolean": true
          },
          {
            "test_type": "EnemyAirPresenceOnPlanet",
            "boolean": true
          },
          {
            "test_type": "PlanetHighestEnemyArmyThreat",
            "string0": "Air",
            "compare0": "<",
            "value0": 150
          },
          {
            "test_type": "UnitPoolCount",
            "unit_type_string0": "Air & Fighter",
            "compare0": ">=",
            "value0": 1
          },
          {
            "test_type": "CanProvideAirSupportWithPoolUnits",
            "string0": "fighter_attack",
            "string1": "WL_Air",
            "string2": "WL_Air",
            "unit_type_string0": "(Mobile | Structure) - Wall"
          }
        ]
      ],
      "task_type": "FighterAttack"
    },
    {
      "name": "Uber - Fighter Attack Platoon Medium",
      "to_build": "Fighter_Attack_Queller",
      "instance_count": -1,
      "priority": 104,
      "build_conditions": [
        [
          {
            "test_type": "HasPersonalityTag",
            "string0": "uber",
            "boolean": true
          },
          {
            "test_type": "EnemyAirPresenceOnPlanet",
            "boolean": true
          },
          {
            "test_type": "PlanetHighestEnemyArmyThreat",
            "string0": "AntiAir",
            "compare0": "<=",
            "value0": 720
          },
          {
            "test_type": "UnitPoolCount",
            "unit_type_string0": "Air & Fighter",
            "compare0": ">=",
            "value0": 4
          },
          {
            "test_type": "CanAttackWithPoolUnitsFighter",
            "string0": "WL_Air",
            "string1": "WL_Air",
            "unit_type_string0": "(Mobile | Structure) - Wall"
          }
        ],
        [
          {
            "test_type": "HasPersonalityTag",
            "string0": "uber",
            "boolean": true
          },
          {
            "test_type": "EnemyAirPresenceOnPlanet",
            "boolean": true
          },
          {
            "test_type": "PlanetHighestEnemyArmyThreat",
            "string0": "Air",
            "compare0": "<=",
            "value0": 600
          },
          {
            "test_type": "UnitPoolCount",
            "unit_type_string0": "Air & Fighter",
            "compare0": ">=",
            "value0": 4
          },
          {
            "test_type": "CanAttackWithPoolUnitsFighter",
            "string0": "WL_Air",
            "string1": "WL_Air",
            "unit_type_string0": "(Mobile | Structure) - Wall"
          }
        ],
        [
          {
            "test_type": "HasPersonalityTag",
            "string0": "uber",
            "boolean": true
          },
          {
            "test_type": "EnemyAirPresenceOnPlanet",
            "boolean": true
          },
          {
            "test_type": "PlanetHighestEnemyArmyThreat",
            "string0": "AntiAir",
            "compare0": "<=",
            "value0": 720
          },
          {
            "test_type": "UnitPoolCount",
            "unit_type_string0": "Air & Fighter",
            "compare0": ">=",
            "value0": 4
          },
          {
            "test_type": "CanProvideAirSupportWithPoolUnits",
            "string0": "fighter_attack",
            "string1": "WL_Air",
            "string2": "WL_Air",
            "unit_type_string0": "(Mobile | Structure) - Wall"
          }
        ],
        [
          {
            "test_type": "HasPersonalityTag",
            "string0": "uber",
            "boolean": true
          },
          {
            "test_type": "EnemyAirPresenceOnPlanet",
            "boolean": true
          },
          {
            "test_type": "PlanetHighestEnemyArmyThreat",
            "string0": "Air",
            "compare0": "<=",
            "value0": 600
          },
          {
            "test_type": "UnitPoolCount",
            "unit_type_string0": "Air & Fighter",
            "compare0": ">=",
            "value0": 4
          },
          {
            "test_type": "CanProvideAirSupportWithPoolUnits",
            "string0": "fighter_attack",
            "string1": "WL_Air",
            "string2": "WL_Air",
            "unit_type_string0": "(Mobile | Structure) - Wall"
          }
        ]
      ],
      "task_type": "FighterAttack"
    },
    {
      "name": "Uber - Fighter Attack Platoon Large",
      "to_build": "Fighter_Attack_Queller",
      "instance_count": -1,
      "priority": 103,
      "build_conditions": [
        [
          {
            "test_type": "HasPersonalityTag",
            "string0": "uber",
            "boolean": true
          },
          {
            "test_type": "EnemyAirPresenceOnPlanet",
            "boolean": true
          },
          {
            "test_type": "PlanetHighestEnemyArmyThreat",
            "string0": "AntiAir",
            "compare0": "<=",
            "value0": 1200
          },
          {
            "test_type": "UnitPoolCount",
            "unit_type_string0": "Air & Fighter",
            "compare0": ">=",
            "value0": 10
          },
          {
            "test_type": "CanAttackWithPoolUnitsFighter",
            "string0": "WL_Air",
            "string1": "WL_Air",
            "unit_type_string0": "(Mobile | Structure) - Wall"
          }
        ],
        [
          {
            "test_type": "HasPersonalityTag",
            "string0": "uber",
            "boolean": true
          },
          {
            "test_type": "EnemyAirPresenceOnPlanet",
            "boolean": true
          },
          {
            "test_type": "PlanetHighestEnemyArmyThreat",
            "string0": "Air",
            "compare0": "<=",
            "value0": 1500
          },
          {
            "test_type": "UnitPoolCount",
            "unit_type_string0": "Air & Fighter",
            "compare0": ">=",
            "value0": 10
          },
          {
            "test_type": "CanAttackWithPoolUnitsFighter",
            "string0": "WL_Air",
            "string1": "WL_Air",
            "unit_type_string0": "(Mobile | Structure) - Wall"
          }
        ],
        [
          {
            "test_type": "HasPersonalityTag",
            "string0": "uber",
            "boolean": true
          },
          {
            "test_type": "EnemyAirPresenceOnPlanet",
            "boolean": true
          },
          {
            "test_type": "PlanetHighestEnemyArmyThreat",
            "string0": "AntiAir",
            "compare0": "<=",
            "value0": 1200
          },
          {
            "test_type": "UnitPoolCount",
            "unit_type_string0": "Air & Fighter",
            "compare0": ">=",
            "value0": 10
          },
          {
            "test_type": "CanProvideAirSupportWithPoolUnits",
            "string0": "fighter_attack",
            "string1": "WL_Air",
            "string2": "WL_Air",
            "unit_type_string0": "(Mobile | Structure) - Wall"
          }
        ],
        [
          {
            "test_type": "HasPersonalityTag",
            "string0": "uber",
            "boolean": true
          },
          {
            "test_type": "EnemyAirPresenceOnPlanet",
            "boolean": true
          },
          {
            "test_type": "PlanetHighestEnemyArmyThreat",
            "string0": "Air",
            "compare0": "<=",
            "value0": 1500
          },
          {
            "test_type": "UnitPoolCount",
            "unit_type_string0": "Air & Fighter",
            "compare0": ">=",
            "value0": 10
          },
          {
            "test_type": "CanProvideAirSupportWithPoolUnits",
            "string0": "fighter_attack",
            "string1": "WL_Air",
            "string2": "WL_Air",
            "unit_type_string0": "(Mobile | Structure) - Wall"
          }
        ]
      ],
      "task_type": "FighterAttack"
    },
    {
      "name": "Uber - Fighter Attack Platoon XLarge",
      "to_build": "Fighter_Attack_Queller",
      "instance_count": -1,
      "priority": 102,
      "build_conditions": [
        [
          {
            "test_type": "HasPersonalityTag",
            "string0": "uber",
            "boolean": true
          },
          {
            "test_type": "EnemyAirPresenceOnPlanet",
            "boolean": true
          },
          {
            "test_type": "PlanetHighestEnemyArmyThreat",
            "string0": "AntiAir",
            "compare0": "<=",
            "value0": 2000
          },
          {
            "test_type": "UnitPoolCount",
            "unit_type_string0": "Air & Fighter",
            "compare0": ">=",
            "value0": 20
          },
          {
            "test_type": "CanAttackWithPoolUnitsFighter",
            "string0": "WL_Air",
            "string1": "WL_Air",
            "unit_type_string0": "(Mobile | Structure) - Wall"
          }
        ],
        [
          {
            "test_type": "HasPersonalityTag",
            "string0": "uber",
            "boolean": true
          },
          {
            "test_type": "EnemyAirPresenceOnPlanet",
            "boolean": true
          },
          {
            "test_type": "PlanetHighestEnemyArmyThreat",
            "string0": "Air",
            "compare0": "<=",
            "value0": 3000
          },
          {
            "test_type": "UnitPoolCount",
            "unit_type_string0": "Air & Fighter",
            "compare0": ">=",
            "value0": 20
          },
          {
            "test_type": "CanAttackWithPoolUnitsFighter",
            "string0": "WL_Air",
            "string1": "WL_Air",
            "unit_type_string0": "(Mobile | Structure) - Wall"
          }
        ],
        [
          {
            "test_type": "HasPersonalityTag",
            "string0": "uber",
            "boolean": true
          },
          {
            "test_type": "EnemyAirPresenceOnPlanet",
            "boolean": true
          },
          {
            "test_type": "PlanetHighestEnemyArmyThreat",
            "string0": "AntiAir",
            "compare0": "<=",
            "value0": 2000
          },
          {
            "test_type": "UnitPoolCount",
            "unit_type_string0": "Air & Fighter",
            "compare0": ">=",
            "value0": 20
          },
          {
            "test_type": "CanProvideAirSupportWithPoolUnits",
            "string0": "fighter_attack",
            "string1": "WL_Air",
            "string2": "WL_Air",
            "unit_type_string0": "(Mobile | Structure) - Wall"
          }
        ],
        [
          {
            "test_type": "HasPersonalityTag",
            "string0": "uber",
            "boolean": true
          },
          {
            "test_type": "EnemyAirPresenceOnPlanet",
            "boolean": true
          },
          {
            "test_type": "PlanetHighestEnemyArmyThreat",
            "string0": "Air",
            "compare0": "<=",
            "value0": 3000
          },
          {
            "test_type": "UnitPoolCount",
            "unit_type_string0": "Air & Fighter",
            "compare0": ">=",
            "value0": 20
          },
          {
            "test_type": "CanProvideAirSupportWithPoolUnits",
            "string0": "fighter_attack",
            "string1": "WL_Air",
            "string2": "WL_Air",
            "unit_type_string0": "(Mobile | Structure) - Wall"
          }
        ]
      ],
      "task_type": "FighterAttack"
    },
    {
      "name": "Uber - Fighter Attack Platoon Huge",
      "to_build": "Fighter_Attack_Queller",
      "instance_count": -1,
      "priority": 101,
      "build_conditions": [
        [
          {
            "test_type": "HasPersonalityTag",
            "string0": "uber",
            "boolean": true
          },
          {
            "test_type": "EnemyAirPresenceOnPlanet",
            "boolean": true
          },
          {
            "test_type": "PlanetHighestEnemyArmyThreat",
            "string0": "AntiAir",
            "compare0": "<=",
            "value0": 3000
          },
          {
            "test_type": "UnitPoolCount",
            "unit_type_string0": "Air & Fighter",
            "compare0": ">=",
            "value0": 30
          },
          {
            "test_type": "CanAttackWithPoolUnitsFighter",
            "string0": "WL_Air",
            "string1": "WL_Air",
            "unit_type_string0": "(Mobile | Structure) - Wall"
          }
        ],
        [
          {
            "test_type": "HasPersonalityTag",
            "string0": "uber",
            "boolean": true
          },
          {
            "test_type": "EnemyAirPresenceOnPlanet",
            "boolean": true
          },
          {
            "test_type": "PlanetHighestEnemyArmyThreat",
            "string0": "Air",
            "compare0": "<=",
            "value0": 4500
          },
          {
            "test_type": "UnitPoolCount",
            "unit_type_string0": "Air & Fighter",
            "compare0": ">=",
            "value0": 30
          },
          {
            "test_type": "CanAttackWithPoolUnitsFighter",
            "string0": "WL_Air",
            "string1": "WL_Air",
            "unit_type_string0": "(Mobile | Structure) - Wall"
          }
        ],
        [
          {
            "test_type": "HasPersonalityTag",
            "string0": "uber",
            "boolean": true
          },
          {
            "test_type": "EnemyAirPresenceOnPlanet",
            "boolean": true
          },
          {
            "test_type": "PlanetHighestEnemyArmyThreat",
            "string0": "AntiAir",
            "compare0": "<=",
            "value0": 3000
          },
          {
            "test_type": "UnitPoolCount",
            "unit_type_string0": "Air & Fighter",
            "compare0": ">=",
            "value0": 30
          },
          {
            "test_type": "CanProvideAirSupportWithPoolUnits",
            "string0": "fighter_attack",
            "string1": "WL_Air",
            "string2": "WL_Air",
            "unit_type_string0": "(Mobile | Structure) - Wall"
          }
        ],
        [
          {
            "test_type": "HasPersonalityTag",
            "string0": "uber",
            "boolean": true
          },
          {
            "test_type": "EnemyAirPresenceOnPlanet",
            "boolean": true
          },
          {
            "test_type": "PlanetHighestEnemyArmyThreat",
            "string0": "Air",
            "compare0": "<=",
            "value0": 4500
          },
          {
            "test_type": "UnitPoolCount",
            "unit_type_string0": "Air & Fighter",
            "compare0": ">=",
            "value0": 30
          },
          {
            "test_type": "CanProvideAirSupportWithPoolUnits",
            "string0": "fighter_attack",
            "string1": "WL_Air",
            "string2": "WL_Air",
            "unit_type_string0": "(Mobile | Structure) - Wall"
          }
        ]
      ],
      "task_type": "FighterAttack"
    },
    {
      "name": "Uber - Fighter Attack Platoon Max",
      "to_build": "Fighter_Attack_Queller",
      "instance_count": -1,
      "priority": 100,
      "build_conditions": [
        [
          {
            "test_type": "HasPersonalityTag",
            "string0": "uber",
            "boolean": true
          },
          {
            "test_type": "EnemyAirPresenceOnPlanet",
            "boolean": true
          },
          {
            "test_type": "UnitPoolCount",
            "unit_type_string0": "Air & Fighter",
            "compare0": ">=",
            "value0": 40
          },
          {
            "test_type": "CanAttackWithPoolUnitsFighter",
            "string0": "WL_Air",
            "string1": "WL_Air",
            "unit_type_string0": "(Mobile | Structure) - Wall"
          }
        ],
        [
          {
            "test_type": "HasPersonalityTag",
            "string0": "uber",
            "boolean": true
          },
          {
            "test_type": "EnemyAirPresenceOnPlanet",
            "boolean": true
          },
          {
            "test_type": "UnitPoolCount",
            "unit_type_string0": "Air & Fighter",
            "compare0": ">=",
            "value0": 40
          },
          {
            "test_type": "CanProvideAirSupportWithPoolUnits",
            "string0": "fighter_attack",
            "string1": "WL_Air",
            "string2": "WL_Air",
            "unit_type_string0": "(Mobile | Structure) - Wall"
          }
        ]
      ],
      "task_type": "FighterAttack"
    }
  ]
}
