{
  "build_list": [
    {
      "name": "Uber - Orbital Ground Attack Platoon",
      "to_build": "Orbital_Ground_Attack_Queller",
      "instance_count": -1,
      "priority": 110,
      "build_conditions": [
        [
          {
            "test_type": "HasPersonalityTag",
            "string0": "uber",
            "boolean": true
          },
          {
            "test_type": "EnemySurfacePresenceOnPlanet",
            "boolean": true
          },
          {
            "test_type": "UnitPoolCount",
            "unit_type_string0": "Orbital & (LaserPlatform | Heavy) & Mobile - Titan",
            "compare0": ">=",
            "value0": 1
          },
          {
            "test_type": "CanAttackWithPoolUnits",
            "string0": "WL_AnySurface"
          }
        ]
      ],
      "task_type": "OrbitalLaserAttack"
    },
    {
      "name": "Uber - Orbital Fighter Attack Platoon",
      "to_build": "Orbital_Fighter_Attack_Queller",
      "instance_count": -1,
      "priority": 100,
      "build_conditions": [
        [
          {
            "test_type": "HasPersonalityTag",
            "string0": "uber",
            "boolean": true
          },
          {
            "test_type": "EnemyOrbitalPresenceOnPlanet",
            "boolean": true
          },
          {
            "test_type": "UnitPoolCount",
            "unit_type_string0": "Orbital & (Fighter - Heavy) & Mobile - Titan",
            "compare0": ">=",
            "value0": 1
          },
          {
            "test_type": "CanAttackWithPoolUnits",
            "string0": "WL_Orbital"
          }
        ]
      ],
      "task_type": "OrbitalFighterAttack"
    }
  ]
}
