{
  "base_spec": "/pa/units/land/base_structure/base_structure.json",
  "unit_name": "Advanced Laser Defense Tower",
  "display_name": "!LOC:Advanced Laser Defense Tower",
  "description": "!LOC:Advanced Turret - Equipped with direct fire anti-land, and anti-ship defenses.",
  "max_health": 4000,
  "build_metal_cost": 900,
  "atrophy_rate": 15.0,
  "atrophy_cool_down": 15.0,
  "spawn_layers": "WL_AnyHorizontalGroundOrWaterSurface",
  "unit_types": [
    "UNITTYPE_Structure",
    "UNITTYPE_Advanced",
    "UNITTYPE_Land",
    "UNITTYPE_SurfaceDefense",
    "UNITTYPE_Defense",
    "UNITTYPE_FabAdvBuild"
  ],
  "command_caps": [
    "ORDER_Attack"
  ],
  "guard_layer": "WL_AnySurface",
  "recon": {
    "observer": {
      "items": [
        {
          "layer": "surface_and_air",
          "channel": "sight",
          "shape": "capsule",
          "radius": 130
        },
        {
          "layer": "underwater",
          "channel": "sight",
          "shape": "capsule",
          "radius": 130
        }
      ]
    }
  },
  "model": [
    {
      "layer": "WL_LandHorizontal",
      "filename": "/pa/units/land/laser_defense_adv/laser_defense_adv.papa",
      "animtree": "/pa/anim/anim_trees/defense_turret_adv_anim_tree.json",
      "skirt_decal": "/pa/effects/specs/skirt_defense_adv.json"
    },
    {
      "layer": "WL_WaterSurface",
      "filename": "/pa/units/sea/floating_laser_adv/floating_laser_adv.papa",
      "animtree": "/pa/anim/anim_trees/defense_turret_adv_anim_tree.json"
    }
  ],
  "tools": [
    {
      "spec_id": "/pa/units/land/laser_defense_adv/laser_defense_adv_tool_weapon.json",
      "aim_bone": "bone_pitch",
      "muzzle_bone": [
        "socket_rightMuzzle",
        "socket_centerMuzzle",
        "socket_leftMuzzle"
      ]
    }
  ],
  "events": {
    "build_complete": {
      "audio_cue": "/SE/Build_Complete/structure_small"
    },
    "fired": {
      "audio_cue": "/SE/Weapons/structure/laser_defense_ADV_fire",
      "effect_spec": "/pa/units/land/laser_defense_adv/laser_defense_adv_muzzle_flash.pfx socket_leftMuzzle /pa/units/land/laser_defense_adv/laser_defense_adv_muzzle_flash.pfx socket_centerMuzzle /pa/units/land/laser_defense_adv/laser_defense_adv_muzzle_flash.pfx socket_rightMuzzle"
    },
    "died": {
      "audio_cue": "/SE/Death/structure_small",
      "effect_scale": 0.75
    }
  },
  "selection_icon": {
    "diameter": 15.0
  },
  "mesh_bounds": [
    8,
    8,
    23
  ],
  "area_build_separation": 18,
  "TEMP_texelinfo": 15.3609
}