{
  "base_spec": "/pa/ammo/base_laser_blast/base_laser_blast.json",
  "damage": 150,
  "splash_damage": 0,
  "splash_radius": 0,
  "initial_velocity": 500.0,
  "max_velocity": 500.0,
  "lifetime": 2,
  "fx_trail": {
    "offset": [
      0.0,
      0.0,
      0.0
    ],
    "filename": "/pa/units/land/laser_defense_adv/laser_defense_adv_ammo_trail.pfx"
  },
  "events": {
    "died": {
      "audio_cue": "/SE/Impacts/laser_blast",
      "effect_spec": "/pa/units/land/laser_defense_adv/laser_defense_adv_ammo_hit.pfx"
    }
  }
}