{
  "build_list": [
    {
      "name": "Silver - Bomber-Gunship Attack Platoon",
      "to_build": "BomberGunship_Attack_Queller",
      "instance_count": -1,
      "priority": 103,
      "build_conditions": [
        [
          {
            "test_type": "HasPersonalityTag",
            "string0": "silver",
            "boolean": true
          },
          {
            "test_type": "EnemySurfacePresenceOnPlanet",
            "boolean": true
          },
          {
            "test_type": "UnitPoolCount",
            "unit_type_string0": "Air & Mobile & Offense - Titan",
            "compare0": ">=",
            "value0": 10
          },
          {
            "test_type": "UnitPoolCount",
            "unit_type_string0": "Air & Mobile & Offense - MissileDefense - Fighter - SelfDestruct - Titan",
            "compare0": ">=",
            "value0": 1
          },
          {
            "test_type": "CanAttackWithPoolUnitsBomber",
            "string0": "WL_AnySurface",
            "string1": "WL_Air",
            "unit_type_string0": "(Mobile | Structure) - Wall"
          }
        ]
      ],
      "task_type": "BomberAttack"
    },
    {
      "name": "Silver - Fighter Attack Platoon",
      "to_build": "Fighter_Attack_Queller",
      "instance_count": -1,
      "priority": 103,
      "build_conditions": [
        [
          {
            "test_type": "HasPersonalityTag",
            "string0": "silver",
            "boolean": true
          },
          {
            "test_type": "EnemyAirPresenceOnPlanet",
            "boolean": true
          },
          {
            "test_type": "UnitPoolCount",
            "unit_type_string0": "Air & Fighter",
            "compare0": ">=",
            "value0": 10
          },
          {
            "test_type": "CanAttackWithPoolUnitsFighter",
            "string0": "WL_Air",
            "string1": "WL_Air",
            "unit_type_string0": "(Mobile | Structure) - Wall"
          }
        ],
        [
          {
            "test_type": "HasPersonalityTag",
            "string0": "silver",
            "boolean": true
          },
          {
            "test_type": "EnemyAirPresenceOnPlanet",
            "boolean": true
          },
          {
            "test_type": "UnitPoolCount",
            "unit_type_string0": "Air & Fighter",
            "compare0": ">=",
            "value0": 10
          },
          {
            "test_type": "CanProvideAirSupportWithPoolUnits",
            "string0": "fighter_attack",
            "string1": "WL_Air",
            "string2": "WL_Air",
            "unit_type_string0": "(Mobile | Structure) - Wall"
          }
        ]
      ],
      "task_type": "FighterAttack"
    }
  ]
}
