{
  "build_list": [
    {
      "name": "Silver - Offensive Air Scout Platoon",
      "to_build": "Offensive_Air_Scout_Queller",
      "instance_count": 1,
      "priority": 200,
      "build_conditions": [
        [
          {
            "test_type": "HasPersonalityTag",
            "string0": "silver",
            "boolean": true
          },
          {
            "test_type": "HaveFullPlanetIntel",
            "boolean": false
          },
          {
            "test_type": "UnitPoolCount",
            "unit_type_string0": "Air & (Fighter | Scout)",
            "compare0": ">=",
            "value0": 1
          }
        ]
      ],
      "task_type": "Scout"
    },
    {
      "name": "Silver - Land Scout Platoon",
      "to_build": "Land_Attack_Medium_Queller",
      "instance_count": 1,
      "priority": 200,
      "build_conditions": [
        [
          {
            "test_type": "HasPersonalityTag",
            "string0": "silver",
            "boolean": true
          },
          {
            "test_type": "HaveFullPlanetIntel",
            "boolean": false
          },
          {
            "test_type": "UnitPoolCount",
            "unit_type_string0": "(Land & Mobile) - Fabber - AirDefense - Construction",
            "compare0": ">=",
            "value0": 4
          }
        ]
      ],
      "task_type": "Scout"
    },
    {
      "name": "Silver - Naval Scout Platoon",
      "to_build": "Naval_Attack_Queller",
      "instance_count": 1,
      "priority": 90,
      "build_conditions": [
        [
          {
            "test_type": "HasPersonalityTag",
            "string0": "silver",
            "boolean": true
          },
          {
            "test_type": "HaveFullPlanetIntel",
            "boolean": false
          },
          {
            "test_type": "UnitPoolCount",
            "unit_type_string0": "(Naval & Mobile & Offense) - Hover - Fabber - (AirDefense & Custom1) - Construction",
            "compare0": ">=",
            "value0": 3
          }
        ]
      ],
      "task_type": "Scout"
    },
    {
      "name": "Silver - Orbital Recon Platoon",
      "to_build": "Orbital_Scout_Queller",
      "instance_count": -1,
      "priority": 200,
      "build_conditions": [
        [
          {
            "test_type": "HasPersonalityTag",
            "string0": "silver",
            "boolean": true
          },
          {
            "test_type": "PlanetIsGasGiant",
            "boolean": false
          },
          {
            "test_type": "UnitPoolCount",
            "unit_type_string0": "Orbital & (Recon | Scout) & Mobile",
            "compare0": ">=",
            "value0": 1
          }
        ]
      ],
      "task_type": "OrbitalRecon"
    }
  ]
}
