{
  "build_list": [
    {
      "name": "Legion - Bronze - Fabrication Starship",
      "to_build": "LegionOrbitalBasicFabber",
      "instance_count": 1,
      "max_num_assisters": 10,
      "priority": 97,
      "builders": ["AnyLegionFactoryOrbital"],
      "build_conditions": [
        [
          {
            "test_type": "HasPersonalityTag",
            "string0": "bronze",
            "boolean": true
          },
          {
            "test_type": "BaseThreat",
            "string0": "Orbital",
            "compare0": "<=",
            "value0": 0
          },
          {
            "test_type": "UnitCountOnPlanet",
            "unit_type_string0": "Orbital & Fabber",
            "compare0": "<",
            "value0": 2
          }
        ],
        [
          {
            "test_type": "HasPersonalityTag",
            "string0": "bronze",
            "boolean": true
          },
          {
            "test_type": "PlanetCount",
            "compare0": ">",
            "value0": 1
          },
          {
            "test_type": "CanAffordPotentialDrain",
            "string0": "LegionOrbitalBasicFabber"
          },
          {
            "test_type": "BaseThreat",
            "string0": "Orbital",
            "compare0": "<=",
            "value0": 0
          },
          {
            "test_type": "UnitRatioOnPlanet",
            "unit_type_string0": "Fabber & Orbital",
            "unit_type_string1": "Factory & Orbital",
            "compare0": "<",
            "value0": 5
          }
        ]
      ]
    },
    {
      "name": "Legion - Bronze - Sputnik - This Planet",
      "to_build": "LegionOrbitalBasicRadar",
      "instance_count": 1,
      "max_num_assisters": 10,
      "priority": 97,
      "builders": ["AnyLegionFactoryOrbital"],
      "build_conditions": [
        [
          {
            "test_type": "HasPersonalityTag",
            "string0": "bronze",
            "boolean": true
          },
          {
            "test_type": "ThisPlanetNeedsReconAssistance",
            "boolean": true
          },
          {
            "test_type": "BaseThreat",
            "string0": "Orbital",
            "compare0": "<=",
            "value0": 0
          }
        ]
      ]
    },
    {
      "name": "Legion - Bronze - Sputnik - Other Planet",
      "to_build": "LegionOrbitalBasicRadar",
      "instance_count": 1,
      "shared_instance_count": "ReconAssistance",
      "max_num_assisters": 10,
      "priority": 97,
      "builders": ["AnyLegionFactoryOrbital"],
      "build_conditions": [
        [
          {
            "test_type": "HasPersonalityTag",
            "string0": "bronze",
            "boolean": true
          },
          {
            "test_type": "OtherPlanetNeedsReconAssistance",
            "boolean": true
          },
          {
            "test_type": "BaseThreat",
            "string0": "Orbital",
            "compare0": "<=",
            "value0": 0
          }
        ]
      ]
    },
    {
      "name": "Legion - Bronze - Spectre - This Planet",
      "to_build": "LegionOrbitalBasicScout",
      "instance_count": 1,
      "priority": 97,
      "builders": ["AnyLegionFactoryOrbital"],
      "build_conditions": [
        [
          {
            "test_type": "HasPersonalityTag",
            "string0": "bronze",
            "boolean": true
          },
          {
            "test_type": "ThisPlanetNeedsReconAssistance",
            "boolean": true
          },
          {
            "test_type": "BaseThreat",
            "string0": "Orbital",
            "compare0": "<=",
            "value0": 0
          }
        ]
      ]
    },
    {
      "name": "Legion - Bronze - Spectre - Other Planet",
      "to_build": "LegionOrbitalBasicScout",
      "instance_count": 1,
      "shared_instance_count": "ReconAssistance",
      "priority": 97,
      "builders": ["AnyLegionFactoryOrbital"],
      "build_conditions": [
        [
          {
            "test_type": "HasPersonalityTag",
            "string0": "bronze",
            "boolean": true
          },
          {
            "test_type": "OtherPlanetNeedsReconAssistance",
            "boolean": true
          },
          {
            "test_type": "BaseThreat",
            "string0": "Orbital",
            "compare0": "<=",
            "value0": 0
          }
        ]
      ]
    },
    {
      "name": "Legion - Bronze - Viper",
      "to_build": "LegionOrbitalBasicFighter",
      "instance_count": -1,
      "max_num_assisters": 10,
      "priority": 97,
      "builders": ["AnyLegionFactoryOrbital"],
      "build_conditions": [
        [
          {
            "test_type": "HasPersonalityTag",
            "string0": "bronze",
            "boolean": true
          }
        ]
      ]
    },
    {
      "name": "Legion - Bronze - Chariot",
      "to_build": "LegionOrbitalBasicTransport",
      "instance_count": 1,
      "max_num_assisters": 10,
      "priority": 0,
      "builders": ["AnyLegionFactoryOrbital"],
      "build_conditions": [
        [
          {
            "test_type": "HasPersonalityTag",
            "string0": "bronze",
            "boolean": true
          },
          {
            "test_type": "PlanetWithoutPresence",
            "boolean": true
          },
          {
            "test_type": "PlanetIsGasGiant",
            "boolean": false
          },
          {
            "test_type": "BaseThreat",
            "string0": "Orbital",
            "compare0": "<=",
            "value0": 0
          },
          {
            "test_type": "UnitCountOnPlanet",
            "unit_type_string0": "Orbital & Transport",
            "compare0": "<",
            "value0": 1
          }
        ]
      ]
    },
    {
      "name": "Legion - Bronze - Black Knight",
      "to_build": "LegionOrbitalAdvancedLaser",
      "instance_count": -1,
      "max_num_assisters": 10,
      "priority": 97,
      "builders": ["LegionFactoryAdvancedOrbital"],
      "build_conditions": [
        [
          {
            "test_type": "HasPersonalityTag",
            "string0": "bronze",
            "boolean": true
          },
          {
            "test_type": "BaseThreat",
            "string0": "Orbital",
            "compare0": "<=",
            "value0": 0
          }
        ]
      ]
    },
    {
      "name": "Legion - Bronze - Kosmos - This Planet",
      "to_build": "LegionOrbitalAdvancedRadar",
      "instance_count": 1,
      "max_num_assisters": 10,
      "priority": 97,
      "builders": ["LegionFactoryAdvancedOrbital"],
      "build_conditions": [
        [
          {
            "test_type": "HasPersonalityTag",
            "string0": "bronze",
            "boolean": true
          },
          {
            "test_type": "ThisPlanetNeedsReconAssistance",
            "boolean": true
          },
          {
            "test_type": "BaseThreat",
            "string0": "Orbital",
            "compare0": "<=",
            "value0": 0
          }
        ]
      ]
    },
    {
      "name": "Legion - Bronze - Kosmos - Other Planet",
      "to_build": "LegionOrbitalAdvancedRadar",
      "instance_count": 1,
      "shared_instance_count": "ReconAssistance",
      "max_num_assisters": 10,
      "priority": 97,
      "builders": ["LegionFactoryAdvancedOrbital"],
      "build_conditions": [
        [
          {
            "test_type": "HasPersonalityTag",
            "string0": "bronze",
            "boolean": true
          },
          {
            "test_type": "OtherPlanetNeedsReconAssistance",
            "boolean": true
          },
          {
            "test_type": "BaseThreat",
            "string0": "Orbital",
            "compare0": "<=",
            "value0": 0
          }
        ]
      ]
    },
    {
      "name": "Legion - Bronze - Excalibur",
      "to_build": "LegionOrbitalAdvancedSniper",
      "instance_count": -1,
      "max_num_assisters": 5,
      "priority": 97,
      "builders": ["LegionFactoryAdvancedOrbital"],
      "build_conditions": [
        [
          {
            "test_type": "HasPersonalityTag",
            "string0": "bronze",
            "boolean": true
          }
        ]
      ]
    },
    {
      "name": "Legion - Bronze - Imperator",
      "to_build": "LegionOrbitalAdvancedBattleship",
      "instance_count": -1,
      "max_num_assisters": 5,
      "priority": 97,
      "builders": ["LegionFactoryAdvancedOrbital"],
      "build_conditions": [
        [
          {
            "test_type": "HasPersonalityTag",
            "string0": "bronze",
            "boolean": true
          }
        ]
      ]
    }
  ]
}
