{
  "build_list": [
    {
      "name": "Legion - Bronze - Peacekeeper - Starcannon",
      "to_build": "LegionBotBasicAssault",
      "instance_count": -1,
      "max_num_assisters": 10,
      "priority": 97,
      "builders": ["LegionOrbitalAdvancedCannon"],
      "build_conditions": [
        [
          {
            "test_type": "HasPersonalityTag",
            "string0": "bronze",
            "boolean": true
          }
        ]
      ]
    },
    {
      "name": "Legion - Bronze - Lancer - Starcannon",
      "to_build": "LegionBotBasicSniper",
      "instance_count": -1,
      "max_num_assisters": 10,
      "priority": 97,
      "builders": ["LegionFactoryBasicBot", "LegionOrbitalAdvancedCannon"],
      "build_conditions": [
        [
          {
            "test_type": "HasPersonalityTag",
            "string0": "bronze",
            "boolean": true
          }
        ]
      ]
    },
    {
      "name": "Legion - Bronze - Orbweaver - Starcannon",
      "to_build": "LegionBotAdvancedAA",
      "instance_count": -1,
      "max_num_assisters": 10,
      "priority": 97,
      "builders": ["LegionOrbitalAdvancedCannon"],
      "build_conditions": [
        [
          {
            "test_type": "HasPersonalityTag",
            "string0": "bronze",
            "boolean": true
          },
          {
            "test_type": "UnitRatioOnPlanet",
            "unit_type_string0": "Land & Mobile & AirDefense",
            "unit_type_string1": "Land & Mobile & Offense - Deconstruction - Fabber",
            "compare0": "<",
            "value0": 0.2
          }
        ]
      ]
    },
    {
      "name": "Legion - Bronze - Guardian - Starcannon",
      "to_build": "LegionVehicleBasicCFab",
      "instance_count": 1,
      "priority": 97,
      "builders": ["LegionOrbitalAdvancedCannon"],
      "build_conditions": [
        [
          {
            "test_type": "HasPersonalityTag",
            "string0": "bronze",
            "boolean": true
          },
          {
            "test_type": "UnitRatioOnPlanet",
            "unit_type_string0": "Land & Mobile & (Construction | Scout) - Fabber",
            "unit_type_string1": "Land & Mobile & Offense",
            "compare0": "<",
            "value0": 0.05
          }
        ]
      ]
    },
    {
      "name": "Legion - Bronze - Shank - Starcannon",
      "to_build": "LegionVehicleBasicLaser",
      "instance_count": -1,
      "max_num_assisters": 10,
      "priority": 97,
      "builders": ["LegionOrbitalAdvancedCannon"],
      "build_conditions": [
        [
          {
            "test_type": "HasPersonalityTag",
            "string0": "bronze",
            "boolean": true
          }
        ]
      ]
    },
    {
      "name": "Legion - Bronze - Corsair - Starcannon",
      "to_build": "LegionVehicleBasicArtillery",
      "instance_count": -1,
      "max_num_assisters": 10,
      "priority": 97,
      "builders": ["LegionFactoryBasicVehicle", "LegionOrbitalAdvancedCannon"],
      "build_conditions": [
        [
          {
            "test_type": "HasPersonalityTag",
            "string0": "bronze",
            "boolean": true
          }
        ]
      ]
    },
    {
      "name": "Legion - Bronze - Stoke",
      "to_build": "LegionVehicleBasicHover",
      "instance_count": -1,
      "max_num_assisters": 10,
      "priority": 97,
      "builders": ["LegionOrbitalAdvancedCannon"],
      "build_conditions": [
        [
          {
            "test_type": "HasPersonalityTag",
            "string0": "bronze",
            "boolean": true
          }
        ]
      ]
    },
    {
      "name": "Legion - Bronze - Scorpion - Starcannon",
      "to_build": "LegionVehicleAdvancedLaser",
      "instance_count": -1,
      "max_num_assisters": 10,
      "priority": 97,
      "builders": ["LegionOrbitalAdvancedCannon"],
      "build_conditions": [
        [
          {
            "test_type": "HasPersonalityTag",
            "string0": "bronze",
            "boolean": true
          }
        ]
      ]
    }
  ]
}
