{
  "display_name": "!LOC:Manta",
  "description": "!LOC:Advanced Frigate- Long range. High damage. Attacks land, air, sea, and orbital targets.",
  "TEMP_texelinfo": 30.5603,
  "audio": {
    "loops": {
      "move": {
        "cue": "/SE/Movement/sea/T2_missile_ship_loop",
        "flag": "vel_changed",
        "should_start_func": "is_moving",
        "should_stop_func": "is_not_moving"
      }
    },
    "selection_response": {
      "cue": "/SE/Selection/sea/sea_large"
    }
  },
  "base_spec": "/pa/units/sea/base_ship/base_ship.json",
  "build_metal_cost": 3750,
  "events": {
    "fired0": {
      "audio_cue": "/SE/Weapons/structure/air_defense_fire",
      "effect_scale": 0.5,
      "effect_spec": "/pa/effects/specs/default_muzzle_flash.pfx muzzle001 /pa/effects/specs/bullet_shells.pfx muzzle001 /pa/effects/specs/default_muzzle_flash.pfx muzzle002 /pa/effects/specs/bullet_shells.pfx muzzle002"
    },
    "fired1": {
      "audio_cue": "/SE/Weapons/structure/air_defense_fire",
      "effect_scale": 0.5,
      "effect_spec": "/pa/effects/specs/default_muzzle_flash.pfx muzzle003 /pa/effects/specs/bullet_shells.pfx muzzle003 /pa/effects/specs/default_muzzle_flash.pfx muzzle004 /pa/effects/specs/bullet_shells.pfx muzzle004"
    }
  },
  "guard_layer": "WL_AnySurface",
  "max_health": 3500,
  "mesh_bounds": [
    7,
    32,
    7
  ],
  "model": {
    "animations": {
      "deploy": "/pa/units/sea/l_missile_ship/l_missile_ship_deploy.papa",
      "open": "/pa/units/sea/l_missile_ship/l_missile_ship_open.papa"
    },
    "animtree": "/pa/anim/anim_trees/l_missile_ship_anim_tree.json",
    "filename": "/pa/units/sea/l_missile_ship/l_missile_ship.papa"
  },
  "navigation": {
    "acceleration": 30,
    "brake": 80,
    "move_speed": 11,
    "turn_accel": 15,
    "turn_speed": 45
  },
  "nearby_target_tick_update_interval": 20,
  "physics": {
    "radius": 3
  },
  "recon": {
    "observer": {
      "items": [
        {
          "channel": "sight",
          "layer": "surface_and_air",
          "radius": 200,
          "shape": "capsule"
        },
        {
          "channel": "sight",
          "layer": "underwater",
          "radius": 200,
          "shape": "capsule"
        }
      ]
    }
  },
  "selection_icon": {
    "diameter": -32
  },
  "tools": [
    {
      "aim_bone": "pitch001",
      "fire_event": "fired0",
      "muzzle_bone": [
        "muzzle001",
        "muzzle002"
      ],
      "projectiles_per_fire": 2,
      "record_index": 0,
      "spec_id": "/pa/units/sea/l_missile_ship/l_missile_ship_light_tool_weapon.json"
    },
    {
      "aim_bone": "pitch003",
      "fire_event": "fired1",
      "muzzle_bone": [
        "muzzle003",
        "muzzle004"
      ],
      "projectiles_per_fire": 2,
      "record_index": 1,
      "spec_id": "/pa/units/sea/l_missile_ship/l_missile_ship_light_tool_weapon.json"
    },
    {
      "aim_bone": "pitch001",
      "muzzle_bone": [
        "muzzle001",
        "muzzle002"
      ],
      "projectiles_per_fire": 2,
      "spec_id": "/pa/units/sea/l_missile_ship/l_missile_ship_beam_tool_weapon.json"
    },
    {
      "aim_bone": "pitch003",
      "muzzle_bone": [
        "muzzle003",
        "muzzle004"
      ],
      "projectiles_per_fire": 2,
      "spec_id": "/pa/units/sea/l_missile_ship/l_missile_ship_beam_tool_weapon.json"
    },
    {
      "aim_bone": "rocket002",
      "fire_event": "fired4",
      "muzzle_bone": [
        "rocket001",
        "rocket002",
        "rocket003"
      ],
      "record_index": 5,
      "spec_id": "/pa/units/sea/l_missile_ship/l_missile_ship_rocket_tool_weapon.json"
    },
    {
      "aim_bone": "rocket002",
      "fire_event": "fired5",
      "muzzle_bone": [
        "rocket001",
        "rocket002",
        "rocket003"
      ],
      "record_index": 5,
      "spec_id": "/pa/units/sea/l_missile_ship/l_missile_ship_antiuc_tool_weapon.json"
    }
  ],
  "unit_types": [
    "UNITTYPE_Naval",
    "UNITTYPE_Mobile",
    "UNITTYPE_Offense",
    "UNITTYPE_Advanced",
    "UNITTYPE_Tactical",
    "UNITTYPE_FactoryBuild",
    "UNITTYPE_Custom1"
  ]
}
