{
  "ammo_capacity": 5,
  "ammo_demand": 1,
  "ammo_id": "/pa/units/sea/l_missile_ship/l_missile_ship_rocket_ammo.json",
  "ammo_per_shot": 1,
  "ammo_source": "time",
  "auto_attack": true,
  "base_spec": "/pa/tools/base_missile_tactical_turret/base_missile_tactical_turret.json",
  "carpet_fire": true,
  "carpet_wait_for_full_ammo": true,
  "firing_arc_pitch": 360,
  "firing_arc_yaw": 360,
  "max_range": 260,
  "pitch_range": 0,
  "pitch_rate": 0,
  "rate_of_fire": 3,
  "spread_fire": true,
  "target_layers": [
    "WL_LandHorizontal",
    "WL_WaterSurface",
    "Orbital"
  ],
  "tool_type": "TOOL_Weapon",
  "yaw_range": 0,
  "yaw_rate": 0
}
