{
  "ammo_type": "PBAOE",
  "armor_damage_map": {
    "AT_Air": 0.0,
    "AT_Orbital": 0.0
  },
  "burn_damage": 200,
  "burn_radius": 70,
  "damage": 1200,
  "damage_volume": {
    "delay": 0,
    "initial_radius": 15,
    "radius_accel": 0,
    "radius_velocity": 95
  },
  "death": {
    "decals": [
      "/pa/effects/specs/scorch_b_01.json"
    ]
  },
  "full_damage_splash_radius": 15,
  "sim_fire_effect": "/pa/units/land/l_tank_heavy_armor/l_tank_heavy_armor_shake.json",
  "splash_damage": 400,
  "splash_damages_allies": false,
  "splash_radius": 55
}
