{
  "base_spec": "/pa/ammo/torpedo/torpedo.json",
  "damage": 250,
  "splash_damage": 250,
  "splash_radius": 10,
  "full_damage_splash_radius": 1,
  "splash_damages_allies": false,
  "initial_velocity": 5.0,
  "max_velocity": 50.0,
  "lifetime": 5,
  "turn_rate": 180,
  "model": {
    "filename": "/pa/units/sea/torpedo/torpedo.papa"
  },
  "events": {
    "died": {
      "effect_spec": "/pa/effects/specs/default_proj_explosion.pfx"
    }
  },
  "fx_trail": {
    "filename": "/pa/units/sea/destroyer/destroyer_torpedo_ammo_trail.pfx",
    "offset": [
      0.0,
      0.8,
      0.0
    ]
  }
}