{
  "base_spec": "/pa/ammo/base_shell/base_shell.json",
  "damage": 50,
  "splash_damage": 0,
  "splash_radius": 0,
  "initial_velocity": 170.0,
  "max_velocity": 170.0,
  "lifetime": 2,
  "fx_trail": {
    "filename": "/pa/units/sea/destroyer/destroyer_ammo_trail.pfx"
  },
  "events": {
    "died": {
      "audio_cue": "/SE/Impacts/missile_destroyer",
      "effect_spec": "/pa/units/sea/destroyer/destroyer_ammo_hit.pfx"
    }
  },
  "physics": {
    "radius": 1,
    "gravity_scalar": 7,
    "add_to_spatial_db": false,
    "allow_underground": true
  }
}