{
    "context": "client",
    "identifier": "com.pa.client.mirolog.boom",
    "display_name": "Bigger Explosions",
    "description": "Bigger explosions for units/buildings/nukes, effects for titans",
    "author": "mirolog",
    "version": "2.6.114220",
    "build": "114220",
    "date": "2020-05-12",
    "signature": "not yet implemented",
    "forum": "https://forums.planetaryannihilation.com/threads/rel-client-bigger-explosions.71345/",
    "icon": "http://i.imgur.com/rbz9CbH.jpg",
    "priority": 100,
    "url": "https://github.com/planetary-annihilation-mods/com.pa.client.mirolog.boom/archive/master.zip",
    "download": "https://cdn.palobby.com/community-mods/downloads/com.pa.client.mirolog.boom.zip",
    "unitList": false,
    "fileSystem": false,
    "searchable": [
        "bigger",
        "explosions",
        "shader",
        "effects",
        "mirolog"
    ],
    "sort": "bigger explosions",
    "authors": [
        "mirolog"
    ],
    "timestamp": 1589241600000,
    "dependencies": [],
    "companions": [],
    "scenes": {},
    "framework": false,
    "available": true,
    "enabled": true,
    "titansOnly": false,
    "classicOnly": false,
    "classic": false,
    "titans": false,
    "conflicts": {}
}