{
    "context": "server",
    "identifier": "com.pa.quitch.qAIModCompatibilityPatch",
    "display_name": "AI Mod Compatibility Framework",
    "description": "A framework to support third party AIs and factions running alongside the vanilla AI.",
    "author": "Quitch",
    "version": "1.8.1",
    "build": "113953",
    "date": "2020-01-17",
    "signature": " ",
    "forum": "https://forums.planetaryannihilation.com/threads/rel-titans-server-ai-mod-compatibility-framework.70782/",
    "icon": "https://i.imgur.com/NcxsYms.jpg",
    "scenes": {
        "new_game": [
            "coui://ui/mods/com.pa.quitch.qAIModCompatibilityPatch/new_game.js"
        ]
    },
    "framework": true,
    "priority": 100,
    "titansOnly": true,
    "url": "https://github.com/Quitch/AI-Mod-Compatibility-Patch/archive/master.zip",
    "download": "https://cdn.palobby.com/community-mods/downloads/com.pa.quitch.qAIModCompatibilityPatch.zip",
    "unitList": false,
    "fileSystem": false,
    "searchable": [
        "ai",
        "mod",
        "compatibility",
        "framework",
        "titans",
        "quitch"
    ],
    "sort": "ai mod compatibility framework",
    "authors": [
        "Quitch"
    ],
    "timestamp": 1579219200000,
    "dependencies": [],
    "companions": [],
    "available": true,
    "enabled": true,
    "classicOnly": false,
    "classic": false,
    "titans": true,
    "conflicts": {}
}