{
  "base_spec": "/pa/ammo/base_bullet/base_bullet.json",
  "fx_trail": {
    "offset": [
      0.0,
      0.0,
      0.0
    ],
    "filename": "/pa/units/air/strafer/strafer_ammo_trail.pfx"
  },
  "flight_type": "Direct",
  "physics": {
    "type": "Projectile",
    "radius": 1,
    "ignore_gravity": true,
    "add_to_spatial_db": false,
    "allow_underground": true
  },
  "damage": 10,
  "splash_damage": 0,
  "splash_radius": 0,
  "initial_velocity": 150.0,
  "max_velocity": 150.0,
  "lifetime": 2,
  "armor_damage_map": {
    "AT_Air": 0.5
  },
  "events": {
    "died": {
      "effect_spec": "/pa/units/air/strafer/strafer_ammo_hit.pfx"
    }
  }
}