{
  "build_list": [
    {
      "name": "Legion - Platinum - Fabrication Walker",
      "to_build": "LegionBotBasicFabber",
      "instance_count": 1,
      "max_num_assisters": 10,
      "priority": 100,
      "builders": ["LegionFactoryBasicBot"],
      "build_conditions": [
        [
          {
            "test_type": "HasPersonalityTag",
            "string0": "platinum",
            "boolean": true
          },
          {
            "test_type": "BaseThreatened",
            "boolean": false
          },
          {
            "test_type": "MetMinBasicFabberCount",
            "boolean": false
          }
        ],
        [
          {
            "test_type": "HasPersonalityTag",
            "string0": "platinum",
            "boolean": true
          },
          {
            "test_type": "BaseThreatened",
            "boolean": false
          },
          {
            "test_type": "AloneOnPlanet",
            "boolean": false
          },
          {
            "test_type": "CanDeployLandFromBase",
            "boolean": true
          },
          {
            "test_type": "CanAffordPotentialDrain",
            "string0": "LegionBotBasicFabber"
          },
          {
            "test_type": "UnitRatioOnPlanet",
            "unit_type_string0": "Fabber & Basic & Land",
            "unit_type_string1": "Factory & Basic & Land",
            "compare0": "<",
            "value0": 1
          }
        ],
        [
          {
            "test_type": "HasPersonalityTag",
            "string0": "platinum",
            "boolean": true
          },
          {
            "test_type": "AloneOnPlanet",
            "boolean": true
          },
          {
            "test_type": "CanAffordPotentialDrain",
            "string0": "LegionBotBasicFabber"
          },
          {
            "test_type": "UnitCountPerPlanetRadius",
            "unit_type_string0": "Fabber & Basic",
            "compare0": "<",
            "value0": 25
          }
        ]
      ]
    },
    {
      "name": "Legion - Platinum - Investigator - Intel",
      "to_build": "LegionBotBasicScout",
      "instance_count": 1,
      "max_num_assisters": 10,
      "shared_instance_count": "LandScout",
      "priority": 99,
      "builders": ["LegionFactoryBasicBot"],
      "build_conditions": [
        [
          {
            "test_type": "HasPersonalityTag",
            "string0": "platinum",
            "boolean": true
          },
          {
            "test_type": "BaseThreatened",
            "boolean": false
          },
          {
            "test_type": "HaveFullPlanetIntel",
            "boolean": false
          },
          {
            "test_type": "UnitCountPerPlanetRadius",
            "unit_type_string0": "Scout - Naval",
            "compare0": "<",
            "value0": 300
          }
        ],
        [
          {
            "test_type": "HasPersonalityTag",
            "string0": "platinum",
            "boolean": true
          },
          {
            "test_type": "BaseThreatened",
            "boolean": false
          },
          {
            "test_type": "OtherPlanetNeedsReconAssistance",
            "boolean": true
          },
          {
            "test_type": "OtherPlanetCanReceiveLandUnitAssistance",
            "boolean": true
          },
          {
            "test_type": "OtherPlanetNeedsLandUnitAssistance",
            "boolean": true
          },
          {
            "test_type": "CanProvideLandUnitAssistance",
            "boolean": true
          },
          {
            "test_type": "UnitCountOnPlanet",
            "unit_type_string0": "Land & Scout",
            "compare0": "<",
            "value0": 1
          }
        ]
      ]
    },
    {
      "name": "Legion - Platinum - Investigator - Minesweeper",
      "to_build": "LegionBotBasicScout",
      "instance_count": 1,
      "max_num_assisters": 10,
      "priority": 97,
      "builders": ["LegionFactoryBasicBot"],
      "build_conditions": [
        [
          {
            "test_type": "HasPersonalityTag",
            "string0": "platinum",
            "boolean": true
          },
          {
            "test_type": "AloneOnPlanet",
            "boolean": false
          },
          {
            "test_type": "BaseThreatened",
            "boolean": false
          },
          {
            "test_type": "HaveSeenEnemyUnits",
            "unit_type_string0": "((Construction & Mobile) - Fabber - Commander) | (CombatFabBuild & Defense)",
            "boolean": true
          },
          {
            "test_type": "UnitRatioOnPlanet",
            "unit_type_string0": "Land & Mobile & (Construction | Scout) - Fabber",
            "unit_type_string1": "Land & Mobile & Offense",
            "compare0": "<",
            "value0": 0.02
          }
        ]
      ]
    },
    {
      "name": "Legion - Platinum - Peacekeeper",
      "to_build": "LegionBotBasicAssault",
      "instance_count": -1,
      "max_num_assisters": 10,
      "priority": 97,
      "builders": ["LegionFactoryBasicBot"],
      "build_conditions": [
        [
          {
            "test_type": "HasPersonalityTag",
            "string0": "platinum",
            "boolean": true
          },
          {
            "test_type": "AloneOnPlanet",
            "boolean": false
          }
        ],
        [
          {
            "test_type": "HasPersonalityTag",
            "string0": "platinum",
            "boolean": true
          },
          {
            "test_type": "AloneOnPlanet",
            "boolean": true
          },
          {
            "test_type": "OtherPlanetCanReceiveLandUnitAssistance",
            "boolean": true
          },
          {
            "test_type": "OtherPlanetNeedsLandUnitAssistance",
            "boolean": true
          }
        ]
      ]
    },
    {
      "name": "Legion - Platinum - Lancer",
      "to_build": "LegionBotBasicSniper",
      "instance_count": -1,
      "max_num_assisters": 10,
      "priority": 97,
      "builders": ["LegionFactoryBasicBot"],
      "build_conditions": [
        [
          {
            "test_type": "HasPersonalityTag",
            "string0": "platinum",
            "boolean": true
          },
          {
            "test_type": "AloneOnPlanet",
            "boolean": false
          },
          {
            "test_type": "CanDeployLandFromBase",
            "boolean": true
          }
        ],
        [
          {
            "test_type": "HasPersonalityTag",
            "string0": "platinum",
            "boolean": true
          },
          {
            "test_type": "AloneOnPlanet",
            "boolean": true
          },
          {
            "test_type": "OtherPlanetCanReceiveLandUnitAssistance",
            "boolean": true
          },
          {
            "test_type": "OtherPlanetNeedsLandUnitAssistance",
            "boolean": true
          }
        ]
      ]
    },
    {
      "name": "Legion - Platinum - Patriot",
      "to_build": "LegionBotBasicAA",
      "instance_count": -1,
      "max_num_assisters": 10,
      "priority": 97,
      "builders": ["LegionFactoryBasicBot"],
      "build_conditions": [
        [
          {
            "test_type": "HasPersonalityTag",
            "string0": "platinum",
            "boolean": true
          },
          {
            "test_type": "EnemyAirPresenceOnPlanet",
            "boolean": true
          },
          {
            "test_type": "CanDeployLandFromBase",
            "boolean": true
          },
          {
            "test_type": "PlanetHighestEnemyArmyThreatRatio",
            "string0": "Air",
            "string1": "AntiAir",
            "compare0": ">",
            "value0": 0.9
          },
          {
            "test_type": "UnitRatioOnPlanet",
            "unit_type_string0": "Land & Mobile & AirDefense",
            "unit_type_string1": "Land & Mobile & Offense - Deconstruction - Fabber",
            "compare0": "<",
            "value0": 0.2
          }
        ],
        [
          {
            "test_type": "HasPersonalityTag",
            "string0": "platinum",
            "boolean": true
          },
          {
            "test_type": "AloneOnPlanet",
            "boolean": true
          },
          {
            "test_type": "SystemThreat",
            "string0": "Air",
            "compare0": ">",
            "value0": 0
          },
          {
            "test_type": "UnitRatioOnPlanet",
            "unit_type_string0": "Land & Mobile & AirDefense",
            "unit_type_string1": "Land & Mobile & Offense - Deconstruction - Fabber",
            "compare0": "<",
            "value0": 0.2
          },
          {
            "test_type": "OtherPlanetCanReceiveLandUnitAssistance",
            "boolean": true
          },
          {
            "test_type": "OtherPlanetNeedsLandUnitAssistance",
            "boolean": true
          }
        ]
      ]
    },
    {
      "name": "Legion - Platinum - Praetorian",
      "to_build": "LegionBotAdvancedSupportCommander",
      "instance_count": 1,
      "shared_instance_count": "AdvancedBotFabber",
      "max_num_assisters": 10,
      "priority": 200,
      "builders": ["LegionFactoryAdvancedBot"],
      "build_conditions": [
        [
          {
            "test_type": "HasPersonalityTag",
            "string0": "platinum",
            "boolean": true
          },
          {
            "test_type": "AloneOnPlanet",
            "boolean": false
          },
          {
            "test_type": "BaseThreatened",
            "boolean": false
          },
          {
            "test_type": "CanAffordPotentialDrain",
            "string0": "LegionBotAdvancedSupportCommander"
          },
          {
            "test_type": "UnitRatioOnPlanet",
            "unit_type_string0": "Fabber & Advanced & Land",
            "unit_type_string1": "Factory & Advanced & Land",
            "compare0": "<",
            "value0": 3
          }
        ],
        [
          {
            "test_type": "HasPersonalityTag",
            "string0": "platinum",
            "boolean": true
          },
          {
            "test_type": "AloneOnPlanet",
            "boolean": true
          },
          {
            "test_type": "CanAffordPotentialDrain",
            "string0": "LegionBotAdvancedSupportCommander"
          },
          {
            "test_type": "UnitRatioOnPlanet",
            "unit_type_string0": "Fabber & Advanced & Land",
            "unit_type_string1": "Factory & Advanced & Land",
            "compare0": "<",
            "value0": 9
          }
        ]
      ]
    },
    {
      "name": "Legion - Platinum - Advanced Fabrication Walker",
      "to_build": "LegionBotAdvancedFabber",
      "instance_count": 1,
      "shared_instance_count": "AdvancedBotFabber",
      "max_num_assisters": 10,
      "priority": 200,
      "builders": ["LegionFactoryAdvancedBot"],
      "build_conditions": [
        [
          {
            "test_type": "HasPersonalityTag",
            "string0": "platinum",
            "boolean": true
          },
          {
            "test_type": "BaseThreatened",
            "boolean": false
          },
          {
            "test_type": "MetMinAdvancedFabberCount",
            "boolean": false
          }
        ],
        [
          {
            "test_type": "HasPersonalityTag",
            "string0": "platinum",
            "boolean": true
          },
          {
            "test_type": "BaseThreatened",
            "boolean": false
          },
          {
            "test_type": "AloneOnPlanet",
            "boolean": false
          },
          {
            "test_type": "CanAffordPotentialDrain",
            "string0": "LegionBotAdvancedFabber"
          },
          {
            "test_type": "UnitRatioOnPlanet",
            "unit_type_string0": "Fabber & Advanced & Land",
            "unit_type_string1": "Factory & Advanced & Land",
            "compare0": "<",
            "value0": 3
          }
        ],
        [
          {
            "test_type": "HasPersonalityTag",
            "string0": "platinum",
            "boolean": true
          },
          {
            "test_type": "AloneOnPlanet",
            "boolean": true
          },
          {
            "test_type": "CanAffordPotentialDrain",
            "string0": "LegionBotAdvancedFabber"
          },
          {
            "test_type": "UnitCountPerPlanetRadius",
            "unit_type_string0": "Fabber & Advanced",
            "compare0": "<",
            "value0": 25
          }
        ]
      ]
    },
    {
      "name": "Legion - Platinum - Enforcer",
      "to_build": "LegionBotAdvancedAssault",
      "instance_count": -1,
      "max_num_assisters": 10,
      "priority": 199,
      "builders": ["LegionFactoryAdvancedBot"],
      "build_conditions": [
        [
          {
            "test_type": "HasPersonalityTag",
            "string0": "platinum",
            "boolean": true
          },
          {
            "test_type": "AloneOnPlanet",
            "boolean": false
          },
          {
            "test_type": "CanDeployLandFromBase",
            "boolean": true
          }
        ],
        [
          {
            "test_type": "HasPersonalityTag",
            "string0": "platinum",
            "boolean": true
          },
          {
            "test_type": "AloneOnPlanet",
            "boolean": true
          },
          {
            "test_type": "OtherPlanetCanReceiveLandUnitAssistance",
            "boolean": true
          },
          {
            "test_type": "OtherPlanetNeedsLandUnitAssistance",
            "boolean": true
          }
        ]
      ]
    },
    {
      "name": "Legion - Platinum - Miniman",
      "to_build": "LegionBotAdvancedArtillery",
      "instance_count": -1,
      "max_num_assisters": 10,
      "priority": 199,
      "builders": ["LegionFactoryAdvancedBot"],
      "build_conditions": [
        [
          {
            "test_type": "HasPersonalityTag",
            "string0": "platinum",
            "boolean": true
          },
          {
            "test_type": "AloneOnPlanet",
            "boolean": false
          },
          {
            "test_type": "CanDeployLandFromBase",
            "boolean": true
          },
          {
            "test_type": "UnitRatioOnPlanet",
            "unit_type_string0": "Land & Mobile & Artillery",
            "unit_type_string1": "((Tank | (Bot & Advanced)) & Mobile) - Scout - Fabber - Deconstruction - Titan",
            "compare0": "<",
            "value0": 0.5
          }
        ],
        [
          {
            "test_type": "HasPersonalityTag",
            "string0": "platinum",
            "boolean": true
          },
          {
            "test_type": "AloneOnPlanet",
            "boolean": true
          },
          {
            "test_type": "UnitRatioOnPlanet",
            "unit_type_string0": "Land & Mobile & Artillery",
            "unit_type_string1": "((Tank | (Bot & Advanced)) & Mobile) - Scout - Fabber - Deconstruction - Titan",
            "compare0": "<",
            "value0": 0.5
          },
          {
            "test_type": "OtherPlanetCanReceiveLandUnitAssistance",
            "boolean": true
          },
          {
            "test_type": "OtherPlanetNeedsLandUnitAssistance",
            "boolean": true
          }
        ]
      ]
    },
    {
      "name": "Legion - Platinum - Monstrosity",
      "to_build": "LegionBotAdvancedTactical",
      "instance_count": 1,
      "max_num_assisters": 10,
      "priority": 199,
      "builders": ["LegionFactoryAdvancedBot"],
      "build_conditions": [
        [
          {
            "test_type": "HasPersonalityTag",
            "string0": "platinum",
            "boolean": true
          },
          {
            "test_type": "AloneOnPlanet",
            "boolean": false
          },
          {
            "test_type": "CanDeployLandFromBase",
            "boolean": true
          },
          {
            "test_type": "UnitRatioOnPlanet",
            "unit_type_string0": "Land & Mobile & (Heavy - (Bot & Basic)) & Advanced",
            "unit_type_string1": "Land & Mobile & Offense - Deconstruction - Fabber - Basic",
            "compare0": "<",
            "value0": 0.15
          }
        ],
        [
          {
            "test_type": "HasPersonalityTag",
            "string0": "platinum",
            "boolean": true
          },
          {
            "test_type": "AloneOnPlanet",
            "boolean": true
          },
          {
            "test_type": "UnitRatioOnPlanet",
            "unit_type_string0": "Land & Mobile & (Heavy - (Bot & Basic)) & Advanced",
            "unit_type_string1": "Land & Mobile & Offense - Deconstruction - Fabber - Basic",
            "compare0": "<",
            "value0": 0.15
          },
          {
            "test_type": "OtherPlanetCanReceiveLandUnitAssistance",
            "boolean": true
          },
          {
            "test_type": "OtherPlanetNeedsLandUnitAssistance",
            "boolean": true
          }
        ]
      ]
    },
    {
      "name": "Legion - Platinum - Orbweaver",
      "to_build": "LegionBotAdvancedAA",
      "instance_count": -1,
      "max_num_assisters": 10,
      "priority": 199,
      "builders": ["LegionFactoryAdvancedBot"],
      "build_conditions": [
        [
          {
            "test_type": "HasPersonalityTag",
            "string0": "platinum",
            "boolean": true
          },
          {
            "test_type": "EnemyAirPresenceOnPlanet",
            "boolean": true
          },
          {
            "test_type": "CanDeployLandFromBase",
            "boolean": true
          },
          {
            "test_type": "PlanetHighestEnemyArmyThreatRatio",
            "string0": "Air",
            "string1": "AntiAir",
            "compare0": ">",
            "value0": 1
          },
          {
            "test_type": "UnitRatioOnPlanet",
            "unit_type_string0": "Land & Mobile & AirDefense",
            "unit_type_string1": "Land & Mobile & Offense - Deconstruction - Fabber",
            "compare0": "<",
            "value0": 0.2
          }
        ],
        [
          {
            "test_type": "HasPersonalityTag",
            "string0": "platinum",
            "boolean": true
          },
          {
            "test_type": "AloneOnPlanet",
            "boolean": true
          },
          {
            "test_type": "SystemThreat",
            "string0": "Air",
            "compare0": ">",
            "value0": 0
          },
          {
            "test_type": "UnitRatioOnPlanet",
            "unit_type_string0": "Land & Mobile & AirDefense",
            "unit_type_string1": "Land & Mobile & Offense - Deconstruction - Fabber",
            "compare0": "<",
            "value0": 0.2
          },
          {
            "test_type": "OtherPlanetCanReceiveLandUnitAssistance",
            "boolean": true
          },
          {
            "test_type": "OtherPlanetNeedsLandUnitAssistance",
            "boolean": true
          }
        ]
      ]
    }
  ]
}
