{
  "build_list": [
    {
      "name": "Legion - Platinum - Fabrication Barge",
      "to_build": "LegionNavalBasicFabber",
      "instance_count": 1,
      "max_num_assisters": 10,
      "priority": 100,
      "builders": ["LegionFactoryBasicNaval", "LegionFactoryAdvancedNaval"],
      "build_conditions": [
        [
          {
            "test_type": "HasPersonalityTag",
            "string0": "platinum",
            "boolean": true
          },
          {
            "test_type": "BaseThreatened",
            "boolean": false
          },
          {
            "test_type": "UnitCountOnPlanet",
            "unit_type_string0": "Fabber & Basic",
            "compare0": "<",
            "value0": 1
          }
        ],
        [
          {
            "test_type": "HasPersonalityTag",
            "string0": "platinum",
            "boolean": true
          },
          {
            "test_type": "BaseThreatened",
            "boolean": false
          },
          {
            "test_type": "CanDeployNavalFromBase",
            "boolean": true
          },
          {
            "test_type": "CanAffordPotentialDrain",
            "string0": "LegionNavalBasicFabber"
          },
          {
            "test_type": "UnitRatioOnPlanet",
            "unit_type_string0": "Fabber & Basic & Naval",
            "unit_type_string1": "Factory & Basic & Naval",
            "compare0": "<",
            "value0": 1
          }
        ]
      ]
    },
    {
      "name": "Legion - Platinum - Catfish",
      "to_build": "LegionNavalBasicScout",
      "instance_count": -1,
      "max_num_assisters": 10,
      "priority": 97,
      "builders": ["LegionFactoryBasicNaval", "LegionFactoryAdvancedNaval"],
      "build_conditions": [
        [
          {
            "test_type": "HasPersonalityTag",
            "string0": "platinum",
            "boolean": true
          },
          {
            "test_type": "AloneOnPlanet",
            "boolean": false
          },
          {
            "test_type": "BaseThreatened",
            "boolean": false
          },
          {
            "test_type": "HaveFullPlanetIntel",
            "boolean": false
          },
          {
            "test_type": "CanDeployNavalFromBase",
            "boolean": false
          },
          {
            "test_type": "UnitCountOnPlanet",
            "unit_type_string0": "Naval & Scout",
            "compare0": "<",
            "value0": 1
          }
        ],
        [
          {
            "test_type": "HasPersonalityTag",
            "string0": "platinum",
            "boolean": true
          },
          {
            "test_type": "CanDeployNavalFromBase",
            "boolean": true
          },
          {
            "test_type": "PlanetHighestEnemyArmyThreat",
            "string0": "Sub",
            "compare0": ">",
            "value0": 0
          }
        ],
        [
          {
            "test_type": "HasPersonalityTag",
            "string0": "platinum",
            "boolean": true
          },
          {
            "test_type": "AloneOnPlanet",
            "boolean": false
          },
          {
            "test_type": "EnemySurfacePresenceOnPlanet",
            "boolean": false
          },
          {
            "test_type": "EnemyAirPresenceOnPlanet",
            "boolean": false
          },
          {
            "test_type": "EnemyOrbitalPresenceOnPlanet",
            "boolean": false
          },
          {
            "test_type": "HaveFullPlanetIntel",
            "boolean": false
          }
        ]
      ]
    },
    {
      "name": "Legion - Platinum - Bowhead",
      "to_build": "LegionNavalBasicDestroyer",
      "instance_count": -1,
      "max_num_assisters": 10,
      "priority": 97,
      "builders": ["LegionFactoryBasicNaval", "LegionFactoryAdvancedNaval"],
      "build_conditions": [
        [
          {
            "test_type": "HasPersonalityTag",
            "string0": "platinum",
            "boolean": true
          },
          {
            "test_type": "EnemySurfacePresenceOnPlanet",
            "boolean": true
          },
          {
            "test_type": "CanDeployNavalFromBase",
            "boolean": true
          },
          {
            "test_type": "PlanetHighestEnemyArmyThreatRatio",
            "string0": "Sub",
            "string1": "AntiSub",
            "compare0": "<",
            "value0": 0.6
          }
        ]
      ]
    },
    {
      "name": "Legion - Platinum - Talos",
      "to_build": "LegionNavalBasicAA",
      "instance_count": -1,
      "max_num_assisters": 10,
      "priority": 97,
      "builders": ["LegionFactoryBasicNaval", "LegionFactoryAdvancedNaval"],
      "build_conditions": [
        [
          {
            "test_type": "HasPersonalityTag",
            "string0": "platinum",
            "boolean": true
          },
          {
            "test_type": "EnemyAirPresenceOnPlanet",
            "boolean": true
          },
          {
            "test_type": "CanDeployNavalFromBase",
            "boolean": true
          },
          {
            "test_type": "PlanetHighestEnemyArmyThreatRatio",
            "string0": "Air",
            "string1": "AntiAir",
            "compare0": ">",
            "value0": 1
          },
          {
            "test_type": "UnitRatioOnPlanet",
            "unit_type_string0": "Naval & Mobile & AirDefense",
            "unit_type_string1": "Naval & Mobile - Fabber - Hover",
            "compare0": "<",
            "value0": 0.15
          }
        ]
      ]
    },
    {
      "name": "Legion - Platinum - Akula",
      "to_build": "LegionNavalBasicSub",
      "instance_count": -1,
      "max_num_assisters": 10,
      "priority": 97,
      "builders": ["LegionFactoryBasicNaval", "LegionFactoryAdvancedNaval"],
      "build_conditions": [
        [
          {
            "test_type": "HasPersonalityTag",
            "string0": "platinum",
            "boolean": true
          },
          {
            "test_type": "AloneOnPlanet",
            "boolean": false
          },
          {
            "test_type": "EnemySurfacePresenceOnPlanet",
            "boolean": false
          },
          {
            "test_type": "EnemyAirPresenceOnPlanet",
            "boolean": false
          },
          {
            "test_type": "EnemyOrbitalPresenceOnPlanet",
            "boolean": false
          },
          {
            "test_type": "HaveFullPlanetIntel",
            "boolean": false
          }
        ],
        [
          {
            "test_type": "HasPersonalityTag",
            "string0": "platinum",
            "boolean": true
          },
          {
            "test_type": "EnemySurfacePresenceOnPlanet",
            "boolean": true
          },
          {
            "test_type": "CanDeployNavalFromBase",
            "boolean": true
          },
          {
            "test_type": "PlanetHighestEnemyArmyThreat",
            "string0": "Naval",
            "compare0": ">",
            "value0": 0
          }
        ]
      ]
    },
    {
      "name": "Legion - Platinum - Advanced Fabrication Barge",
      "to_build": "LegionNavalAdvancedFabber",
      "instance_count": 1,
      "max_num_assisters": 10,
      "priority": 200,
      "builders": ["LegionFactoryAdvancedNaval"],
      "build_conditions": [
        [
          {
            "test_type": "HasPersonalityTag",
            "string0": "platinum",
            "boolean": true
          },
          {
            "test_type": "BaseThreatened",
            "boolean": false
          },
          {
            "test_type": "UnitCountOnPlanet",
            "unit_type_string0": "Fabber & Advanced",
            "compare0": "<",
            "value0": 2
          }
        ],
        [
          {
            "test_type": "HasPersonalityTag",
            "string0": "platinum",
            "boolean": true
          },
          {
            "test_type": "BaseThreatened",
            "boolean": false
          },
          {
            "test_type": "CanAffordPotentialDrain",
            "string0": "LegionNavalAdvancedFabber"
          },
          {
            "test_type": "UnitRatioOnPlanet",
            "unit_type_string0": "Fabber & Advanced & Naval",
            "unit_type_string1": "Factory & Advanced & Naval",
            "compare0": "<",
            "value0": 3
          }
        ]
      ]
    },
    {
      "name": "Legion - Platinum - Remora",
      "to_build": "LegionNavalAdvancedFabberSub",
      "instance_count": 1,
      "priority": 199,
      "builders": ["LegionFactoryAdvancedNaval"],
      "build_conditions": [
        [
          {
            "test_type": "HasPersonalityTag",
            "string0": "platinum",
            "boolean": true
          },
          {
            "test_type": "EnemySurfacePresenceOnPlanet",
            "boolean": true
          },
          {
            "test_type": "BaseThreatened",
            "boolean": false
          },
          {
            "test_type": "CanDeployNavalFromBase",
            "boolean": true
          },
          {
            "test_type": "PlanetHighestEnemyArmyThreat",
            "string0": "Naval",
            "compare0": ">",
            "value0": 0
          },
          {
            "test_type": "HaveSeenEnemyUnits",
            "unit_type_string0": "(Naval & Mobile & Construction) - Fabber",
            "boolean": true
          },
          {
            "test_type": "UnitRatioOnPlanet",
            "unit_type_string0": "(Naval & Mobile & Construction) - Fabber",
            "unit_type_string1": "Naval & Mobile & Offense",
            "compare0": "<",
            "value0": 0.01
          }
        ],
        [
          {
            "test_type": "HasPersonalityTag",
            "string0": "platinum",
            "boolean": true
          },
          {
            "test_type": "EnemySurfacePresenceOnPlanet",
            "boolean": true
          },
          {
            "test_type": "BaseThreatened",
            "boolean": false
          },
          {
            "test_type": "CanDeployNavalFromBase",
            "boolean": true
          },
          {
            "test_type": "PlanetHighestEnemyArmyThreat",
            "string0": "Sub",
            "compare0": ">",
            "value0": 0
          },
          {
            "test_type": "HaveSeenEnemyUnits",
            "unit_type_string0": "(Naval & Mobile & Construction) - Fabber",
            "boolean": true
          },
          {
            "test_type": "UnitRatioOnPlanet",
            "unit_type_string0": "(Naval & Mobile & Construction) - Fabber",
            "unit_type_string1": "Naval & Mobile & Offense",
            "compare0": "<",
            "value0": 0.01
          }
        ]
      ]
    },
    {
      "name": "Legion - Platinum - Epoch",
      "to_build": "LegionNavalAdvancedBattleship",
      "instance_count": -1,
      "max_num_assisters": 10,
      "priority": 199,
      "builders": ["LegionFactoryAdvancedNaval"],
      "build_conditions": [
        [
          {
            "test_type": "HasPersonalityTag",
            "string0": "platinum",
            "boolean": true
          },
          {
            "test_type": "EnemySurfacePresenceOnPlanet",
            "boolean": true
          },
          {
            "test_type": "CanDeployNavalFromBase",
            "boolean": true
          },
          {
            "test_type": "PlanetHighestEnemyArmyThreat",
            "string0": "Naval",
            "compare0": ">",
            "value0": 0
          }
        ]
      ]
    },
    {
      "name": "Legion - Platinum - Manta",
      "to_build": "LegionNavalAdvancedTactical",
      "instance_count": 1,
      "max_num_assisters": 10,
      "priority": 199,
      "builders": ["LegionFactoryAdvancedNaval"],
      "build_conditions": [
        [
          {
            "test_type": "HasPersonalityTag",
            "string0": "platinum",
            "boolean": true
          },
          {
            "test_type": "EnemySurfacePresenceOnPlanet",
            "boolean": true
          },
          {
            "test_type": "CanDeployNavalFromBase",
            "boolean": true
          },
          {
            "test_type": "PlanetHighestEnemyArmyThreat",
            "string0": "Orbital",
            "compare0": ">",
            "value0": 0
          },
          {
            "test_type": "UnitRatioOnPlanet",
            "unit_type_string0": "Naval & Mobile & Tactical",
            "unit_type_string1": "(Naval & Mobile) - Fabber - Hover",
            "compare0": "<",
            "value0": 0.1
          }
        ]
      ]
    },
    {
      "name": "Legion - Platinum - Hammerhead",
      "to_build": "LegionNavalAdvancedDestroyer",
      "instance_count": 1,
      "max_num_assisters": 10,
      "priority": 199,
      "builders": ["LegionFactoryAdvancedNaval"],
      "build_conditions": [
        [
          {
            "test_type": "HasPersonalityTag",
            "string0": "platinum",
            "boolean": true
          },
          {
            "test_type": "EnemySurfacePresenceOnPlanet",
            "boolean": true
          },
          {
            "test_type": "CanDeployNavalFromBase",
            "boolean": true
          },
          {
            "test_type": "PlanetHighestEnemyArmyThreat",
            "string0": "Naval",
            "compare0": ">",
            "value0": 0
          },
          {
            "test_type": "PlanetHighestEnemyArmyThreat",
            "string0": "Sub",
            "compare0": ">",
            "value0": 0
          }
        ]
      ]
    },
    {
      "name": "Legion - Platinum - Jaeger",
      "to_build": "LegionNavalAdvancedHover",
      "instance_count": 1,
      "max_num_assisters": 10,
      "priority": 199,
      "builders": ["LegionFactoryAdvancedNaval"],
      "build_conditions": [
        [
          {
            "test_type": "HasPersonalityTag",
            "string0": "platinum",
            "boolean": true
          },
          {
            "test_type": "EnemySurfacePresenceOnPlanet",
            "boolean": true
          },
          {
            "test_type": "PlanetHighestEnemyArmyThreat",
            "string0": "Naval",
            "compare0": "==",
            "value0": 0
          }
        ],
        [
          {
            "test_type": "HasPersonalityTag",
            "string0": "platinum",
            "boolean": true
          },
          {
            "test_type": "EnemySurfacePresenceOnPlanet",
            "boolean": true
          },
          {
            "test_type": "CanDeployNavalFromBase",
            "boolean": false
          }
        ]
      ]
    }
  ]
}
