{
  "build_list": [
    {
      "name": "Legion - Platinum - Armor Fabricator",
      "to_build": "LegionVehicleBasicFabber",
      "instance_count": 1,
      "max_num_assisters": 10,
      "priority": 100,
      "builders": ["LegionFactoryBasicVehicle"],
      "build_conditions": [
        [
          {
            "test_type": "HasPersonalityTag",
            "string0": "platinum",
            "boolean": true
          },
          {
            "test_type": "BaseThreatened",
            "boolean": false
          },
          {
            "test_type": "MetMinBasicFabberCount",
            "boolean": false
          }
        ],
        [
          {
            "test_type": "HasPersonalityTag",
            "string0": "platinum",
            "boolean": true
          },
          {
            "test_type": "BaseThreatened",
            "boolean": false
          },
          {
            "test_type": "AloneOnPlanet",
            "boolean": false
          },
          {
            "test_type": "CanDeployLandFromBase",
            "boolean": true
          },
          {
            "test_type": "CanAffordPotentialDrain",
            "string0": "LegionVehicleBasicFabber"
          },
          {
            "test_type": "UnitRatioOnPlanet",
            "unit_type_string0": "Fabber & Basic & Land",
            "unit_type_string1": "Factory & Basic & Land",
            "compare0": "<",
            "value0": 1
          }
        ],
        [
          {
            "test_type": "HasPersonalityTag",
            "string0": "platinum",
            "boolean": true
          },
          {
            "test_type": "AloneOnPlanet",
            "boolean": true
          },
          {
            "test_type": "CanAffordPotentialDrain",
            "string0": "LegionVehicleBasicFabber"
          },
          {
            "test_type": "UnitCountPerPlanetRadius",
            "unit_type_string0": "Fabber & Basic",
            "compare0": "<",
            "value0": 25
          }
        ]
      ]
    },
    {
      "name": "Legion - Platinum - Guardian - Minesweeper",
      "to_build": "LegionVehicleBasicCFab",
      "instance_count": 1,
      "max_num_assisters": 10,
      "priority": 97,
      "builders": ["LegionFactoryBasicVehicle"],
      "build_conditions": [
        [
          {
            "test_type": "HasPersonalityTag",
            "string0": "platinum",
            "boolean": true
          },
          {
            "test_type": "AloneOnPlanet",
            "boolean": false
          },
          {
            "test_type": "BaseThreatened",
            "boolean": false
          },
          {
            "test_type": "CanDeployLandFromBase",
            "boolean": true
          },
          {
            "test_type": "HaveSeenEnemyUnits",
            "unit_type_string0": "((Construction & Mobile) - Fabber - Commander) | (CombatFabBuild & Defense)",
            "boolean": true
          },
          {
            "test_type": "UnitRatioOnPlanet",
            "unit_type_string0": "Land & Mobile & (Construction | Scout) - Fabber",
            "unit_type_string1": "Land & Mobile & Offense",
            "compare0": "<",
            "value0": 0.02
          }
        ]
      ]
    },
    {
      "name": "Legion - Platinum - Shank",
      "to_build": "LegionVehicleBasicLaser",
      "instance_count": -1,
      "max_num_assisters": 10,
      "priority": 97,
      "builders": ["LegionFactoryBasicVehicle"],
      "build_conditions": [
        [
          {
            "test_type": "HasPersonalityTag",
            "string0": "platinum",
            "boolean": true
          },
          {
            "test_type": "AloneOnPlanet",
            "boolean": false
          },
          {
            "test_type": "CanDeployLandFromBase",
            "boolean": true
          },
          {
            "test_type": "HaveSeenEnemyUnits",
            "unit_type_string0": "(Tank | (Bot & Advanced)) & Custom1",
            "boolean": true
          }
        ],
        [
          {
            "test_type": "HasPersonalityTag",
            "string0": "platinum",
            "boolean": true
          },
          {
            "test_type": "AloneOnPlanet",
            "boolean": false
          },
          {
            "test_type": "CanDeployLandFromBase",
            "boolean": true
          },
          {
            "test_type": "HaveSeenEnemyUnits",
            "unit_type_string0": "Tank - Custom1",
            "boolean": true
          }
        ],
        [
          {
            "test_type": "HasPersonalityTag",
            "string0": "platinum",
            "boolean": true
          },
          {
            "test_type": "AloneOnPlanet",
            "boolean": true
          },
          {
            "test_type": "OtherPlanetCanReceiveLandUnitAssistance",
            "boolean": true
          },
          {
            "test_type": "OtherPlanetNeedsLandUnitAssistance",
            "boolean": true
          }
        ]
      ]
    },
    {
      "name": "Legion - Platinum - Maul",
      "to_build": "LegionVehicleBasicArmor",
      "instance_count": -1,
      "max_num_assisters": 10,
      "priority": 97,
      "builders": ["LegionFactoryBasicVehicle"],
      "build_conditions": [
        [
          {
            "test_type": "HasPersonalityTag",
            "string0": "platinum",
            "boolean": true
          },
          {
            "test_type": "AloneOnPlanet",
            "boolean": false
          },
          {
            "test_type": "CanDeployLandFromBase",
            "boolean": true
          },
          {
            "test_type": "FocusTargetThreatRatio",
            "string0": "Land",
            "string1": "AntiSurface",
            "compare0": "<",
            "value0": 0.9
          },
          {
            "test_type": "UnitRatioOnPlanet",
            "unit_type_string0": "Land & Mobile & (Heavy - (Bot & Basic))",
            "unit_type_string1": "Land & Mobile & Offense - Deconstruction - Fabber",
            "compare0": "<",
            "value0": 0.15
          },
          {
            "test_type": "UnitCountOnPlanet",
            "unit_type_string0": "(Tank & Mobile) - Fabber - AirDefense - Construction - Heavy - Deconstruction - Artillery",
            "compare0": ">",
            "value0": 15
          }
        ],
        [
          {
            "test_type": "HasPersonalityTag",
            "string0": "platinum",
            "boolean": true
          },
          {
            "test_type": "AloneOnPlanet",
            "boolean": true
          },
          {
            "test_type": "UnitRatioOnPlanet",
            "unit_type_string0": "Land & Mobile & (Heavy - (Bot & Basic))",
            "unit_type_string1": "Land & Mobile & Offense - Deconstruction - Fabber",
            "compare0": "<",
            "value0": 0.15
          },
          {
            "test_type": "OtherPlanetCanReceiveLandUnitAssistance",
            "boolean": true
          },
          {
            "test_type": "OtherPlanetNeedsLandUnitAssistance",
            "boolean": true
          },
          {
            "test_type": "UnitCountOnPlanet",
            "unit_type_string0": "(Tank & Mobile) - Fabber - AirDefense - Construction - Heavy - Deconstruction - Artillery",
            "compare0": ">",
            "value0": 15
          }
        ]
      ]
    },
    {
      "name": "Legion - Platinum - Corsair",
      "to_build": "LegionVehicleBasicArtillery",
      "instance_count": -1,
      "max_num_assisters": 10,
      "priority": 97,
      "builders": ["LegionFactoryBasicVehicle"],
      "build_conditions": [
        [
          {
            "test_type": "HasPersonalityTag",
            "string0": "platinum",
            "boolean": true
          },
          {
            "test_type": "AloneOnPlanet",
            "boolean": false
          },
          {
            "test_type": "CanDeployLandFromBase",
            "boolean": false
          }
        ],
        [
          {
            "test_type": "HasPersonalityTag",
            "string0": "platinum",
            "boolean": true
          },
          {
            "test_type": "AloneOnPlanet",
            "boolean": false
          },
          {
            "test_type": "BaseThreatened",
            "boolean": false
          },
          {
            "test_type": "CanDeployLandFromBase",
            "boolean": true
          },
          {
            "test_type": "HaveSeenEnemyUnits",
            "unit_type_string0": "SurfaceDefense | Wall",
            "boolean": true
          },
          {
            "test_type": "FocusTargetThreatRatio",
            "string0": "Land",
            "string1": "AntiSurface",
            "compare0": "<",
            "value0": 0.9
          },
          {
            "test_type": "UnitRatioOnPlanet",
            "unit_type_string0": "Land & Mobile & Artillery",
            "unit_type_string1": "Land & Mobile & Offense - Deconstruction - Fabber",
            "compare0": "<",
            "value0": 0.15
          },
          {
            "test_type": "UnitCountOnPlanet",
            "unit_type_string0": "(Tank & Mobile) - Fabber - AirDefense - Construction - Heavy - Deconstruction - Artillery",
            "compare0": ">",
            "value0": 15
          }
        ],
        [
          {
            "test_type": "HasPersonalityTag",
            "string0": "platinum",
            "boolean": true
          },
          {
            "test_type": "AloneOnPlanet",
            "boolean": true
          },
          {
            "test_type": "HaveSeenEnemyUnits",
            "unit_type_string0": "SurfaceDefense | Wall",
            "boolean": true
          },
          {
            "test_type": "FocusTargetThreatRatio",
            "string0": "Land",
            "string1": "AntiSurface",
            "compare0": "<",
            "value0": 0.9
          },
          {
            "test_type": "UnitCountOnPlanet",
            "unit_type_string0": "(Tank & Mobile) - Fabber - AirDefense - Construction - Heavy - Deconstruction - Artillery",
            "compare0": ">",
            "value0": 15
          },
          {
            "test_type": "UnitRatioOnPlanet",
            "unit_type_string0": "Land & Mobile & Artillery",
            "unit_type_string1": "Land & Mobile & Offense - Deconstruction - Fabber",
            "compare0": "<",
            "value0": 0.15
          },
          {
            "test_type": "OtherPlanetCanReceiveLandUnitAssistance",
            "boolean": true
          },
          {
            "test_type": "OtherPlanetNeedsLandUnitAssistance",
            "boolean": true
          }
        ]
      ]
    },
    {
      "name": "Legion - Platinum - Stoke",
      "to_build": "LegionVehicleBasicHover",
      "instance_count": -1,
      "max_num_assisters": 10,
      "priority": 97,
      "builders": ["LegionFactoryBasicVehicle"],
      "build_conditions": [
        [
          {
            "test_type": "HasPersonalityTag",
            "string0": "platinum",
            "boolean": true
          },
          {
            "test_type": "AloneOnPlanet",
            "boolean": false
          },
          {
            "test_type": "CanDeployLandFromBase",
            "boolean": false
          }
        ],
        [
          {
            "test_type": "HasPersonalityTag",
            "string0": "platinum",
            "boolean": true
          },
          {
            "test_type": "AloneOnPlanet",
            "boolean": false
          },
          {
            "test_type": "HaveSeenEnemyUnits",
            "unit_type_string0": "Tank",
            "boolean": false
          }
        ]
      ]
    },
    {
      "name": "Legion - Platinum - Advanced Armor Fabricator",
      "to_build": "LegionVehicleAdvancedFabber",
      "instance_count": 1,
      "max_num_assisters": 10,
      "priority": 200,
      "builders": ["LegionFactoryAdvancedVehicle"],
      "build_conditions": [
        [
          {
            "test_type": "HasPersonalityTag",
            "string0": "platinum",
            "boolean": true
          },
          {
            "test_type": "BaseThreatened",
            "boolean": false
          },
          {
            "test_type": "MetMinAdvancedFabberCount",
            "boolean": false
          }
        ],
        [
          {
            "test_type": "HasPersonalityTag",
            "string0": "platinum",
            "boolean": true
          },
          {
            "test_type": "BaseThreatened",
            "boolean": false
          },
          {
            "test_type": "AloneOnPlanet",
            "boolean": false
          },
          {
            "test_type": "CanAffordPotentialDrain",
            "string0": "LegionVehicleAdvancedFabber"
          },
          {
            "test_type": "UnitRatioOnPlanet",
            "unit_type_string0": "Fabber & Advanced & Land",
            "unit_type_string1": "Factory & Advanced & Land",
            "compare0": "<",
            "value0": 3
          }
        ],
        [
          {
            "test_type": "HasPersonalityTag",
            "string0": "platinum",
            "boolean": true
          },
          {
            "test_type": "AloneOnPlanet",
            "boolean": true
          },
          {
            "test_type": "CanAffordPotentialDrain",
            "string0": "LegionVehicleAdvancedFabber"
          },
          {
            "test_type": "UnitCountPerPlanetRadius",
            "unit_type_string0": "Fabber & Advanced",
            "compare0": "<",
            "value0": 25
          }
        ]
      ]
    },
    {
      "name": "Legion - Platinum - Earthshaker",
      "to_build": "LegionVehicleAdvancedArmor",
      "instance_count": -1,
      "max_num_assisters": 10,
      "priority": 199,
      "builders": ["LegionFactoryAdvancedVehicle"],
      "build_conditions": [
        [
          {
            "test_type": "HasPersonalityTag",
            "string0": "platinum",
            "boolean": true
          },
          {
            "test_type": "AloneOnPlanet",
            "boolean": false
          },
          {
            "test_type": "CanDeployLandFromBase",
            "boolean": true
          },
          {
            "test_type": "UnitRatioOnPlanet",
            "unit_type_string0": "Tank & Heavy & Advanced",
            "unit_type_string1": "Land & Mobile & Offense - Deconstruction - Fabber",
            "compare0": "<",
            "value0": 0.15
          }
        ],
        [
          {
            "test_type": "HasPersonalityTag",
            "string0": "platinum",
            "boolean": true
          },
          {
            "test_type": "AloneOnPlanet",
            "boolean": true
          },
          {
            "test_type": "UnitRatioOnPlanet",
            "unit_type_string0": "Tank & Heavy & Advanced",
            "unit_type_string1": "Land & Mobile & Offense - Deconstruction - Fabber",
            "compare0": "<",
            "value0": 0.15
          },
          {
            "test_type": "OtherPlanetCanReceiveLandUnitAssistance",
            "boolean": true
          },
          {
            "test_type": "OtherPlanetNeedsLandUnitAssistance",
            "boolean": true
          }
        ]
      ]
    },
    {
      "name": "Legion - Platinum - Scorpion",
      "to_build": "LegionVehicleAdvancedLaser",
      "instance_count": -1,
      "max_num_assisters": 10,
      "priority": 199,
      "builders": ["LegionFactoryAdvancedVehicle"],
      "build_conditions": [
        [
          {
            "test_type": "HasPersonalityTag",
            "string0": "platinum",
            "boolean": true
          },
          {
            "test_type": "AloneOnPlanet",
            "boolean": false
          },
          {
            "test_type": "CanDeployLandFromBase",
            "boolean": true
          }
        ],
        [
          {
            "test_type": "HasPersonalityTag",
            "string0": "platinum",
            "boolean": true
          },
          {
            "test_type": "AloneOnPlanet",
            "boolean": true
          },
          {
            "test_type": "OtherPlanetCanReceiveLandUnitAssistance",
            "boolean": true
          },
          {
            "test_type": "OtherPlanetNeedsLandUnitAssistance",
            "boolean": true
          }
        ]
      ]
    },
    {
      "name": "Legion - Platinum - Deathmark",
      "to_build": "LegionVehicleAdvancedSniper",
      "instance_count": -1,
      "max_num_assisters": 10,
      "priority": 199,
      "builders": ["LegionFactoryAdvancedVehicle"],
      "build_conditions": [
        [
          {
            "test_type": "HasPersonalityTag",
            "string0": "platinum",
            "boolean": true
          },
          {
            "test_type": "AloneOnPlanet",
            "boolean": false
          },
          {
            "test_type": "CanDeployLandFromBase",
            "boolean": true
          },
          {
            "test_type": "UnitRatioOnPlanet",
            "unit_type_string0": "Land & Artillery & Advanced & Mobile",
            "unit_type_string1": "Land & Mobile & Offense - Deconstruction - Fabber",
            "compare0": "<",
            "value0": 0.1
          }
        ],
        [
          {
            "test_type": "HasPersonalityTag",
            "string0": "platinum",
            "boolean": true
          },
          {
            "test_type": "AloneOnPlanet",
            "boolean": true
          },
          {
            "test_type": "UnitRatioOnPlanet",
            "unit_type_string0": "Land & Artillery & Advanced & Mobile",
            "unit_type_string1": "Land & Mobile & Offense - Deconstruction - Fabber",
            "compare0": "<",
            "value0": 0.1
          },
          {
            "test_type": "OtherPlanetCanReceiveLandUnitAssistance",
            "boolean": true
          },
          {
            "test_type": "OtherPlanetNeedsLandUnitAssistance",
            "boolean": true
          }
        ]
      ]
    },
    {
      "name": "Legion - Platinum - Havoc",
      "to_build": "LegionVehicleAdvancedSwarm",
      "instance_count": -1,
      "max_num_assisters": 10,
      "priority": 199,
      "builders": ["LegionFactoryAdvancedVehicle"],
      "build_conditions": [
        [
          {
            "test_type": "HasPersonalityTag",
            "string0": "platinum",
            "boolean": true
          },
          {
            "test_type": "AloneOnPlanet",
            "boolean": false
          },
          {
            "test_type": "CanDeployLandFromBase",
            "boolean": true
          }
        ],
        [
          {
            "test_type": "HasPersonalityTag",
            "string0": "platinum",
            "boolean": true
          },
          {
            "test_type": "AloneOnPlanet",
            "boolean": true
          },
          {
            "test_type": "OtherPlanetCanReceiveLandUnitAssistance",
            "boolean": true
          },
          {
            "test_type": "OtherPlanetNeedsLandUnitAssistance",
            "boolean": true
          }
        ]
      ]
    },
    {
      "name": "Legion - Platinum - Panzer",
      "to_build": "LegionVehicleAdvancedHover",
      "instance_count": -1,
      "max_num_assisters": 10,
      "priority": 199,
      "builders": ["LegionFactoryAdvancedVehicle"],
      "build_conditions": [
        [
          {
            "test_type": "HasPersonalityTag",
            "string0": "platinum",
            "boolean": true
          },
          {
            "test_type": "AloneOnPlanet",
            "boolean": false
          }
        ],
        [
          {
            "test_type": "HasPersonalityTag",
            "string0": "platinum",
            "boolean": true
          },
          {
            "test_type": "AloneOnPlanet",
            "boolean": true
          },
          {
            "test_type": "OtherPlanetCanReceiveLandUnitAssistance",
            "boolean": true
          },
          {
            "test_type": "OtherPlanetNeedsLandUnitAssistance",
            "boolean": true
          }
        ]
      ]
    }
  ]
}
