{
  "build_list": [
    {
      "name": "Platinum - Basic Bot Fabber",
      "to_build": "BasicBotFabber",
      "instance_count": 1,
      "max_num_assisters": 10,
      "priority": 100,
      "builders": ["BasicBotFactory"],
      "build_conditions": [
        [
          {
            "test_type": "HasPersonalityTag",
            "string0": "platinum",
            "boolean": true
          },
          {
            "test_type": "BaseThreatened",
            "boolean": false
          },
          {
            "test_type": "MetMinBasicFabberCount",
            "boolean": false
          }
        ],
        [
          {
            "test_type": "HasPersonalityTag",
            "string0": "platinum",
            "boolean": true
          },
          {
            "test_type": "BaseThreatened",
            "boolean": false
          },
          {
            "test_type": "AloneOnPlanet",
            "boolean": false
          },
          {
            "test_type": "CanDeployLandFromBase",
            "boolean": true
          },
          {
            "test_type": "CanAffordPotentialDrain",
            "string0": "BasicBotFabber"
          },
          {
            "test_type": "UnitRatioOnPlanet",
            "unit_type_string0": "Fabber & Basic & Land",
            "unit_type_string1": "Factory & Basic & Land",
            "compare0": "<",
            "value0": 1
          }
        ],
        [
          {
            "test_type": "HasPersonalityTag",
            "string0": "platinum",
            "boolean": true
          },
          {
            "test_type": "AloneOnPlanet",
            "boolean": true
          },
          {
            "test_type": "CanAffordPotentialDrain",
            "string0": "BasicBotFabber"
          },
          {
            "test_type": "UnitCountPerPlanetRadius",
            "unit_type_string0": "Fabber & Basic",
            "compare0": "<",
            "value0": 25
          }
        ]
      ]
    },
    {
      "name": "Platinum - Stitch - Minesweeper",
      "to_build": "BasicBotCombatFabber",
      "instance_count": 1,
      "max_num_assisters": 10,
      "priority": 97,
      "builders": ["AnyUberBotFactory"],
      "build_conditions": [
        [
          {
            "test_type": "HasPersonalityTag",
            "string0": "platinum",
            "boolean": true
          },
          {
            "test_type": "AloneOnPlanet",
            "boolean": false
          },
          {
            "test_type": "BaseThreatened",
            "boolean": false
          },
          {
            "test_type": "CanDeployLandFromBase",
            "boolean": true
          },
          {
            "test_type": "HaveSeenEnemyUnits",
            "unit_type_string0": "((Construction & Mobile) - Fabber - Commander) | (CombatFabBuild & Defense)",
            "boolean": true
          },
          {
            "test_type": "UnitRatioOnPlanet",
            "unit_type_string0": "Land & Mobile & (Construction | Scout) - Fabber",
            "unit_type_string1": "Land & Mobile & Offense",
            "compare0": "<",
            "value0": 0.02
          }
        ]
      ]
    },
    {
      "name": "Platinum - Dox",
      "to_build": "BasicAssaultBot",
      "instance_count": -1,
      "max_num_assisters": 10,
      "priority": 97,
      "builders": ["BasicBotFactory"],
      "build_conditions": [
        [
          {
            "test_type": "HasPersonalityTag",
            "string0": "platinum",
            "boolean": true
          },
          {
            "test_type": "AloneOnPlanet",
            "boolean": false
          }
        ],
        [
          {
            "test_type": "HasPersonalityTag",
            "string0": "platinum",
            "boolean": true
          },
          {
            "test_type": "AloneOnPlanet",
            "boolean": true
          },
          {
            "test_type": "OtherPlanetCanReceiveLandUnitAssistance",
            "boolean": true
          },
          {
            "test_type": "OtherPlanetNeedsLandUnitAssistance",
            "boolean": true
          }
        ]
      ]
    },
    {
      "name": "Platinum - Grenadier",
      "to_build": "BasicArtilleryBot",
      "instance_count": -1,
      "max_num_assisters": 10,
      "priority": 1,
      "builders": ["BasicBotFactory"],
      "build_conditions": [
        [
          {
            "test_type": "HasPersonalityTag",
            "string0": "platinum",
            "boolean": true
          },
          {
            "test_type": "AloneOnPlanet",
            "boolean": false
          },
          {
            "test_type": "CanDeployLandFromBase",
            "boolean": true
          }
        ]
      ]
    },
    {
      "name": "Platinum - Spark",
      "to_build": "TeslaBot",
      "instance_count": 1,
      "max_num_assisters": 10,
      "priority": 97,
      "builders": ["BasicBotFactory"],
      "build_conditions": [
        [
          {
            "test_type": "HasPersonalityTag",
            "string0": "platinum",
            "boolean": true
          },
          {
            "test_type": "AloneOnPlanet",
            "boolean": false
          },
          {
            "test_type": "CanDeployLandFromBase",
            "boolean": true
          },
          {
            "test_type": "PlanetHighestEnemyArmyThreat",
            "string0": "AntiSurface",
            "compare0": ">=",
            "value0": 2800
          },
          {
            "test_type": "UnitRatioOnPlanet",
            "unit_type_string0": "Bot & Mobile & Heavy",
            "unit_type_string1": "Land & Mobile & Offense - Deconstruction - Fabber",
            "compare0": "<",
            "value0": 0.2
          }
        ],
        [
          {
            "test_type": "HasPersonalityTag",
            "string0": "platinum",
            "boolean": true
          },
          {
            "test_type": "AloneOnPlanet",
            "boolean": true
          },
          {
            "test_type": "OtherPlanetCanReceiveLandUnitAssistance",
            "boolean": true
          },
          {
            "test_type": "OtherPlanetNeedsLandUnitAssistance",
            "boolean": true
          },
          {
            "test_type": "UnitRatioOnPlanet",
            "unit_type_string0": "Bot & Mobile & Heavy",
            "unit_type_string1": "Land & Mobile & Offense - Deconstruction - Fabber",
            "compare0": "<",
            "value0": 0.2
          }
        ]
      ]
    },
    {
      "name": "Platinum - Colonel",
      "to_build": "UberSupportCommander",
      "instance_count": 1,
      "shared_instance_count": "AdvancedBotFabber",
      "max_num_assisters": 10,
      "priority": 200,
      "builders": ["AdvancedBotFactory"],
      "build_conditions": [
        [
          {
            "test_type": "HasPersonalityTag",
            "string0": "platinum",
            "boolean": true
          },
          {
            "test_type": "AloneOnPlanet",
            "boolean": false
          },
          {
            "test_type": "BaseThreatened",
            "boolean": false
          },
          {
            "test_type": "CanAffordPotentialDrain",
            "string0": "UberSupportCommander"
          },
          {
            "test_type": "UnitRatioOnPlanet",
            "unit_type_string0": "Fabber & Advanced & Land",
            "unit_type_string1": "Factory & Advanced & Land",
            "compare0": "<",
            "value0": 3
          }
        ],
        [
          {
            "test_type": "HasPersonalityTag",
            "string0": "platinum",
            "boolean": true
          },
          {
            "test_type": "AloneOnPlanet",
            "boolean": true
          },
          {
            "test_type": "CanAffordPotentialDrain",
            "string0": "UberSupportCommander"
          },
          {
            "test_type": "UnitRatioOnPlanet",
            "unit_type_string0": "Fabber & Advanced & Land",
            "unit_type_string1": "Factory & Advanced & Land",
            "compare0": "<",
            "value0": 9
          }
        ]
      ]
    },
    {
      "name": "Platinum - Advanced Bot Fabber",
      "to_build": "AdvancedBotFabber",
      "instance_count": 1,
      "shared_instance_count": "AdvancedBotFabber",
      "max_num_assisters": 10,
      "priority": 200,
      "builders": ["AdvancedBotFactory"],
      "build_conditions": [
        [
          {
            "test_type": "HasPersonalityTag",
            "string0": "platinum",
            "boolean": true
          },
          {
            "test_type": "BaseThreatened",
            "boolean": false
          },
          {
            "test_type": "MetMinAdvancedFabberCount",
            "boolean": false
          }
        ],
        [
          {
            "test_type": "HasPersonalityTag",
            "string0": "platinum",
            "boolean": true
          },
          {
            "test_type": "BaseThreatened",
            "boolean": false
          },
          {
            "test_type": "AloneOnPlanet",
            "boolean": false
          },
          {
            "test_type": "CanAffordPotentialDrain",
            "string0": "AdvancedBotFabber"
          },
          {
            "test_type": "UnitRatioOnPlanet",
            "unit_type_string0": "Fabber & Advanced & Land",
            "unit_type_string1": "Factory & Advanced & Land",
            "compare0": "<",
            "value0": 3
          }
        ],
        [
          {
            "test_type": "HasPersonalityTag",
            "string0": "platinum",
            "boolean": true
          },
          {
            "test_type": "AloneOnPlanet",
            "boolean": true
          },
          {
            "test_type": "CanAffordPotentialDrain",
            "string0": "AdvancedBotFabber"
          },
          {
            "test_type": "UnitCountPerPlanetRadius",
            "unit_type_string0": "Fabber & Advanced",
            "compare0": "<",
            "value0": 25
          }
        ]
      ]
    },
    {
      "name": "Platinum - Slammer",
      "to_build": "AdvancedAssaultBot",
      "instance_count": -1,
      "max_num_assisters": 10,
      "priority": 199,
      "builders": ["AdvancedBotFactory"],
      "build_conditions": [
        [
          {
            "test_type": "HasPersonalityTag",
            "string0": "platinum",
            "boolean": true
          },
          {
            "test_type": "AloneOnPlanet",
            "boolean": false
          }
        ],
        [
          {
            "test_type": "HasPersonalityTag",
            "string0": "platinum",
            "boolean": true
          },
          {
            "test_type": "AloneOnPlanet",
            "boolean": true
          },
          {
            "test_type": "OtherPlanetCanReceiveLandUnitAssistance",
            "boolean": true
          },
          {
            "test_type": "OtherPlanetNeedsLandUnitAssistance",
            "boolean": true
          }
        ]
      ]
    },
    {
      "name": "Platinum - Gil-E",
      "to_build": "AdvancedArtilleryBot",
      "instance_count": -1,
      "max_num_assisters": 10,
      "priority": 199,
      "builders": ["AdvancedBotFactory"],
      "build_conditions": [
        [
          {
            "test_type": "HasPersonalityTag",
            "string0": "platinum",
            "boolean": true
          },
          {
            "test_type": "AloneOnPlanet",
            "boolean": false
          },
          {
            "test_type": "CanDeployLandFromBase",
            "boolean": true
          }
        ],
        [
          {
            "test_type": "HasPersonalityTag",
            "string0": "platinum",
            "boolean": true
          },
          {
            "test_type": "AloneOnPlanet",
            "boolean": true
          },
          {
            "test_type": "OtherPlanetCanReceiveLandUnitAssistance",
            "boolean": true
          },
          {
            "test_type": "OtherPlanetNeedsLandUnitAssistance",
            "boolean": true
          }
        ]
      ]
    },
    {
      "name": "Platinum - Bluehawk",
      "to_build": "TMLBot",
      "instance_count": -1,
      "max_num_assisters": 10,
      "priority": 199,
      "builders": ["AdvancedBotFactory"],
      "build_conditions": [
        [
          {
            "test_type": "HasPersonalityTag",
            "string0": "platinum",
            "boolean": true
          },
          {
            "test_type": "AloneOnPlanet",
            "boolean": false
          },
          {
            "test_type": "CanDeployLandFromBase",
            "boolean": true
          }
        ],
        [
          {
            "test_type": "HasPersonalityTag",
            "string0": "platinum",
            "boolean": true
          },
          {
            "test_type": "AloneOnPlanet",
            "boolean": true
          },
          {
            "test_type": "OtherPlanetCanReceiveLandUnitAssistance",
            "boolean": true
          },
          {
            "test_type": "OtherPlanetNeedsLandUnitAssistance",
            "boolean": true
          }
        ]
      ]
    },
    {
      "name": "Platinum - Locusts",
      "to_build": "NanoSwarm",
      "instance_count": 1,
      "max_num_assisters": 10,
      "priority": 199,
      "builders": ["AdvancedBotFactory"],
      "build_conditions": [
        [
          {
            "test_type": "HasPersonalityTag",
            "string0": "platinum",
            "boolean": true
          },
          {
            "test_type": "EnemySurfacePresenceOnPlanet",
            "boolean": true
          },
          {
            "test_type": "UnitRatioOnPlanet",
            "unit_type_string0": "Bot & Deconstruction",
            "unit_type_string1": "Land & Mobile & Offense - Fabber",
            "compare0": "<",
            "value0": 0.03
          }
        ],
        [
          {
            "test_type": "HasPersonalityTag",
            "string0": "platinum",
            "boolean": true
          },
          {
            "test_type": "AloneOnPlanet",
            "boolean": true
          },
          {
            "test_type": "UnitRatioOnPlanet",
            "unit_type_string0": "Bot & Deconstruction",
            "unit_type_string1": "Land & Mobile & Offense - Fabber",
            "compare0": "<",
            "value0": 0.03
          },
          {
            "test_type": "OtherPlanetCanReceiveLandUnitAssistance",
            "boolean": true
          },
          {
            "test_type": "OtherPlanetNeedsLandUnitAssistance",
            "boolean": true
          }
        ]
      ]
    }
  ]
}
