{
  "build_list": [
    {
      "name": "Platinum - Orbital Fabber",
      "to_build": "OrbitalFabber",
      "instance_count": 1,
      "max_num_assisters": 10,
      "priority": 199,
      "builders": ["OrbitalLauncher"],
      "build_conditions": [
        [
          {
            "test_type": "HasPersonalityTag",
            "string0": "platinum",
            "boolean": true
          },
          {
            "test_type": "BaseThreat",
            "string0": "Orbital",
            "compare0": "<=",
            "value0": 0
          },
          {
            "test_type": "PlanetCount",
            "compare0": ">",
            "value0": 1
          },
          {
            "test_type": "UnitCountOnPlanet",
            "unit_type_string0": "Orbital & Fabber",
            "compare0": "<",
            "value0": 1
          }
        ],
        [
          {
            "test_type": "HasPersonalityTag",
            "string0": "platinum",
            "boolean": true
          },
          {
            "test_type": "PlanetIsGasGiant",
            "boolean": true
          },
          {
            "test_type": "CanAffordPotentialDrain",
            "string0": "OrbitalFabber"
          },
          {
            "test_type": "BaseThreat",
            "string0": "Orbital",
            "compare0": "<=",
            "value0": 0
          },
          {
            "test_type": "UnitRatioOnPlanet",
            "unit_type_string0": "Fabber & Orbital",
            "unit_type_string1": "Factory & Orbital",
            "compare0": "<",
            "value0": 1
          }
        ],
        [
          {
            "test_type": "HasPersonalityTag",
            "string0": "platinum",
            "boolean": true
          },
          {
            "test_type": "PlanetOrGasGiantWithoutPresence",
            "boolean": true
          },
          {
            "test_type": "CanAffordPotentialDrain",
            "string0": "OrbitalFabber"
          },
          {
            "test_type": "BaseThreat",
            "string0": "Orbital",
            "compare0": "<=",
            "value0": 0
          }
        ]
      ]
    },
    {
      "name": "Platinum - ARKYD - This Planet",
      "to_build": "BasicRadarSattelite",
      "instance_count": 1,
      "max_num_assisters": 10,
      "priority": 98,
      "builders": ["OrbitalLauncher"],
      "build_conditions": [
        [
          {
            "test_type": "HasPersonalityTag",
            "string0": "platinum",
            "boolean": true
          },
          {
            "test_type": "ThisPlanetNeedsReconAssistance",
            "boolean": true
          },
          {
            "test_type": "CanAffordPotentialDrain",
            "string0": "BasicRadarSattelite"
          },
          {
            "test_type": "BaseThreat",
            "string0": "Orbital",
            "compare0": "<=",
            "value0": 0
          }
        ]
      ]
    },
    {
      "name": "Platinum - ARKYD - Other Planet",
      "to_build": "BasicRadarSattelite",
      "instance_count": 1,
      "shared_instance_count": "ReconAssistance",
      "cross_planet_shared_count": true,
      "max_num_assisters": 10,
      "priority": 98,
      "builders": ["OrbitalLauncher"],
      "build_conditions": [
        [
          {
            "test_type": "HasPersonalityTag",
            "string0": "platinum",
            "boolean": true
          },
          {
            "test_type": "BaseThreat",
            "string0": "Orbital",
            "compare0": "<=",
            "value0": 0
          },
          {
            "test_type": "SystemThreat",
            "string0": "Land",
            "compare0": ">",
            "value0": 12500
          },
          {
            "test_type": "PlanetHighestEnemyArmyThreatRatio",
            "string0": "Orbital",
            "string1": "AntiOrbital",
            "compare0": "<",
            "value0": 1
          }
        ],
        [
          {
            "test_type": "HasPersonalityTag",
            "string0": "platinum",
            "boolean": true
          },
          {
            "test_type": "BaseThreat",
            "string0": "Orbital",
            "compare0": "<=",
            "value0": 0
          },
          {
            "test_type": "SystemThreat",
            "string0": "Naval",
            "compare0": ">",
            "value0": 0
          },
          {
            "test_type": "PlanetHighestEnemyArmyThreatRatio",
            "string0": "Orbital",
            "string1": "AntiOrbital",
            "compare0": "<",
            "value0": 1
          }
        ]
      ]
    },
    {
      "name": "Platinum - Hermes - This Planet",
      "to_build": "OrbitalProbe",
      "instance_count": 1,
      "priority": 98,
      "builders": ["OrbitalLauncher"],
      "build_conditions": [
        [
          {
            "test_type": "HasPersonalityTag",
            "string0": "platinum",
            "boolean": true
          },
          {
            "test_type": "ThisPlanetNeedsReconAssistance",
            "boolean": true
          },
          {
            "test_type": "CanAffordPotentialDrain",
            "string0": "OrbitalProbe"
          },
          {
            "test_type": "BaseThreat",
            "string0": "Orbital",
            "compare0": "<=",
            "value0": 0
          }
        ]
      ]
    },
    {
      "name": "Platinum - Hermes - Other Planet",
      "to_build": "OrbitalProbe",
      "instance_count": 1,
      "shared_instance_count": "ReconAssistance",
      "cross_planet_shared_count": true,
      "priority": 98,
      "builders": ["OrbitalLauncher"],
      "build_conditions": [
        [
          {
            "test_type": "HasPersonalityTag",
            "string0": "platinum",
            "boolean": true
          },
          {
            "test_type": "OtherPlanetNeedsReconAssistance",
            "boolean": true
          },
          {
            "test_type": "CanAffordPotentialDrain",
            "string0": "OrbitalProbe"
          },
          {
            "test_type": "BaseThreat",
            "string0": "Orbital",
            "compare0": "<=",
            "value0": 0
          }
        ]
      ]
    },
    {
      "name": "Platinum - Avenger - Local Threat",
      "to_build": "OrbitalFighter",
      "instance_count": -1,
      "max_num_assisters": 10,
      "priority": 98,
      "builders": ["OrbitalLauncher"],
      "build_conditions": [
        [
          {
            "test_type": "HasPersonalityTag",
            "string0": "platinum",
            "boolean": true
          },
          {
            "test_type": "PlanetThreat",
            "string0": "Orbital",
            "compare0": ">",
            "value0": 0
          }
        ]
      ]
    },
    {
      "name": "Platinum - Avenger - System Threat",
      "to_build": "OrbitalFighter",
      "instance_count": -1,
      "max_num_assisters": 10,
      "priority": 97,
      "builders": ["AnyUberOrbitalFactory"],
      "build_conditions": [
        [
          {
            "test_type": "HasPersonalityTag",
            "string0": "platinum",
            "boolean": true
          },
          {
            "test_type": "SystemThreat",
            "string0": "Orbital",
            "compare0": ">",
            "value0": 0
          }
        ]
      ]
    },
    {
      "name": "Platinum - Astraeus",
      "to_build": "OrbitalLander",
      "instance_count": 1,
      "max_num_assisters": 10,
      "priority": 101,
      "builders": ["OrbitalLauncher"],
      "build_conditions": [
        [
          {
            "test_type": "HasPersonalityTag",
            "string0": "platinum",
            "boolean": true
          },
          {
            "test_type": "PlanetWithoutPresence",
            "boolean": true
          },
          {
            "test_type": "CanDeployNavalFromBase",
            "boolean": true
          },
          {
            "test_type": "CanDeployLandFromBase",
            "boolean": false
          },
          {
            "test_type": "BaseThreat",
            "string0": "Orbital",
            "compare0": "<=",
            "value0": 0
          },
          {
            "test_type": "UnitCountOnPlanet",
            "unit_type_string0": "Structure & Teleporter",
            "compare0": "<",
            "value0": 1
          },
          {
            "test_type": "UnitCountOnPlanet",
            "unit_type_string0": "Orbital & Transport",
            "compare0": "<",
            "value0": 1
          }
        ]
      ]
    },
    {
      "name": "Platinum - Solar Array",
      "to_build": "SolarArray",
      "instance_count": 1,
      "max_num_assisters": 10,
      "priority": 97,
      "builders": ["OrbitalFactory"],
      "build_conditions": [
        [
          {
            "test_type": "HasPersonalityTag",
            "string0": "platinum",
            "boolean": true
          },
          {
            "test_type": "PotentialEnergyEfficiency",
            "compare0": "<",
            "value0": 1
          },
          {
            "test_type": "BaseThreat",
            "string0": "Orbital",
            "compare0": "<=",
            "value0": 0
          },
          {
            "test_type": "PlanetHighestEnemyArmyThreatRatio",
            "string0": "Orbital",
            "string1": "AntiOrbital",
            "compare0": "<",
            "value0": 1
          }
        ],
        [
          {
            "test_type": "HasPersonalityTag",
            "string0": "platinum",
            "boolean": true
          },
          {
            "test_type": "DesireEnergy"
          },
          {
            "test_type": "BaseThreat",
            "string0": "Orbital",
            "compare0": "<=",
            "value0": 0
          },
          {
            "test_type": "PlanetHighestEnemyArmyThreatRatio",
            "string0": "Orbital",
            "string1": "AntiOrbital",
            "compare0": "<",
            "value0": 1
          }
        ]
      ]
    },
    {
      "name": "Platinum - SXX-1304 Laser Platform",
      "to_build": "OrbitalDeathLaser",
      "instance_count": -1,
      "max_num_assisters": 10,
      "priority": 97,
      "builders": ["OrbitalFactory"],
      "build_conditions": [
        [
          {
            "test_type": "HasPersonalityTag",
            "string0": "platinum",
            "boolean": true
          },
          {
            "test_type": "BaseThreat",
            "string0": "Orbital",
            "compare0": "<=",
            "value0": 0
          },
          {
            "test_type": "PlanetHighestEnemyArmyThreatRatio",
            "string0": "Orbital",
            "string1": "AntiOrbital",
            "compare0": "<",
            "value0": 1
          }
        ]
      ]
    },
    {
      "name": "Platinum - Advanced Radar Satellite - This Planet",
      "to_build": "AdvancedRadarSattelite",
      "instance_count": 1,
      "max_num_assisters": 10,
      "priority": 99,
      "builders": ["OrbitalFactory"],
      "build_conditions": [
        [
          {
            "test_type": "HasPersonalityTag",
            "string0": "platinum",
            "boolean": true
          },
          {
            "test_type": "ThisPlanetNeedsReconAssistance",
            "boolean": true
          },
          {
            "test_type": "CanAffordPotentialDrain",
            "string0": "AdvancedRadarSattelite"
          },
          {
            "test_type": "BaseThreat",
            "string0": "Orbital",
            "compare0": "<=",
            "value0": 0
          }
        ]
      ]
    },
    {
      "name": "Platinum - Advanced Radar Satellite - Other Planet",
      "to_build": "AdvancedRadarSattelite",
      "instance_count": 1,
      "shared_instance_count": "ReconAssistance",
      "cross_planet_shared_count": true,
      "max_num_assisters": 10,
      "priority": 99,
      "builders": ["OrbitalFactory"],
      "build_conditions": [
        [
          {
            "test_type": "HasPersonalityTag",
            "string0": "platinum",
            "boolean": true
          },
          {
            "test_type": "OtherPlanetNeedsReconAssistance",
            "boolean": true
          },
          {
            "test_type": "CanAffordPotentialDrain",
            "string0": "AdvancedRadarSattelite"
          },
          {
            "test_type": "BaseThreat",
            "string0": "Orbital",
            "compare0": "<=",
            "value0": 0
          }
        ]
      ]
    },
    {
      "name": "Platinum - Artemis",
      "to_build": "OrbitalRailgun",
      "instance_count": -1,
      "max_num_assisters": 5,
      "priority": 97,
      "builders": ["OrbitalFactory"],
      "build_conditions": [
        [
          {
            "test_type": "HasPersonalityTag",
            "string0": "platinum",
            "boolean": true
          },
          {
            "test_type": "SystemThreat",
            "string0": "Orbital",
            "compare0": ">",
            "value0": 0
          }
        ]
      ]
    },
    {
      "name": "Platinum - Omega",
      "to_build": "OrbitalBattleShip",
      "instance_count": -1,
      "max_num_assisters": 5,
      "priority": 97,
      "builders": ["OrbitalFactory"],
      "build_conditions": [
        [
          {
            "test_type": "HasPersonalityTag",
            "string0": "platinum",
            "boolean": true
          },
          {
            "test_type": "SystemThreat",
            "string0": "Orbital",
            "compare0": ">",
            "value0": 0
          },
          {
            "test_type": "UnitRatioOnPlanet",
            "unit_type_string0": "Orbital & Fighter & Heavy",
            "unit_type_string1": "Orbital & Fighter & Mobile - Titan",
            "compare0": "<",
            "value0": 0.2
          }
        ]
      ]
    }
  ]
}
