{
  "display_name": "Overwatch Commander",
  "description": "!LOC:Imperial Overwatch Commander",
  "attachable": {
    "offsets": {
      "head": [
        0,
        0,
        12.2
      ],
      "root": [
        0,
        0,
        0
      ]
    }
  },
  "base_spec": "/pa/units/commanders/l_base/l_base.json",
  "catalog_object_name": "LegionOverwatch",
  "client": {
    "ui": {
      "image": "/ui/main/shared/img/commanders/img_l_overwatch.png",
      "profile_image": "/ui/main/shared/img/commanders/profiles/profile_l_overwatch.png",
      "thumb_image": "/ui/main/shared/img/commanders/thumbs/img_l_overwatch_thumb.png"
    }
  },
  "events": {
    "fired": {
      "effect_spec": "/pa/effects/specs/default_muzzle_flash.pfx muzzle"
    }
  },
  "fx_offsets": [
    {
      "bone": "lathe",
      "filename": "/pa/effects/specs/legion_fab_spray.pfx",
      "type": "build"
    }
  ],
  "headlights": [
    {
      "bone": "turret",
      "color": [
        1.0,
        1.0,
        1.0
      ],
      "far_distance": 30.0,
      "gobo": "/pa/effects/textures/gobo/spotlight_gobo.papa",
      "intensity": 6.0,
      "near_distance": 3.0,
      "near_height": 5.0,
      "near_width": 5.0,
      "offset": [
        0.0,
        -1.7,
        1.9
      ],
      "orientation": [
        0.0,
        0.0,
        0.0
      ],
      "shadow_resolution": 128
    }
  ],
  "mesh_bounds": [
    12.6,
    6,
    15.6193
  ],
  "model": {
    "animations": {
      "idle": "/pa/units/commanders/l_overwatch/l_overwatch_idle.papa",
      "walk": "/pa/units/commanders/l_overwatch/l_overwatch_walk.papa"
    },
    "animtree": "/pa/anim/anim_trees/commander_overwatch_anim_tree.json",
    "filename": "/pa/units/commanders/l_overwatch/l_overwatch.papa",
    "walk_speed": 6
  },
  "selection_icon": {
    "diameter": -16.6
  },
  "tools": [
    {
      "aim_bone": "turret",
      "spec_id": "/pa/tools/commander_build_arm/commander_build_arm.json"
    },
    {
      "aim_bone": "turret",
      "muzzle_bone": "muzzle",
      "primary_weapon": true,
      "spec_id": "/pa/units/commanders/base_commander/base_commander_tool_bullet_weapon.json"
    },
    {
      "aim_bone": "turret",
      "muzzle_bone": "muzzle",
      "secondary_weapon": true,
      "spec_id": "/pa/tools/l_uber_cannon/l_uber_cannon.json"
    },
    {
      "aim_bone": "turret",
      "muzzle_bone": "muzzle",
      "primary_weapon": false,
      "show_range": false,
      "spec_id": "/pa/units/commanders/base_commander/base_commander_tool_aa_weapon.json"
    },
    {
      "aim_bone": "turret",
      "muzzle_bone": "muzzle",
      "primary_weapon": false,
      "show_range": false,
      "spec_id": "/pa/units/commanders/base_commander/base_commander_tool_torpedo_weapon.json"
    }
  ]
}
