{
  "ammo_capacity": 5,
  "ammo_demand": 1,
  "ammo_id": "/pa/units/air/l_gunship/l_gunship_rocket_ammo.json",
  "ammo_per_shot": 2.5,
  "ammo_source": "time",
  "auto_attack": true,
  "base_spec": "/pa/tools/base_missile_tactical_turret/base_missile_tactical_turret.json",
  "carpet_fire": true,
  "carpet_wait_for_full_ammo": true,
  "firing_arc_pitch": 180,
  "firing_arc_yaw": 180,
  "firing_standard_deviation": 30,
  "max_range": 100,
  "pitch_range": 0,
  "pitch_rate": 180,
  "rate_of_fire": 2.5,
  "spread_fire": true,
  "target_layers": [
    "WL_LandHorizontal",
    "WL_WaterSurface"
  ],
  "target_priorities": [
    "Commander",
    "AirDefense & (Land | Naval)",
    "Titan & (Land | Naval)",
    "Artillery & Advanced & (Land | Naval)",
    "Nuke | NukeDefense"
  ],
  "yaw_range": 0,
  "yaw_rate": 180
}
