{
  "ammo_id": "/pa/units/air/l_gunship/l_gunship_main_ammo.json",
  "auto_attack": true,
  "base_spec": "/pa/tools/base_bot_weapon/base_bot_weapon.json",
  "idle_aim_delay": 0.25,
  "max_range": 80,
  "pitch_range": 100,
  "pitch_rate": 360,
  "rate_of_fire": 4,
  "target_layers": [
    "WL_LandHorizontal",
    "WL_WaterSurface"
  ],
  "target_priorities": [
    "Commander",
    "AirDefense & (Land | Naval)",
    "Titan & (Land | Naval)",
    "Artillery & Advanced & (Land | Naval)",
    "Nuke | NukeDefense"
  ],
  "yaw_range": 360,
  "yaw_rate": 360
}
