{
  "display_name": "!LOC:Loki",
  "description": "!LOC:Flying Fortress Titan- Heavy damage over a wide area. Attacks any targets except orbital.",
  "TEMP_texelinfo": 35.89798,
  "atrophy_cool_down": 15.0,
  "atrophy_rate": 200.0,
  "audio": {
    "loops": {
      "move": {
        "cue": "/SE/Movement/titan/air_titan_loop",
        "flag": "vel_changed",
        "should_start_func": "is_moving_laterally",
        "should_stop_func": "is_not_moving"
      }
    },
    "selection_response": {
      "cue": "/SE/Selection/titan/air"
    }
  },
  "base_spec": "/pa/units/air/base_flyer/base_flyer.json",
  "build_metal_cost": 30000,
  "death_weapon": {
    "ground_ammo_spec": "/pa/units/air/titan_air/titan_air_ammo_death.json"
  },
  "events": {
    "build_complete": {
      "audio_cue": "/SE/Build_Complete/Titan_Complete"
    },
    "died": {
      "audio_cue": "",
      "effect_scale": 1.0,
      "effect_spec": "/pa/units/air/titan_air/titan_air_death.pfx bone_root"
    },
    "fired0": {
      "audio_cue": "/SE/Weapons/bot/spark_fire",
      "effect_spec": "/pa/units/air/titan_air/titan_air_muzzle_flash.pfx socket_muzzle001 /pa/units/air/titan_air/titan_air_muzzle_flash.pfx socket_muzzle002"
    },
    "fired1": {
      "audio_cue": "/SE/Weapons/orb/orbital_battleship_fire",
      "effect_spec": "/pa/units/air/titan_air/titan_air_muzzle_flash.pfx socket_muzzle003 /pa/units/air/titan_air/titan_air_muzzle_flash.pfx socket_muzzle004"
    },
    "fired2": {
      "audio_cue": "/SE/Weapons/sea/destroyer_fire",
      "effect_spec": "/pa/effects/specs/tank_muzzle_flash.pfx socket_alt_muzzle001 /pa/effects/specs/tank_muzzle_flash.pfx socket_alt_muzzle002 /pa/effects/specs/tank_muzzle_flash.pfx socket_alt_muzzle003 /pa/effects/specs/tank_muzzle_flash.pfx socket_alt_muzzle004"
    },
    "fired3": {
      "audio_cue": "/SE/Weapons/sea/destroyer_fire",
      "effect_spec": "/pa/effects/specs/tank_muzzle_flash.pfx socket_alt_muzzle005 /pa/effects/specs/tank_muzzle_flash.pfx socket_alt_muzzle006 /pa/effects/specs/tank_muzzle_flash.pfx socket_alt_muzzle007 /pa/effects/specs/tank_muzzle_flash.pfx socket_alt_muzzle008"
    }
  },
  "fx_offsets": [
    {
      "bone": "thrustBackMain",
      "filename": "/pa/units/air/l_titan_air/titan_back_jets.pfx",
      "offset": [
        0,
        0,
        0
      ],
      "type": "moving_forward"
    },
    {
      "bone": "thrustBackMain",
      "filename": "/pa/units/air/l_titan_air/titan_side_jets.pfx",
      "offset": [
        0,
        0,
        0
      ],
      "type": "idle"
    },
    {
      "bone": "thrustBackMain",
      "filename": "/pa/units/air/l_titan_air/titan_back_smoke.pfx",
      "offset": [
        0,
        0,
        0
      ],
      "type": "idle"
    }
  ],
  "guard_layer": "WL_AnySurface",
  "guard_radius": 50,
  "has_death_effects": true,
  "max_health": 9000,
  "mesh_bounds": [
    84,
    77,
    15
  ],
  "model": {
    "animtree": "/pa/anim/anim_trees/l_titan_air_anim_tree.json",
    "filename": "/pa/units/air/l_titan_air/l_titan_air.papa"
  },
  "navigation": {
    "acceleration": 50,
    "aggressive_behavior": "point",
    "bank_factor": 0.3,
    "brake": 60,
    "circle_max_time": 2.0,
    "circle_min_time": 1.0,
    "move_speed": 30,
    "turn_accel": 30,
    "turn_speed": 50,
    "vertical_speed": 50
  },
  "physics": {
    "allow_pushing": false,
    "push_sideways": false
  },
  "recon": {
    "observer": {
      "items": [
        {
          "channel": "sight",
          "layer": "surface_and_air",
          "radius": 200,
          "shape": "capsule"
        },
        {
          "channel": "sight",
          "layer": "underwater",
          "radius": 200,
          "shape": "capsule"
        }
      ]
    }
  },
  "selection_icon": {
    "diameter": -72.0
  },
  "tools": [
    {
      "aim_bone": "bone_turret_main",
      "fire_event": "fired0",
      "muzzle_bone": [
        "socket_muzzle001",
        "socket_muzzle002"
      ],
      "projectiles_per_fire": 2,
      "record_index": 0,
      "spec_id": "/pa/units/air/l_titan_air/l_titan_air_main_tool_weapon.json"
    },
    {
      "aim_bone": "bone_turret_main",
      "fire_event": "fired1",
      "muzzle_bone": [
        "socket_muzzle003",
        "socket_muzzle004"
      ],
      "projectiles_per_fire": 2,
      "record_index": 0,
      "spec_id": "/pa/units/air/l_titan_air/l_titan_air_main_tool_weapon.json"
    },
    {
      "aim_bone": "bone_turret_side_left",
      "fire_event": "fired2",
      "muzzle_bone": [
        "socket_alt_muzzle001",
        "socket_alt_muzzle002",
        "socket_alt_muzzle003",
        "socket_alt_muzzle004"
      ],
      "projectiles_per_fire": 2,
      "record_index": 2,
      "spec_id": "/pa/units/air/l_titan_air/l_titan_air_side_tool_weapon.json"
    },
    {
      "aim_bone": "bone_turret_side_right",
      "fire_event": "fired3",
      "muzzle_bone": [
        "socket_alt_muzzle005",
        "socket_alt_muzzle006",
        "socket_alt_muzzle007",
        "socket_alt_muzzle008"
      ],
      "projectiles_per_fire": 2,
      "record_index": 3,
      "spec_id": "/pa/units/air/l_titan_air/l_titan_air_side_tool_weapon.json"
    }
  ],
  "unit_types": [
    "UNITTYPE_Bomber",
    "UNITTYPE_Mobile",
    "UNITTYPE_Offense",
    "UNITTYPE_Air",
    "UNITTYPE_Advanced",
    "UNITTYPE_Titan",
    "UNITTYPE_Important",
    "UNITTYPE_FabOrbBuild",
    "UNITTYPE_Custom1"
  ],
  "wreckage_health_frac": 0.5
}
