{
  "build_list": [
    {
      "name": "Uber 1v1 - Basic Bot Factory - Commander",
      "to_build": "BasicBotFactory",
      "instance_count": 1,
      "shared_instance_count": "BasicFactory",
      "priority": 376,
      "base_sort": "FromMainBase",
      "builders": ["UberCommander"],
      "build_conditions": [
        [
          {
            "test_type": "HasPersonalityTag",
            "string0": "1v1",
            "boolean": true
          },
          {
            "test_type": "PlanetIsRespawnable",
            "boolean": false
          },
          {
            "test_type": "AloneOnPlanet",
            "boolean": false
          },
          {
            "test_type": "CanDeployLandFromBase",
            "boolean": true
          },
          {
            "test_type": "CanAffordPotentialDrain",
            "string0": "BasicBotFactory"
          },
          {
            "test_type": "UnitCountOnPlanet",
            "unit_type_string0": "Bot & Factory & Basic",
            "compare0": "<",
            "value0": 4
          },
          {
            "test_type": "CanFindPlaceToBuild",
            "string0": "BasicBotFactory"
          }
        ]
      ],
      "placement_rules": {
        "buffer": 3,
        "placement_type": "FromBaseCenter",
        "threat": {
          "influence_type": "AntiSurface",
          "compare_type": "<",
          "radius": 10,
          "value": 50
        }
      }
    },
    {
      "name": "Uber 1v1 - Basic Bot Factory - Fabbers",
      "to_build": "BasicBotFactory",
      "instance_count": 1,
      "shared_instance_count": "BasicFactory",
      "priority": 376,
      "min_num_assisters": 2,
      "max_num_assisters": 4,
      "base_sort": "FromBuilder",
      "builders": ["BasicBotFabber", "BasicVehicleFabber"],
      "build_conditions": [
        [
          {
            "test_type": "HasPersonalityTag",
            "string0": "1v1",
            "boolean": true
          },
          {
            "test_type": "PlanetIsRespawnable",
            "boolean": false
          },
          {
            "test_type": "AloneOnPlanet",
            "boolean": false
          },
          {
            "test_type": "CanDeployLandFromBase",
            "boolean": true
          },
          {
            "test_type": "CanAffordPotentialDrain",
            "string0": "BasicBotFactory"
          },
          {
            "test_type": "UnitCountOnPlanet",
            "unit_type_string0": "Bot & Factory & Basic",
            "compare0": "<",
            "value0": 4
          },
          {
            "test_type": "CanFindPlaceToBuild",
            "string0": "BasicBotFactory"
          }
        ]
      ],
      "placement_rules": {
        "buffer": 3,
        "placement_type": "FromBaseCenter",
        "threat": {
          "influence_type": "AntiSurface",
          "compare_type": "<",
          "radius": 10,
          "value": 50
        }
      }
    }
  ]
}
