{
  "build_list": [
    {
      "name": "Uber FFA - Basic Vehicle Factory - Commander",
      "to_build": "BasicVehicleFactory",
      "instance_count": 1,
      "shared_instance_count": "BasicFactory",
      "priority": 376,
      "base_sort": "FromMainBase",
      "builders": ["UberCommander"],
      "build_conditions": [
        [
          {
            "test_type": "HasPersonalityTag",
            "string0": "ffa",
            "boolean": true
          },
          {
            "test_type": "PlanetIsRespawnable",
            "boolean": false
          },
          {
            "test_type": "AloneOnPlanet",
            "boolean": false
          },
          {
            "test_type": "CanDeployLandFromBase",
            "boolean": true
          },
          {
            "test_type": "CanAffordPotentialDrain",
            "string0": "BasicVehicleFactory"
          },
          {
            "test_type": "CanFindPlaceToBuild",
            "string0": "BasicVehicleFactory"
          }
        ]
      ],
      "placement_rules": {
        "buffer": 3,
        "placement_type": "FromBaseCenter",
        "threat": {
          "influence_type": "AntiSurface",
          "compare_type": "<",
          "radius": 10,
          "value": 50
        }
      }
    },
    {
      "name": "Uber FFA - Basic Vehicle Factory - Fabber",
      "to_build": "BasicVehicleFactory",
      "instance_count": 1,
      "shared_instance_count": "BasicFactory",
      "priority": 376,
      "min_num_assisters": 2,
      "max_num_assisters": 4,
      "base_sort": "FromBuilder",
      "builders": ["BasicBotFabber", "BasicVehicleFabber"],
      "build_conditions": [
        [
          {
            "test_type": "HasPersonalityTag",
            "string0": "ffa",
            "boolean": true
          },
          {
            "test_type": "PlanetIsRespawnable",
            "boolean": false
          },
          {
            "test_type": "AloneOnPlanet",
            "boolean": false
          },
          {
            "test_type": "CanDeployLandFromBase",
            "boolean": true
          },
          {
            "test_type": "CanAffordPotentialDrain",
            "string0": "BasicVehicleFactory"
          },
          {
            "test_type": "CanFindPlaceToBuild",
            "string0": "BasicVehicleFactory"
          }
        ]
      ],
      "placement_rules": {
        "buffer": 3,
        "placement_type": "FromBaseCenter",
        "threat": {
          "influence_type": "AntiSurface",
          "compare_type": "<",
          "radius": 10,
          "value": 50
        }
      }
    },
    {
      "name": "Legion - Uber FFA - Armor Foundry - Commander",
      "to_build": "LegionFactoryBasicVehicle",
      "instance_count": 1,
      "shared_instance_count": "BasicFactory",
      "priority": 376,
      "base_sort": "FromMainBase",
      "builders": ["LegionCommander"],
      "build_conditions": [
        [
          {
            "test_type": "HasPersonalityTag",
            "string0": "ffa",
            "boolean": true
          },
          {
            "test_type": "PlanetIsRespawnable",
            "boolean": false
          },
          {
            "test_type": "AloneOnPlanet",
            "boolean": false
          },
          {
            "test_type": "CanDeployLandFromBase",
            "boolean": true
          },
          {
            "test_type": "CanAffordPotentialDrain",
            "string0": "LegionFactoryBasicVehicle"
          },
          {
            "test_type": "CanFindPlaceToBuild",
            "string0": "LegionFactoryBasicVehicle"
          }
        ]
      ],
      "placement_rules": {
        "buffer": 3,
        "placement_type": "FromBaseCenter",
        "threat": {
          "influence_type": "AntiSurface",
          "compare_type": "<",
          "radius": 10,
          "value": 50
        }
      }
    },
    {
      "name": "Legion - Uber FFA - Armor Foundry - Fabber",
      "to_build": "LegionFactoryBasicVehicle",
      "instance_count": 1,
      "shared_instance_count": "BasicFactory",
      "priority": 376,
      "min_num_assisters": 2,
      "max_num_assisters": 4,
      "base_sort": "FromBuilder",
      "builders": ["LegionBotBasicFabber", "LegionVehicleBasicFabber"],
      "build_conditions": [
        [
          {
            "test_type": "HasPersonalityTag",
            "string0": "ffa",
            "boolean": true
          },
          {
            "test_type": "PlanetIsRespawnable",
            "boolean": false
          },
          {
            "test_type": "AloneOnPlanet",
            "boolean": false
          },
          {
            "test_type": "CanDeployLandFromBase",
            "boolean": true
          },
          {
            "test_type": "CanAffordPotentialDrain",
            "string0": "LegionFactoryBasicVehicle"
          },
          {
            "test_type": "CanFindPlaceToBuild",
            "string0": "LegionFactoryBasicVehicle"
          }
        ]
      ],
      "placement_rules": {
        "buffer": 3,
        "placement_type": "FromBaseCenter",
        "threat": {
          "influence_type": "AntiSurface",
          "compare_type": "<",
          "radius": 10,
          "value": 50
        }
      }
    }
  ]
}
