{
  "build_list": [
    {
      "name": "Uber Naval - Basic Naval Factory - Commander",
      "to_build": "BasicNavalFactory",
      "instance_count": 1,
      "shared_instance_count": "BasicFactory",
      "priority": 377,
      "base_sort": "FromMainBase",
      "builders": ["UberCommander"],
      "build_conditions": [
        [
          {
            "test_type": "HasPersonalityTag",
            "string0": "naval",
            "boolean": true
          },
          {
            "test_type": "AloneOnPlanet",
            "boolean": false
          },
          {
            "test_type": "UnitCountOnPlanet",
            "unit_type_string0": "Factory",
            "compare0": "<",
            "value0": 1
          },
          {
            "test_type": "CanFindPlaceToBuild",
            "string0": "BasicNavalFactory"
          }
        ],
        [
          {
            "test_type": "HasPersonalityTag",
            "string0": "naval",
            "boolean": true
          },
          {
            "test_type": "EnemySurfacePresenceOnPlanet",
            "boolean": true
          },
          {
            "test_type": "CanDeployNavalFromBase",
            "boolean": true
          },
          {
            "test_type": "CanAffordPotentialDrain",
            "string0": "BasicNavalFactory"
          },
          {
            "test_type": "CanFindPlaceToBuild",
            "string0": "BasicNavalFactory"
          }
        ]
      ],
      "placement_rules": {
        "buffer": 3,
        "placement_type": "FromBaseCenter",
        "threat": {
          "influence_type": "AntiSurface",
          "compare_type": "<",
          "radius": 10,
          "value": 50
        }
      }
    },
    {
      "name": "Uber Naval - Basic Naval Factory - Fabber",
      "to_build": "BasicNavalFactory",
      "instance_count": 2,
      "shared_instance_count": "BasicFactory",
      "priority": 376,
      "min_num_assisters": 2,
      "max_num_assisters": 4,
      "base_sort": "FromBuilder",
      "builders": [
        "BasicAirFabber",
        "BasicNavalFabber",
        "AdvancedAirFabber",
        "AdvancedNavalFabber"
      ],
      "build_conditions": [
        [
          {
            "test_type": "HasPersonalityTag",
            "string0": "naval",
            "boolean": true
          },
          {
            "test_type": "EnemySurfacePresenceOnPlanet",
            "boolean": true
          },
          {
            "test_type": "CanDeployNavalFromBase",
            "boolean": true
          },
          {
            "test_type": "CanAffordPotentialDrain",
            "string0": "BasicNavalFactory"
          },
          {
            "test_type": "CanFindPlaceToBuild",
            "string0": "BasicNavalFactory"
          }
        ]
      ],
      "placement_rules": {
        "buffer": 5,
        "placement_type": "FromBaseCenter",
        "threat": {
          "influence_type": "AntiSurface",
          "compare_type": "<",
          "radius": 10,
          "value": 50
        }
      }
    },
    {
      "name": "Uber Naval - Basic Naval Factory - Excess Eco",
      "to_build": "BasicNavalFactory",
      "instance_count": 2,
      "shared_instance_count": "BasicFactory",
      "priority": 375,
      "min_num_assisters": 2,
      "max_num_assisters": 4,
      "base_sort": "FromBuilder",
      "builders": [
        "UberCommander",
        "BasicAirFabber",
        "BasicNavalFabber",
        "AdvancedAirFabber",
        "AdvancedNavalFabber"
      ],
      "build_conditions": [
        [
          {
            "test_type": "HasPersonalityTag",
            "string0": "naval",
            "boolean": true
          },
          {
            "test_type": "EnemySurfacePresenceOnPlanet",
            "boolean": true
          },
          {
            "test_type": "CanDeployNavalFromBase",
            "boolean": true
          },
          {
            "test_type": "CurrentMetalEfficiency",
            "compare0": ">",
            "value0": 1
          },
          {
            "test_type": "MetalStorageFrac",
            "compare0": ">",
            "value0": 0.2
          },
          {
            "test_type": "CurrentEnergyEfficiency",
            "compare0": ">",
            "value0": 1
          },
          {
            "test_type": "CanAffordPotentialDrain",
            "string0": "BasicNavalFactory"
          },
          {
            "test_type": "CanFindPlaceToBuild",
            "string0": "BasicNavalFactory"
          }
        ]
      ],
      "placement_rules": {
        "buffer": 5,
        "placement_type": "FromBaseCenter",
        "threat": {
          "influence_type": "AntiSurface",
          "compare_type": "<",
          "radius": 10,
          "value": 50
        }
      }
    },
    {
      "name": "Uber Naval - Advanced Naval Factory",
      "to_build": "AdvancedNavalFactory",
      "instance_count": 1,
      "shared_instance_count": "AdvancedFactory",
      "priority": 479,
      "min_num_assisters": 5,
      "max_num_assisters": 8,
      "builders": ["BasicNavalFabber", "AdvancedNavalFabber"],
      "build_conditions": [
        [
          {
            "test_type": "HasPersonalityTag",
            "string0": "naval",
            "boolean": true
          },
          {
            "test_type": "EnemySurfacePresenceOnPlanet",
            "boolean": true
          },
          {
            "test_type": "HaveEcoForAdvanced",
            "boolean": true
          },
          {
            "test_type": "PlanetHighestEnemyArmyThreatRatio",
            "string0": "Sub",
            "string1": "AntiSub",
            "compare0": "<",
            "value0": 1
          },
          {
            "test_type": "CanAffordPotentialDrain",
            "string0": "AdvancedNavalFactory"
          },
          {
            "test_type": "UnitCountOnPlanet",
            "unit_type_string0": "(Basic & Fabber) - Orbital - Land",
            "compare0": ">=",
            "value0": 5
          },
          {
            "test_type": "CanFindPlaceToBuild",
            "string0": "AdvancedNavalFactory"
          }
        ],
        [
          {
            "test_type": "HasPersonalityTag",
            "string0": "naval",
            "boolean": true
          },
          {
            "test_type": "EnemySurfacePresenceOnPlanet",
            "boolean": true
          },
          {
            "test_type": "HaveEcoForAdvanced",
            "boolean": true
          },
          {
            "test_type": "CanDeployNavalFromBase",
            "boolean": true
          },
          {
            "test_type": "UnitCountOnPlanet",
            "unit_type_string0": "Factory & Advanced - Orbital",
            "compare0": "<",
            "value0": 1
          },
          {
            "test_type": "UnitCountOnPlanet",
            "unit_type_string0": "(Basic & Fabber) - Orbital - Land",
            "compare0": ">=",
            "value0": 5
          },
          {
            "test_type": "CanFindPlaceToBuild",
            "string0": "AdvancedNavalFactory"
          }
        ]
      ],
      "placement_rules": {
        "buffer": 5,
        "threat": {
          "influence_type": "AntiSurface",
          "compare_type": "<",
          "radius": 10,
          "value": 50
        }
      }
    },
    {
      "name": "Uber Naval - Advanced Naval Factory - Excess Eco",
      "to_build": "AdvancedNavalFactory",
      "instance_count": 2,
      "shared_instance_count": "AdvancedFactory",
      "priority": 475,
      "min_num_assisters": 6,
      "max_num_assisters": 9,
      "base_sort": "FromBuilder",
      "builders": ["BasicNavalFabber", "AdvancedNavalFabber"],
      "build_conditions": [
        [
          {
            "test_type": "HasPersonalityTag",
            "string0": "naval",
            "boolean": true
          },
          {
            "test_type": "EnemySurfacePresenceOnPlanet",
            "boolean": true
          },
          {
            "test_type": "HaveEcoForAdvanced",
            "boolean": true
          },
          {
            "test_type": "CurrentMetalEfficiency",
            "compare0": ">",
            "value0": 1
          },
          {
            "test_type": "MetalStorageFrac",
            "compare0": ">",
            "value0": 0.3
          },
          {
            "test_type": "CurrentEnergyEfficiency",
            "compare0": ">",
            "value0": 1
          },
          {
            "test_type": "PlanetHighestEnemyArmyThreatRatio",
            "string0": "Sub",
            "string1": "AntiSub",
            "compare0": "<",
            "value0": 1
          },
          {
            "test_type": "CanAffordPotentialDrain",
            "string0": "AdvancedNavalFactory"
          },
          {
            "test_type": "CanFindPlaceToBuild",
            "string0": "AdvancedNavalFactory"
          }
        ]
      ],
      "placement_rules": {
        "buffer": 5,
        "placement_type": "FromBaseCenter",
        "threat": {
          "influence_type": "AntiSurface",
          "compare_type": "<",
          "radius": 10,
          "value": 50
        }
      }
    },
    {
      "name": "Legion - Uber Naval - Ship Foundry - Commander",
      "to_build": "LegionFactoryBasicNaval",
      "instance_count": 1,
      "shared_instance_count": "BasicFactory",
      "priority": 377,
      "base_sort": "FromMainBase",
      "builders": ["LegionCommander"],
      "build_conditions": [
        [
          {
            "test_type": "HasPersonalityTag",
            "string0": "naval",
            "boolean": true
          },
          {
            "test_type": "AloneOnPlanet",
            "boolean": false
          },
          {
            "test_type": "UnitCountOnPlanet",
            "unit_type_string0": "Factory",
            "compare0": "<",
            "value0": 1
          },
          {
            "test_type": "CanFindPlaceToBuild",
            "string0": "LegionFactoryBasicNaval"
          }
        ],
        [
          {
            "test_type": "HasPersonalityTag",
            "string0": "naval",
            "boolean": true
          },
          {
            "test_type": "EnemySurfacePresenceOnPlanet",
            "boolean": true
          },
          {
            "test_type": "CanDeployNavalFromBase",
            "boolean": true
          },
          {
            "test_type": "CanAffordPotentialDrain",
            "string0": "LegionFactoryBasicNaval"
          },
          {
            "test_type": "CanFindPlaceToBuild",
            "string0": "LegionFactoryBasicNaval"
          }
        ]
      ],
      "placement_rules": {
        "buffer": 3,
        "placement_type": "FromBaseCenter",
        "threat": {
          "influence_type": "AntiSurface",
          "compare_type": "<",
          "radius": 10,
          "value": 50
        }
      }
    },
    {
      "name": "Legion - Uber Naval - Ship Foundry - Fabber",
      "to_build": "LegionFactoryBasicNaval",
      "instance_count": 2,
      "shared_instance_count": "BasicFactory",
      "priority": 375,
      "min_num_assisters": 2,
      "max_num_assisters": 4,
      "base_sort": "FromBuilder",
      "builders": [
        "LegionAirBasicFabber",
        "LegionNavalBasicFabber",
        "LegionAirAdvancedFabber",
        "LegionNavalAdvancedFabber"
      ],
      "build_conditions": [
        [
          {
            "test_type": "HasPersonalityTag",
            "string0": "naval",
            "boolean": true
          },
          {
            "test_type": "EnemySurfacePresenceOnPlanet",
            "boolean": true
          },
          {
            "test_type": "CanDeployNavalFromBase",
            "boolean": true
          },
          {
            "test_type": "CanAffordPotentialDrain",
            "string0": "LegionFactoryBasicNaval"
          },
          {
            "test_type": "CanFindPlaceToBuild",
            "string0": "LegionFactoryBasicNaval"
          }
        ]
      ],
      "placement_rules": {
        "buffer": 5,
        "placement_type": "FromBaseCenter",
        "threat": {
          "influence_type": "AntiSurface",
          "compare_type": "<",
          "radius": 10,
          "value": 50
        }
      }
    },
    {
      "name": "Legion - Uber Naval - Ship Foundry - Excess Eco",
      "to_build": "LegionFactoryBasicNaval",
      "instance_count": 2,
      "shared_instance_count": "BasicFactory",
      "priority": 375,
      "min_num_assisters": 2,
      "max_num_assisters": 4,
      "base_sort": "FromBuilder",
      "builders": [
        "LegionCommander",
        "LegionAirBasicFabber",
        "LegionNavalBasicFabber",
        "LegionAirAdvancedFabber",
        "LegionNavalAdvancedFabber"
      ],
      "build_conditions": [
        [
          {
            "test_type": "HasPersonalityTag",
            "string0": "naval",
            "boolean": true
          },
          {
            "test_type": "EnemySurfacePresenceOnPlanet",
            "boolean": true
          },
          {
            "test_type": "CanDeployNavalFromBase",
            "boolean": true
          },
          {
            "test_type": "CurrentMetalEfficiency",
            "compare0": ">",
            "value0": 1
          },
          {
            "test_type": "MetalStorageFrac",
            "compare0": ">",
            "value0": 0.2
          },
          {
            "test_type": "CurrentEnergyEfficiency",
            "compare0": ">",
            "value0": 1
          },
          {
            "test_type": "CanAffordPotentialDrain",
            "string0": "LegionFactoryBasicNaval"
          },
          {
            "test_type": "CanFindPlaceToBuild",
            "string0": "LegionFactoryBasicNaval"
          }
        ]
      ],
      "placement_rules": {
        "buffer": 5,
        "placement_type": "FromBaseCenter",
        "threat": {
          "influence_type": "AntiSurface",
          "compare_type": "<",
          "radius": 10,
          "value": 50
        }
      }
    },
    {
      "name": "Legion - Uber Naval - Advanced Naval Foundry",
      "to_build": "LegionFactoryAdvancedNaval",
      "instance_count": 1,
      "shared_instance_count": "AdvancedFactory",
      "priority": 479,
      "min_num_assisters": 5,
      "max_num_assisters": 8,
      "builders": ["LegionNavalBasicFabber", "LegionNavalAdvancedFabber"],
      "build_conditions": [
        [
          {
            "test_type": "HasPersonalityTag",
            "string0": "naval",
            "boolean": true
          },
          {
            "test_type": "EnemySurfacePresenceOnPlanet",
            "boolean": true
          },
          {
            "test_type": "HaveEcoForAdvanced",
            "boolean": true
          },
          {
            "test_type": "PlanetHighestEnemyArmyThreatRatio",
            "string0": "Sub",
            "string1": "AntiSub",
            "compare0": "<",
            "value0": 1
          },
          {
            "test_type": "CanAffordPotentialDrain",
            "string0": "LegionFactoryAdvancedNaval"
          },
          {
            "test_type": "UnitCountOnPlanet",
            "unit_type_string0": "(Basic & Fabber) - Orbital - Land",
            "compare0": ">=",
            "value0": 5
          },
          {
            "test_type": "CanFindPlaceToBuild",
            "string0": "LegionFactoryAdvancedNaval"
          }
        ],
        [
          {
            "test_type": "HasPersonalityTag",
            "string0": "naval",
            "boolean": true
          },
          {
            "test_type": "EnemySurfacePresenceOnPlanet",
            "boolean": true
          },
          {
            "test_type": "HaveEcoForAdvanced",
            "boolean": true
          },
          {
            "test_type": "CanDeployNavalFromBase",
            "boolean": true
          },
          {
            "test_type": "UnitCountOnPlanet",
            "unit_type_string0": "Factory & Advanced - Orbital",
            "compare0": "<",
            "value0": 1
          },
          {
            "test_type": "UnitCountOnPlanet",
            "unit_type_string0": "(Basic & Fabber) - Orbital - Land",
            "compare0": ">=",
            "value0": 5
          },
          {
            "test_type": "CanFindPlaceToBuild",
            "string0": "LegionFactoryAdvancedNaval"
          }
        ]
      ],
      "placement_rules": {
        "buffer": 5,
        "threat": {
          "influence_type": "AntiSurface",
          "compare_type": "<",
          "radius": 10,
          "value": 50
        }
      }
    },
    {
      "name": "Legion - Uber Naval - Advanced Naval Foundry - Excess Eco",
      "to_build": "LegionFactoryAdvancedNaval",
      "instance_count": 2,
      "shared_instance_count": "AdvancedFactory",
      "priority": 475,
      "min_num_assisters": 6,
      "max_num_assisters": 9,
      "base_sort": "FromBuilder",
      "builders": ["LegionNavalBasicFabber", "LegionNavalAdvancedFabber"],
      "build_conditions": [
        [
          {
            "test_type": "HasPersonalityTag",
            "string0": "naval",
            "boolean": true
          },
          {
            "test_type": "EnemySurfacePresenceOnPlanet",
            "boolean": true
          },
          {
            "test_type": "HaveEcoForAdvanced",
            "boolean": true
          },
          {
            "test_type": "CurrentMetalEfficiency",
            "compare0": ">",
            "value0": 1
          },
          {
            "test_type": "MetalStorageFrac",
            "compare0": ">",
            "value0": 0.3
          },
          {
            "test_type": "CurrentEnergyEfficiency",
            "compare0": ">",
            "value0": 1
          },
          {
            "test_type": "PlanetHighestEnemyArmyThreatRatio",
            "string0": "Sub",
            "string1": "AntiSub",
            "compare0": "<",
            "value0": 1
          },
          {
            "test_type": "CanAffordPotentialDrain",
            "string0": "LegionFactoryAdvancedNaval"
          },
          {
            "test_type": "CanFindPlaceToBuild",
            "string0": "LegionFactoryAdvancedNaval"
          }
        ]
      ],
      "placement_rules": {
        "buffer": 5,
        "placement_type": "FromBaseCenter",
        "threat": {
          "influence_type": "AntiSurface",
          "compare_type": "<",
          "radius": 10,
          "value": 50
        }
      }
    }
  ]
}
