{
    "context": "client",
    "identifier": "uk.pa.tetcmappack",
    "display_name": "TheEffectTheCause's Map Pack",
    "description": "Wierd, Wonderful and damn right crazy maps for all your PA needs. A variety of maps with differing styles for all types of play. Update: New Map - Fortress for 3v3v3v3 unshared team game's - v1.2 updated spawns",
    "author": "TheEffectTheCause",
    "version": "3.2.4",
    "build": "108271",
    "date": "2020-04-29",
    "signature": "not yet implemented",
    "forum": "https://forums.planetaryannihilation.com/threads/theeffectthecause-map-pack.73439/",
    "icon": "https://i.imgur.com/iERzQ3v.jpg",
    "searchable": [
        "theeffectthecause",
        "map",
        "pack",
        "maps"
    ],
    "priority": 100,
    "enabled": true,
    "dependencies": [
        "com.pa.conundrum.cShareSystems",
        "uk.pa.tetctree",
        "uk.pa.tetctree.server"
    ],
    "framework": false,
    "available": true,
    "titansOnly": false,
    "classicOnly": false,
    "classic": false,
    "titans": false,
    "url": "https://github.com/Kingy4500/uk.pa.tetcmappack/archive/master.zip",
    "download": "https://cdn.palobby.com/community-mods/downloads/uk.pa.tetcmappack.zip",
    "unitList": false,
    "fileSystem": false,
    "sort": "theeffectthecause's map pack",
    "authors": [
        "TheEffectTheCause"
    ],
    "timestamp": 1588118400000,
    "companions": [],
    "scenes": {
        "load_planet": [
            "coui://ui/mods/tetcmp1/maplist.js"
        ]
    },
    "conflicts": {}
}