{
  "ammo_id": "/pa/units/orbital/l_titan_orbital/l_titan_orbital_ammo.json",
  "auto_attack": true,
  "base_spec": "/pa/tools/base_laser_turret/base_laser_turret.json",
  "firing_arc_pitch": 180,
  "firing_arc_yaw": 360,
  "manual_fire": false,
  "max_range": 150,
  "pitch_range": 0,
  "pitch_rate": 0,
  "rate_of_fire": 4,
  "target_layers": [
    "WL_Air",
    "WL_LandHorizontal",
    "WL_WaterSurface",
    "WL_Underwater",
    "WL_Seafloor"
  ],
  "target_priorities": [
    "Land - Wall",
    "Naval",
    "Structure - Wall",
    "Wall"
  ],
  "tool_type": "TOOL_Weapon",
  "yaw_range": 0,
  "yaw_rate": 0
}
