{
  "recon": {
    "observable": {
      "always_visible": true,
      "ignore_radar": true,
      "layer": "surface_and_air",
      "sphere_radius": 5
    }
  },
  "spawn_response": {
    "camera_shake": {
      "delay": 4.5,
      "duration": 1,
      "height": {
        "keys": [
          [
            0,
            2
          ],
          [
            0.3,
            1
          ],
          [
            1,
            0
          ]
        ],
        "stepped": false
      },
      "interval": {
        "keys": [
          [
            0,
            0
          ],
          [
            0.3,
            0
          ],
          [
            1,
            0
          ]
        ],
        "stepped": false
      },
      "max_falloff_dist": 1000.0,
      "min_falloff_dist": 200.0,
      "width": {
        "keys": [
          [
            0,
            2
          ],
          [
            0.3,
            1
          ],
          [
            1,
            0
          ]
        ],
        "stepped": false
      }
    }
  }
}
