{
  "base_spec": "/pa/ammo/base_shell/base_shell.json",
  "damage": 15,
  "splash_damage": 10,
  "splash_radius": 80,
  "full_damage_splash_radius": 40,
  "cruise_height": 20,
  "initial_velocity": 100.0,
  "max_velocity": 100.0,
  "turn_rate": 30,
  "lifetime": 15,
  "influence_radius": 400,
  "burn_damage": 0,
  "burn_radius": 0,
  "fx_trail": {
    "filename": "/pa/units/land/tank_flak/tank_flak_ammo_trail.pfx"
  },
  "events": {
    "died": {
      "audio_cue": "/SE/Impacts/cannon_uber",
      "effect_spec": "/pa/units/land/tank_flak/flak_tank_explosion.pfx"
    }
  },
  "audio_loop": "/SE/Movement/missile/catapult_missile_fly_loop",
  "physics": {
    "radius": 1,
    "gravity_scalar": 5,
    "ignore_gravity": true,
    "add_to_spatial_db": false
  },
  "flight_type": "Staged",
  "stages": [
    {
      "ignores_gravity": true,
      "ignores_LOS": true,
      "stage_duration": 10,
      "stage_turn_rate": 0,
      "rotates_to_velocity": true
    },
    {
      "ignores_gravity": false,
      "apply_thrust": false,
      "ignores_LOS": true,
      "stage_duration": 300,
      "stage_turn_rate": 0,
      "rotates_to_velocity": true
    },
    {
      "die_here": true
    }
  ],
  "damage_volume": {
    "initial_radius": 20.0,
    "radius_velocity": 200.0,
    "radius_accel": -40.0,
    "delay": 0,
    "burnable_remove_radius": 0.0
  },
  "armor_damage_map": {
    "AT_Vehicle": 0.0,
    "AT_Bot": 0.0,
    "AT_Naval": 0.0,
    "AT_Orbital": 0.0,
    "AT_Commander": 0.0,
    "AT_Hover": 0.0,
    "AT_Structure": 0.0
  }
}