{
    "context": "client",
    "identifier": "com.pa.lula-mae.milkyway-skybox",
    "display_name": "Milkyway Skybox",
    "description": "System is located in the center of the Milkyway Galaxy",
    "author": "Lula Mae",
    "version": "1.0.1",
    "build": "108271",
    "date": "2018-03-12",
    "signature": "not yet implemented",
    "forum": "https://forums.uberent.com/threads/milkyway-skybox.72686/",
    "priority": 100,
    "icon": "http://savvyhk2.net/pamods/Milkyway%20Galaxy/milky-way-galaxy-icon.jpg",
    "url": "http://savvyhk2.net/pamods/Milkyway%20Galaxy/com.pa.lulamae.milkyway-skybox.zip",
    "download": "https://cdn.palobby.com/community-mods/downloads/com.pa.lula-mae.milkyway-skybox.zip",
    "unitList": false,
    "fileSystem": false,
    "searchable": [
        "milkyway",
        "skybox",
        "ui",
        "classic",
        "titans",
        "lula mae"
    ],
    "sort": "milkyway skybox",
    "authors": [
        "Lula Mae"
    ],
    "timestamp": 1520812800000,
    "dependencies": [],
    "companions": [],
    "scenes": {},
    "framework": false,
    "available": true,
    "enabled": true,
    "titansOnly": false,
    "classicOnly": false,
    "classic": true,
    "titans": true,
    "conflicts": {}
}