{
  "display_name": "!LOC:Odin",
  "description": "!LOC:Assault Titan- High splash damage for dealing with large armies. Attacks land, air, sea and seabed targets.",
  "TEMP_texelinfo": 35.95324,
  "armor_type": "AT_Hover",
  "atrophy_cool_down": 15.0,
  "atrophy_rate": 200.0,
  "attachable": {
    "offsets": {
      "head": [
        0,
        0,
        3.4
      ],
      "root": [
        0,
        0,
        0
      ]
    }
  },
  "audio": {
    "loops": {
      "move": {
        "cue": "/SE/Movement/titan/hover_tank_titan_loop",
        "flag": "vel_changed",
        "should_start_func": "is_moving",
        "should_stop_func": "is_not_moving"
      }
    },
    "selection_response": {
      "cue": "/SE/Selection/titan/hover_tank"
    }
  },
  "base_spec": "/pa/units/land/base_vehicle/base_vehicle.json",
  "build_metal_cost": 30000,
  "command_caps": [
    "ORDER_Move",
    "ORDER_Patrol",
    "ORDER_Attack",
    "ORDER_Assist"
  ],
  "death": {
    "decals": [
      "/pa/effects/specs/scorch_titan_01.json"
    ]
  },
  "death_weapon": {
    "ground_ammo_spec": "/pa/units/land/titan_vehicle/titan_vehicle_ammo_death.json"
  },
  "events": {
    "build_complete": {
      "audio_cue": "/SE/Build_Complete/Titan_Complete"
    },
    "died": {
      "audio_cue": "",
      "effect_scale": 1.0,
      "effect_spec": ""
    },
    "fired": {
      "audio_cue": "",
      "effect_spec": ""
    },
    "fired0": {
      "audio_cue": "/SE/Weapons/sea/T2_battleship_fire",
      "effect_spec": "/pa/units/land/l_titan_vehicle/muzzle_flash.pfx socket_muzzleMain /pa/effects/specs/big_gun_smoke.pfx socket_muzzleMain"
    },
    "fired1": {
      "audio_cue": "/SE/Weapons/sea/destroyer_fire",
      "effect_spec": "/pa/effects/specs/tank_muzzle_flash.pfx socket_muzzleLeft001 /pa/effects/specs/small_gun_smoke.pfx socket_muzzleLeft001 /pa/effects/specs/tank_muzzle_flash.pfx socket_muzzleLeft002 /pa/effects/specs/small_gun_smoke.pfx socket_muzzleLeft002"
    },
    "fired2": {
      "audio_cue": "/SE/Weapons/sea/destroyer_fire",
      "effect_spec": "/pa/effects/specs/tank_muzzle_flash.pfx socket_nuzzleRight001 /pa/effects/specs/small_gun_smoke.pfx socket_muzzleRight001 /pa/effects/specs/tank_muzzle_flash.pfx socket_nuzzleRight002 /pa/effects/specs/small_gun_smoke.pfx socket_muzzleRight002"
    }
  },
  "fx_offsets": [
    {
      "bone": "bone_root",
      "filename": "/pa/units/land/l_titan_vehicle/l_titan_vehicle_idle.pfx",
      "type": "idle"
    }
  ],
  "guard_layer": "WL_AnyHorizontalGroundOrWaterSurface",
  "has_death_effects": true,
  "headlights": [
    {
      "bone": "bone_spine",
      "color": [
        1.0,
        1.0,
        1.0
      ],
      "far_distance": 45.0,
      "gobo": "/pa/effects/textures/gobo/spotlight_gobo.papa",
      "intensity": 4.0,
      "near_distance": 1.5,
      "near_height": 6.0,
      "near_width": 7.0,
      "offset": [
        6.118,
        -20.125,
        8.122
      ],
      "orientation": [
        0.0,
        35.0,
        0.0
      ],
      "shadow_resolution": 128
    },
    {
      "bone": "bone_spine",
      "color": [
        1.0,
        1.0,
        1.0
      ],
      "far_distance": 45.0,
      "gobo": "/pa/effects/textures/gobo/spotlight_gobo.papa",
      "intensity": 4.0,
      "near_distance": 1.5,
      "near_height": 6.0,
      "near_width": 7.0,
      "offset": [
        -6.118,
        -20.125,
        8.122
      ],
      "orientation": [
        0.0,
        35.0,
        0.0
      ],
      "shadow_resolution": 128
    }
  ],
  "lamps": [
    {
      "bone": "bone_root",
      "color": [
        1.0,
        1.0,
        1.0
      ],
      "intensity": 3.0,
      "offset": [
        8.342,
        -21.125,
        8.122
      ],
      "radius": 1.5
    },
    {
      "bone": "bone_root",
      "color": [
        1.0,
        1.0,
        1.0
      ],
      "intensity": 3.0,
      "offset": [
        3.893,
        -21.125,
        8.122
      ],
      "radius": 1.5
    },
    {
      "bone": "bone_root",
      "color": [
        1.0,
        1.0,
        1.0
      ],
      "intensity": 3.0,
      "offset": [
        -3.893,
        -21.125,
        8.122
      ],
      "radius": 1.5
    },
    {
      "bone": "bone_root",
      "color": [
        1.0,
        1.0,
        1.0
      ],
      "intensity": 3.0,
      "offset": [
        -8.342,
        -21.125,
        8.122
      ],
      "radius": 1.5
    },
    {
      "bone": "bone_root",
      "color": [
        1.0,
        1.0,
        1.0
      ],
      "intensity": 5.0,
      "offset": [
        3.253,
        25.394,
        11.712
      ],
      "radius": 2.0
    },
    {
      "bone": "bone_root",
      "color": [
        1.0,
        1.0,
        1.0
      ],
      "intensity": 5.0,
      "offset": [
        -3.253,
        25.394,
        11.712
      ],
      "radius": 2.0
    },
    {
      "bone": "bone_main_turret",
      "color": [
        1.0,
        1.0,
        1.0
      ],
      "intensity": 5.0,
      "offset": [
        5.509,
        -5.127,
        2.932
      ],
      "radius": 3.0
    },
    {
      "bone": "bone_main_turret",
      "color": [
        1.0,
        1.0,
        1.0
      ],
      "intensity": 5.0,
      "offset": [
        -5.509,
        -5.127,
        2.932
      ],
      "radius": 3.0
    }
  ],
  "max_health": 50000,
  "mesh_bounds": [
    38,
    42,
    22.469
  ],
  "model": {
    "animations": {
      "dead": "/pa/units/land/titan_vehicle/titan_vehicle_anim_dead.papa",
      "death": "/pa/units/land/titan_vehicle/titan_vehicle_anim_death.papa",
      "hover": "/pa/units/land/titan_vehicle/titan_vehicle_anim_hover.papa"
    },
    "animtree": "/pa/anim/anim_trees/l_titan_vehicle_anim_tree.json",
    "filename": "/pa/units/land/l_titan_vehicle/l_titan_vehicle.papa"
  },
  "navigation": {
    "acceleration": 5,
    "brake": 5,
    "move_speed": 10,
    "park_stamp": {
      "cost": 10,
      "shape": "sphere",
      "type_data": [
        {
          "move_type": "land-small",
          "stamp_type": "structure"
        },
        {
          "move_type": "amphibious",
          "stamp_type": "structure"
        },
        {
          "move_type": "amphibious-large",
          "stamp_type": "simple"
        },
        {
          "move_type": "hover",
          "stamp_type": "structure"
        },
        {
          "move_type": "hover-large",
          "stamp_type": "simple"
        },
        {
          "move_type": "deepwater",
          "stamp_type": "structure"
        },
        {
          "move_type": "underwater",
          "stamp_type": "structure"
        }
      ]
    },
    "turn_accel": 10,
    "turn_in_place": true,
    "turn_speed": 25,
    "type": "hover-large"
  },
  "physics": {
    "orient_interp_rate": 90.0,
    "radius": 5
  },
  "recon": {
    "observer": {
      "items": [
        {
          "channel": "sight",
          "layer": "surface_and_air",
          "radius": 250,
          "shape": "capsule"
        }
      ]
    }
  },
  "selection_icon": {
    "diameter": -68.0
  },
  "teleportable": null,
  "tools": [
    {
      "aim_bone": "bone_turret",
      "fire_event": "fired0",
      "muzzle_bone": [
        "socket_muzzleMain"
      ],
      "projectiles_per_fire": 1,
      "record_index": 0,
      "spec_id": "/pa/units/land/l_titan_vehicle/l_titan_vehicle_tool_weapon_main.json"
    },
    {
      "aim_bone": "bone_turretLeft",
      "fire_event": "fired1",
      "muzzle_bone": [
        "socket_muzzleLeft001",
        "socket_muzzleLeft002"
      ],
      "projectiles_per_fire": 1,
      "record_index": 1,
      "spec_id": "/pa/units/land/l_titan_vehicle/l_titan_vehicle_tool_weapon_side.json"
    },
    {
      "aim_bone": "bone_turretRight",
      "fire_event": "fired2",
      "muzzle_bone": [
        "socket_muzzleRight001",
        "socket_muzzleRight002"
      ],
      "projectiles_per_fire": 1,
      "record_index": 2,
      "spec_id": "/pa/units/land/l_titan_vehicle/l_titan_vehicle_tool_weapon_side.json"
    },
    {
      "aim_bone": "bone_root",
      "fire_event": "fired",
      "muzzle_bone": "bone_root",
      "projectiles_per_fire": 1,
      "record_index": -1,
      "spec_id": "/pa/units/land/l_titan_vehicle/l_titan_vehicle_tool_weapon_stomp.json"
    }
  ],
  "unit_types": [
    "UNITTYPE_Tank",
    "UNITTYPE_Mobile",
    "UNITTYPE_Offense",
    "UNITTYPE_Land",
    "UNITTYPE_Advanced",
    "UNITTYPE_Titan",
    "UNITTYPE_Hover",
    "UNITTYPE_Important",
    "UNITTYPE_FabOrbBuild",
    "UNITTYPE_Custom1"
  ],
  "wreckage_health_frac": 0.7
}
