{
  "ammo_id": "/pa/units/land/l_titan_vehicle/l_titan_vehicle_ammo_side.json",
  "auto_attack": true,
  "base_spec": "/pa/tools/base_shell_turret/base_shell_turret.json",
  "firing_standard_deviation": 2,
  "idle_aim_delay": 3,
  "max_firing_velocity": 230,
  "max_range": 160,
  "min_firing_velocity": 230,
  "pitch_range": 60,
  "pitch_rate": 360,
  "rate_of_fire": 3,
  "spread_fire": true,
  "target_layers": [
    "WL_Air"
  ],
  "target_priorities": [
    "Air & (Transport | Bomber | Gunship | Titan)",
    "Mobile & Air"
  ],
  "yaw_range": 180,
  "yaw_rate": 280
}
