{
  "unit_map": {
    "UberCommander": {
      "unit_types": "Commander - Custom1 - Custom2 - Custom3 - Custom4"
    },
    "AnyUberAirFactory": {
      "unit_types": "(Factory & Air) - Custom1 - Custom2 - Custom3 - Custom4"
    },
    "AnyUberBotFactory": {
      "unit_types": "(Factory & Bot) - Custom1 - Custom2 - Custom3 - Custom4"
    },
    "AnyUberOrbitalFactory": {
      "unit_types": "(Factory & Orbital) - Custom1 - Custom2 - Custom3 - Custom4"
    },
    "AnyUberNavalFactory": {
      "unit_types": "(Factory & Naval) - Custom1 - Custom2 - Custom3 - Custom4"
    },
    "AnyUberVehicleFactory": {
      "unit_types": "(Factory & Tank) - Custom1 - Custom2 - Custom3 - Custom4"
    },
    "AnyUberBasicFabber": {
      "unit_types": "((Fabber & (Basic | Debug)) - Orbital) - Custom1 - Custom2 - Custom3 - Custom4"
    },
    "AnyUberAdvancedFabber": {
      "unit_types": "((Fabber & (Advanced | Debug)) - Orbital) - Custom1 - Custom2 - Custom3 - Custom4"
    },
    "LandMine": {
      "spec_id": "/pa/units/land/land_mine/land_mine.json"
    },
    "SeaMine": {
      "spec_id": "/pa/units/sea/sea_mine/sea_mine.json"
    },
    "UberSupportCommander": {
      "spec_id": "/pa/units/land/bot_support_commander/bot_support_commander.json"
    }
  }
}
