{
  "display_name": "!LOC:Meteoroid",
  "base_spec": "/pa/units/air/l_air_carrier/l_drone/l_drone.json",
  "command_caps": [],
  "guard_radius": 100,
  "selection_icon": {
    "diameter": -1
  },
  "tools": [
    {
      "aim_bone": "bone_root",
      "muzzle_bone": [
        "socket_muzzle001",
        "socket_muzzle002"
      ],
      "record_index": 0,
      "show_range": false,
      "spec_id": "/pa/units/orbital/l_orbital_battleship/l_drone/l_drone_tool_weapon.json"
    },
    {
      "aim_bone": "bone_root",
      "record_index": 0,
      "show_range": false,
      "spec_id": "/pa/units/air/l_air_carrier/l_drone/l_drone_death_tool_weapon.json"
    }
  ]
}
