{
  "base_spec": "/pa/ammo/base_shell/base_shell.json",
  "damage": 50,
  "events": {
    "died": {
      "effect_spec": "/pa/units/sea/frigate/frigate_ammo_shell_hit.pfx"
    }
  },
  "fx_trail": {
    "filename": "/pa/units/sea/frigate/frigate_ammo_shell_trail.pfx",
    "offset": [
      0.0,
      0.7,
      0.0
    ]
  },
  "initial_velocity": 170.0,
  "lifetime": 2,
  "max_velocity": 170.0,
  "model": null,
  "physics": {
    "add_to_spatial_db": true,
    "allow_underground": true,
    "gravity_scalar": 7,
    "radius": 1
  },
  "splash_damage": 0,
  "splash_radius": 0
}
