{
  "audio_loop": "/SE/Movement/missile/artillery_long_missile_fly_loop",
  "base_spec": "/pa/ammo/missile_seeking/missile_seeking.json",
  "damage": 90,
  "events": {
    "died": {
      "audio_cue": "/SE/Impacts/missile_artillery_long_holkins",
      "effect_spec": "/pa/effects/specs/default_explosion.pfx"
    }
  },
  "full_damage_splash_radius": 5,
  "fx_trail": {
    "offset": [
      0.0,
      1.0,
      0.0
    ]
  },
  "influence_radius": 900,
  "initial_velocity": 10,
  "lifetime": 10,
  "max_velocity": 120,
  "model": {
    "filename": "/pa/units/air/shell_large/shell_large.papa"
  },
  "physics": {
    "add_to_spatial_db": true,
    "gravity_scalar": 10
  },
  "splash_damage": 90,
  "splash_radius": 6
}
