{
    "identifier": "com.pa.domdom.tele_landing",
    "context": "client",
    "display_name": "Commander Tele Landing",
    "description": "A sup-com style commander teleport effect.",
    "author": "dom314",
    "forum": "https://forums.uberent.com/threads/rel-client-commander-tele-landing.71360/",
    "icon": "http://i.imgur.com/EP4JqNg.gif?3",
    "version": "1.2.0",
    "priority": 100,
    "build": "110069",
    "date": "2018-07-08",
    "signature": " ",
    "url": "https://github.com/domdom/com.pa.domdom.tele_landing/archive/master.zip",
    "download": "https://cdn.palobby.com/community-mods/downloads/com.pa.domdom.tele_landing.zip",
    "unitList": false,
    "fileSystem": false,
    "searchable": [
        "commander",
        "tele",
        "landing",
        "in-game",
        "effects",
        "dom314",
        "titans",
        "classic"
    ],
    "sort": "commander tele landing",
    "authors": [
        "dom314"
    ],
    "timestamp": 1531008000000,
    "dependencies": [],
    "companions": [],
    "scenes": {},
    "framework": false,
    "available": true,
    "enabled": true,
    "titansOnly": false,
    "classicOnly": false,
    "classic": true,
    "titans": true,
    "conflicts": {}
}