{
  "base_spec": "/pa/units/land/base_vehicle/base_vehicle.json",
  "display_name": "Stryker",
  "description": "!LOC:Attack Vehicle - Fast, adaptable, expendable. Attacks surface targets.",
  "max_health": 60,
  "build_metal_cost": 55,
  "attachable": {
    "offsets": {
      "root": [
        0,
        0,
        0
      ],
      "head": [
        0,
        1,
        4.1
      ]
    }
  },
  "unit_types": [
    "UNITTYPE_Tank",
    "UNITTYPE_Mobile",
    "UNITTYPE_Land",
    "UNITTYPE_Basic",
    "UNITTYPE_FactoryBuild",
    "UNITTYPE_CannonBuildable",
    "UNITTYPE_Offense"
  ],
  "transportable": {
    "size": 1
  },
  "guard_layer": "WL_AnySurface",
  "navigation": {
    "type": "land-small",
    "acceleration": 150,
    "brake": 150,
    "move_speed": 15,
    "turn_speed": 180
  },
  "physics": {
    "radius": 3.5
  },
  "recon": {
    "observer": {
      "items": [
        {
          "layer": "surface_and_air",
          "channel": "sight",
          "shape": "capsule",
          "radius": 110
        },
        {
          "layer": "underwater",
          "channel": "sight",
          "shape": "capsule",
          "radius": 110
        }
      ]
    }
  },
  "model": {
    "filename": "/pa/units/land/attack_vehicle/attack_vehicle.papa",
    "animations": {
      "run": "/pa/units/land/attack_vehicle/attack_vehicle_anim_run.papa"
    },
    "walk_speed": 12,
    "animtree": "/pa/anim/anim_trees/attack_vehicle_anim_tree.json"
  },
  "tools": [
    {
      "spec_id": "/pa/units/land/attack_vehicle/attack_vehicle_tool_weapon.json",
      "aim_bone": "bone_pivot",
      "projectiles_per_fire": 2,
      "muzzle_bone": [
        "socket_muzzle01",
        "socket_muzzle02"
      ]
    }
  ],
  "events": {
    "build_complete": {
      "audio_cue": "/SE/Build_Complete/veh"
    },
    "fired": {
      "audio_cue": "/SE/Weapons/veh/attack_vehicle_fire",
      "effect_spec": "/pa/units/land/attack_vehicle/attack_vehicle_muzzle_flash.pfx socket_muzzle01 /pa/units/land/attack_vehicle/attack_vehicle_muzzle_flash.pfx socket_muzzle02"
    },
    "died": {
      "audio_cue": "/SE/Death/Veh",
      "effect_scale": 1.0
    }
  },
  "audio": {
    "loops": {
      "move": {
        "cue": "/SE/Movement/veh/attack_vehicle_loop",
        "flag": "vel_changed",
        "should_start_func": "is_moving",
        "should_stop_func": "is_not_moving"
      }
    },
    "selection_response": {
      "cue": "/SE/Selection/veh/attack_vehicle"
    }
  },
  "selection_icon": {
    "diameter": 10.0
  },
  "TEMP_texelinfo": 6.12932,
  "mesh_bounds": [
    3.8,
    5,
    3.5
  ]
}