{
  "build_list": [
    {
      "name": "Legion - Casual - Radar",
      "to_build": "LegionIntelBasicRadar",
      "instance_count": 1,
      "shared_instance_count": "Radar",
      "max_num_assisters": 3,
      "priority": 90,
      "base_sort": "FromBuilder",
      "builders": ["AnyLegionFabberBasic"],
      "build_conditions": [
        [
          {
            "test_type": "HasPersonalityTag",
            "string0": "casual",
            "boolean": true
          },
          {
            "test_type": "CanAffordBuildDemand"
          },
          {
            "test_type": "UnitCountOnPlanet",
            "unit_type_string0": "Recon (Structure | Orbital)",
            "compare0": "<",
            "value0": 1
          },
          {
            "test_type": "CanFindPlaceToBuild",
            "string0": "LegionIntelBasicRadar"
          }
        ]
      ],
      "placement_rules": {
        "buffer": 2,
        "placement_type": "FromBaseCenter",
        "threat": {
          "influence_type": "AntiSurface",
          "compare_type": "<",
          "radius": 10,
          "value": 50
        }
      }
    },
    {
      "name": "Legion - Casual - Overseer",
      "to_build": "LegionIntelAdvancedRadar",
      "instance_count": 1,
      "shared_instance_count": "Radar",
      "max_num_assisters": 3,
      "priority": 90,
      "base_sort": "FromBuilder",
      "builders": ["AnyLegionFabberAdvanced"],
      "build_conditions": [
        [
          {
            "test_type": "HasPersonalityTag",
            "string0": "casual",
            "boolean": true
          },
          {
            "test_type": "CanAffordBuildDemand"
          },
          {
            "test_type": "UnitCountOnPlanet",
            "unit_type_string0": "Recon & ((Structure - Basic) | Orbital)",
            "compare0": "<",
            "value0": 1
          },
          {
            "test_type": "CanFindPlaceToBuild",
            "string0": "LegionIntelAdvancedRadar"
          }
        ]
      ],
      "placement_rules": {
        "buffer": 2,
        "placement_type": "FromBaseCenter",
        "threat": {
          "influence_type": "AntiSurface",
          "compare_type": "<",
          "radius": 10,
          "value": 50
        }
      }
    }
  ]
}
