{
  "build_list": [
    {
      "name": "Legion - Casual - Move Commander To Planet",
      "instance_count": 1,
      "priority": 2,
      "builders": ["LegionCommander"],
      "build_conditions": [
        [
          {
            "test_type": "HasPersonalityTag",
            "string0": "casual",
            "boolean": true
          },
          {
            "test_type": "WantCommanderOffPlanet",
            "boolean": true
          },
          {
            "test_type": "UnitPoolCount",
            "unit_type_string0": "Orbital & Transport",
            "compare0": ">=",
            "value0": 1
          }
        ]
      ],
      "task_type": "TransportToPlanet"
    },
    {
      "name": "Legion - Casual - Teleport Commander To Planet",
      "instance_count": 1,
      "priority": 1,
      "builders": ["LegionCommander"],
      "build_conditions": [
        [
          {
            "test_type": "HasPersonalityTag",
            "string0": "casual",
            "boolean": true
          },
          {
            "test_type": "WantCommanderOffPlanetByTeleporter",
            "boolean": true
          },
          {
            "test_type": "UnitCountOnPlanet",
            "unit_type_string0": "Structure & Teleporter",
            "compare0": ">=",
            "value0": 1
          }
        ]
      ],
      "task_type": "TeleportFabberToPlanet"
    }
  ]
}
