{
  "build_list": [
    {
      "name": "Casual - Metal Extractor",
      "to_build": "BasicMetalExtractor",
      "instance_count": 1,
      "shared_instance_count": "BasicMetal",
      "max_num_assisters": 3,
      "priority": 2,
      "base_sort": "FromBuilder",
      "builders": [
        "AnyUberBasicFabber",
        "AnyUberAdvancedFabber",
        "OrbitalFabber"
      ],
      "build_conditions": [
        [
          {
            "test_type": "HasPersonalityTag",
            "string0": "casual",
            "boolean": true
          },
          {
            "test_type": "PlanetIsGasGiant",
            "boolean": false
          },
          {
            "test_type": "PotentialMetalEfficiency",
            "compare0": "<",
            "value0": 1
          },
          {
            "test_type": "CanFindMetalSpotToBuildBasic",
            "boolean": true
          }
        ],
        [
          {
            "test_type": "HasPersonalityTag",
            "string0": "casual",
            "boolean": true
          },
          {
            "test_type": "PlanetIsGasGiant",
            "boolean": false
          },
          {
            "test_type": "DesireMetal"
          },
          {
            "test_type": "CanFindMetalSpotToBuildBasic",
            "boolean": true
          }
        ]
      ],
      "placement_rules": {
        "placement_type": "FromBaseCenter",
        "threat": {
          "influence_type": "AntiSurface",
          "compare_type": "<",
          "radius": 10,
          "value": 50
        }
      }
    },
    {
      "name": "Casual - Basic Energy Generator",
      "to_build": "BasicEnergyGenerator",
      "instance_count": 1,
      "max_num_assisters": 3,
      "priority": 261,
      "base_sort": "FromBuilder",
      "builders": ["AnyUberBasicFabber"],
      "build_conditions": [
        [
          {
            "test_type": "HasPersonalityTag",
            "string0": "casual",
            "boolean": true
          },
          {
            "test_type": "DesireEnergy"
          },
          {
            "test_type": "CanFindPlaceToBuild",
            "string0": "BasicEnergyGenerator"
          }
        ],
        [
          {
            "test_type": "HasPersonalityTag",
            "string0": "casual",
            "boolean": true
          },
          {
            "test_type": "PotentialEnergyEfficiency",
            "compare0": "<",
            "value0": 1
          },
          {
            "test_type": "CanFindPlaceToBuild",
            "string0": "BasicEnergyGenerator"
          }
        ]
      ],
      "placement_rules": {
        "buffer": 3,
        "placement_type": "FromBaseCenter",
        "threat": {
          "influence_type": "AntiSurface",
          "compare_type": "<",
          "radius": 10,
          "value": 50
        }
      }
    },
    {
      "name": "Casual - Advanced Metal Extractor",
      "to_build": "AdvancedMetalExtractor",
      "instance_count": 1,
      "shared_instance_count": "AdvancedMetal",
      "max_num_assisters": 3,
      "priority": 2,
      "base_sort": "FromBuilder",
      "builders": ["AnyUberAdvancedFabber"],
      "build_conditions": [
        [
          {
            "test_type": "HasPersonalityTag",
            "string0": "casual",
            "boolean": true
          },
          {
            "test_type": "PotentialMetalEfficiency",
            "compare0": "<",
            "value0": 1
          },
          {
            "test_type": "CanFindMetalSpotToBuildAdvanced",
            "boolean": true
          }
        ],
        [
          {
            "test_type": "HasPersonalityTag",
            "string0": "casual",
            "boolean": true
          },
          {
            "test_type": "DesireMetal"
          },
          {
            "test_type": "CanFindMetalSpotToBuildAdvanced",
            "boolean": true
          }
        ]
      ],
      "placement_rules": {
        "placement_type": "FromBaseCenter",
        "threat": {
          "influence_type": "AntiSurface",
          "compare_type": "<",
          "radius": 10,
          "value": 50
        }
      }
    },
    {
      "name": "Casual - Advanced Energy Generator",
      "to_build": "AdvancedEnergyGenerator",
      "instance_count": 1,
      "max_num_assisters": 3,
      "priority": 270,
      "base_sort": "FromBuilder",
      "builders": ["AnyUberAdvancedFabber"],
      "build_conditions": [
        [
          {
            "test_type": "HasPersonalityTag",
            "string0": "casual",
            "boolean": true
          },
          {
            "test_type": "PotentialEnergyEfficiency",
            "compare0": "<",
            "value0": 1
          },
          {
            "test_type": "CanFindPlaceToBuild",
            "string0": "AdvancedEnergyGenerator"
          }
        ],
        [
          {
            "test_type": "HasPersonalityTag",
            "string0": "casual",
            "boolean": true
          },
          {
            "test_type": "DesireEnergy"
          },
          {
            "test_type": "CanFindPlaceToBuild",
            "string0": "AdvancedEnergyGenerator"
          }
        ]
      ],
      "placement_rules": {
        "buffer": 10,
        "placement_type": "FromBaseCenter",
        "threat": {
          "influence_type": "AntiSurface",
          "compare_type": "<",
          "radius": 10,
          "value": 50
        }
      }
    },
    {
      "name": "Casual - Jig",
      "to_build": "OrbitalExtractor",
      "instance_count": 1,
      "max_num_assisters": 3,
      "priority": 261,
      "base_sort": "FromBuilder",
      "builders": ["OrbitalFabber"],
      "build_conditions": [
        [
          {
            "test_type": "HasPersonalityTag",
            "string0": "casual",
            "boolean": true
          },
          {
            "test_type": "PlanetIsGasGiant",
            "boolean": true
          },
          {
            "test_type": "PotentialMetalEfficiency",
            "compare0": "<",
            "value0": 1
          },
          {
            "test_type": "CanFindPlaceToBuild",
            "string0": "OrbitalExtractor"
          }
        ],
        [
          {
            "test_type": "HasPersonalityTag",
            "string0": "casual",
            "boolean": true
          },
          {
            "test_type": "PlanetIsGasGiant",
            "boolean": true
          },
          {
            "test_type": "PotentialEnergyEfficiency",
            "compare0": "<",
            "value0": 1
          },
          {
            "test_type": "CanFindPlaceToBuild",
            "string0": "OrbitalExtractor"
          }
        ],
        [
          {
            "test_type": "HasPersonalityTag",
            "string0": "casual",
            "boolean": true
          },
          {
            "test_type": "PlanetIsGasGiant",
            "boolean": true
          },
          {
            "test_type": "DesireEnergy"
          },
          {
            "test_type": "CanFindPlaceToBuild",
            "string0": "OrbitalExtractor"
          }
        ],
        [
          {
            "test_type": "HasPersonalityTag",
            "string0": "casual",
            "boolean": true
          },
          {
            "test_type": "PlanetIsGasGiant",
            "boolean": true
          },
          {
            "test_type": "DesireMetal"
          },
          {
            "test_type": "CanFindPlaceToBuild",
            "string0": "OrbitalExtractor"
          }
        ]
      ],
      "placement_rules": {
        "buffer": 30
      }
    },
    {
      "name": "Casual - Energy Storage",
      "to_build": "EnergyStorage",
      "instance_count": 1,
      "shared_instance_count": "Storage",
      "max_num_assisters": 3,
      "priority": 1,
      "base_sort": "FromBuilder",
      "builders": ["AnyUberBasicFabber", "AnyUberAdvancedFabber"],
      "build_conditions": [
        [
          {
            "test_type": "HasPersonalityTag",
            "string0": "casual",
            "boolean": true
          },
          {
            "test_type": "CurrentEnergyEfficiency",
            "compare0": ">=",
            "value0": 1
          },
          {
            "test_type": "CanAffordBuildDemand"
          },
          {
            "test_type": "CanFindPlaceToBuild",
            "string0": "EnergyStorage"
          }
        ]
      ],
      "placement_rules": {
        "buffer": 10,
        "placement_type": "FromBaseCenter",
        "threat": {
          "influence_type": "AntiSurface",
          "compare_type": "<",
          "radius": 10,
          "value": 50
        }
      }
    },
    {
      "name": "Casual - Metal Storage",
      "to_build": "MetalStorage",
      "instance_count": 1,
      "shared_instance_count": "Storage",
      "max_num_assisters": 3,
      "priority": 1,
      "base_sort": "FromBuilder",
      "builders": ["AnyUberBasicFabber", "AnyUberAdvancedFabber"],
      "build_conditions": [
        [
          {
            "test_type": "HasPersonalityTag",
            "string0": "casual",
            "boolean": true
          },
          {
            "test_type": "CurrentMetalEfficiency",
            "compare0": ">=",
            "value0": 1
          },
          {
            "test_type": "CanAffordBuildDemand"
          },
          {
            "test_type": "CanFindPlaceToBuild",
            "string0": "MetalStorage"
          }
        ]
      ],
      "placement_rules": {
        "buffer": 10,
        "placement_type": "FromBaseCenter",
        "threat": {
          "influence_type": "AntiSurface",
          "compare_type": "<",
          "radius": 10,
          "value": 50
        }
      }
    }
  ]
}
