{
  "build_list": [
    {
      "name": "Casual - Orbital Launcher",
      "to_build": "OrbitalLauncher",
      "instance_count": 1,
      "shared_instance_count": "Factory",
      "priority": 477,
      "max_num_assisters": 10,
      "base_sort": "FromBuilder",
      "builders": ["AnyUberBasicFabber", "AnyUberAdvancedFabber"],
      "build_conditions": [
        [
          {
            "test_type": "HasPersonalityTag",
            "string0": "casual",
            "boolean": true
          },
          {
            "test_type": "UnitCount",
            "unit_type_string0": "Factory & Orbital & Basic",
            "compare0": "<",
            "value0": 1
          },
          {
            "test_type": "CanFindPlaceToBuild",
            "string0": "OrbitalLauncher"
          }
        ],
        [
          {
            "test_type": "HasPersonalityTag",
            "string0": "casual",
            "boolean": true
          },
          {
            "test_type": "PlanetCount",
            "compare0": ">",
            "value0": 1
          },
          {
            "test_type": "HaveEcoForAdvanced",
            "boolean": true
          },
          {
            "test_type": "CanAffordPotentialDrain",
            "string0": "OrbitalLauncher"
          },
          {
            "test_type": "CanFindPlaceToBuild",
            "string0": "OrbitalLauncher"
          }
        ]
      ],
      "placement_rules": {
        "buffer": 3,
        "placement_type": "FromBaseCenter"
      }
    },
    {
      "name": "Casual - Orbital Factory",
      "to_build": "OrbitalFactory",
      "instance_count": 1,
      "shared_instance_count": "Factory",
      "priority": 477,
      "max_num_assisters": 10,
      "base_sort": "FromBuilder",
      "builders": ["OrbitalFabber"],
      "build_conditions": [
        [
          {
            "test_type": "HasPersonalityTag",
            "string0": "casual",
            "boolean": true
          },
          {
            "test_type": "UnitCountOnPlanet",
            "unit_type_string0": "Factory & Orbital & Advanced",
            "compare0": "<",
            "value0": 1
          },
          {
            "test_type": "CanFindPlaceToBuild",
            "string0": "OrbitalFactory"
          }
        ],
        [
          {
            "test_type": "HasPersonalityTag",
            "string0": "casual",
            "boolean": true
          },
          {
            "test_type": "PlanetCount",
            "compare0": ">",
            "value0": 1
          },
          {
            "test_type": "CanAffordPotentialDrain",
            "string0": "OrbitalFactory"
          },
          {
            "test_type": "CanFindPlaceToBuild",
            "string0": "OrbitalFactory"
          }
        ]
      ],
      "placement_rules": {
        "buffer": 3,
        "placement_type": "FromBaseCenter"
      }
    }
  ]
}
