{
  "build_list": [
    {
      "name": "Casual - Basic Bot Factory",
      "to_build": "BasicBotFactory",
      "instance_count": 1,
      "shared_instance_count": "Factory",
      "max_num_assisters": 5,
      "priority": 376,
      "base_sort": "FromBuilder",
      "builders": [
        "UberCommander",
        "AnyUberBasicFabber",
        "AnyUberAdvancedFabber"
      ],
      "build_conditions": [
        [
          {
            "test_type": "HasPersonalityTag",
            "string0": "casual",
            "boolean": true
          },
          {
            "test_type": "AloneOnPlanet",
            "boolean": false
          },
          {
            "test_type": "CanDeployLandFromBase",
            "boolean": true
          },
          {
            "test_type": "CanAffordPotentialDrain",
            "string0": "BasicBotFactory"
          },
          {
            "test_type": "CanFindPlaceToBuild",
            "string0": "BasicBotFactory"
          }
        ],
        [
          {
            "test_type": "HasPersonalityTag",
            "string0": "casual",
            "boolean": true
          },
          {
            "test_type": "AloneOnPlanet",
            "boolean": true
          },
          {
            "test_type": "OtherPlanetCanReceiveLandUnitAssistance",
            "boolean": true
          },
          {
            "test_type": "OtherPlanetNeedsLandUnitAssistance",
            "boolean": true
          },
          {
            "test_type": "CanAffordPotentialDrain",
            "string0": "BasicBotFactory"
          },
          {
            "test_type": "CanFindPlaceToBuild",
            "string0": "BasicBotFactory"
          }
        ]
      ],
      "placement_rules": {
        "buffer": 3,
        "placement_type": "FromBaseCenter",
        "threat": {
          "influence_type": "AntiSurface",
          "compare_type": "<",
          "radius": 10,
          "value": 50
        }
      }
    },
    {
      "name": "Casual - Basic Vehicle Factory",
      "to_build": "BasicVehicleFactory",
      "instance_count": 1,
      "shared_instance_count": "Factory",
      "max_num_assisters": 5,
      "priority": 376,
      "base_sort": "FromBuilder",
      "builders": [
        "UberCommander",
        "AnyUberBasicFabber",
        "AnyUberAdvancedFabber"
      ],
      "build_conditions": [
        [
          {
            "test_type": "HasPersonalityTag",
            "string0": "casual",
            "boolean": true
          },
          {
            "test_type": "AloneOnPlanet",
            "boolean": false
          },
          {
            "test_type": "CanDeployLandFromBase",
            "boolean": true
          },
          {
            "test_type": "CanAffordPotentialDrain",
            "string0": "BasicVehicleFactory"
          },
          {
            "test_type": "CanFindPlaceToBuild",
            "string0": "BasicVehicleFactory"
          }
        ],
        [
          {
            "test_type": "HasPersonalityTag",
            "string0": "casual",
            "boolean": true
          },
          {
            "test_type": "AloneOnPlanet",
            "boolean": true
          },
          {
            "test_type": "OtherPlanetCanReceiveLandUnitAssistance",
            "boolean": true
          },
          {
            "test_type": "OtherPlanetNeedsLandUnitAssistance",
            "boolean": true
          },
          {
            "test_type": "CanAffordPotentialDrain",
            "string0": "BasicVehicleFactory"
          },
          {
            "test_type": "CanFindPlaceToBuild",
            "string0": "BasicVehicleFactory"
          }
        ]
      ],
      "placement_rules": {
        "buffer": 3,
        "placement_type": "FromBaseCenter",
        "threat": {
          "influence_type": "AntiSurface",
          "compare_type": "<",
          "radius": 10,
          "value": 50
        }
      }
    },
    {
      "name": "Casual - Advanced Bot Factory",
      "to_build": "AdvancedBotFactory",
      "instance_count": 1,
      "shared_instance_count": "Factory",
      "max_num_assisters": 10,
      "priority": 477,
      "base_sort": "FromBuilder",
      "builders": [
        "BasicBotFabber",
        "AdvancedBotFabber",
        "UberSupportCommander"
      ],
      "build_conditions": [
        [
          {
            "test_type": "HasPersonalityTag",
            "string0": "casual",
            "boolean": true
          },
          {
            "test_type": "CanDeployLandFromBase",
            "boolean": true
          },
          {
            "test_type": "UnitCountOnPlanet",
            "unit_type_string0": "Factory & Advanced - Orbital",
            "compare0": "<",
            "value0": 1
          },
          {
            "test_type": "CanFindPlaceToBuild",
            "string0": "AdvancedBotFactory"
          }
        ],
        [
          {
            "test_type": "HasPersonalityTag",
            "string0": "casual",
            "boolean": true
          },
          {
            "test_type": "AloneOnPlanet",
            "boolean": false
          },
          {
            "test_type": "HaveEcoForAdvanced",
            "boolean": true
          },
          {
            "test_type": "CanDeployLandFromBase",
            "boolean": true
          },
          {
            "test_type": "CanAffordPotentialDrain",
            "string0": "AdvancedBotFactory"
          },
          {
            "test_type": "CanFindPlaceToBuild",
            "string0": "AdvancedBotFactory"
          }
        ],
        [
          {
            "test_type": "HasPersonalityTag",
            "string0": "casual",
            "boolean": true
          },
          {
            "test_type": "AloneOnPlanet",
            "boolean": true
          },
          {
            "test_type": "OtherPlanetCanReceiveLandUnitAssistance",
            "boolean": true
          },
          {
            "test_type": "OtherPlanetNeedsLandUnitAssistance",
            "boolean": true
          },
          {
            "test_type": "HaveEcoForAdvanced",
            "boolean": true
          },
          {
            "test_type": "CanAffordPotentialDrain",
            "string0": "AdvancedBotFactory"
          },
          {
            "test_type": "CanFindPlaceToBuild",
            "string0": "AdvancedBotFactory"
          }
        ]
      ],
      "placement_rules": {
        "buffer": 3,
        "placement_type": "FromBaseCenter",
        "threat": {
          "influence_type": "AntiSurface",
          "compare_type": "<",
          "radius": 10,
          "value": 50
        }
      }
    },
    {
      "name": "Casual - Advanced Vehicle Factory",
      "to_build": "AdvancedVehicleFactory",
      "instance_count": 1,
      "shared_instance_count": "Factory",
      "max_num_assisters": 10,
      "priority": 477,
      "base_sort": "FromBuilder",
      "builders": ["BasicVehicleFabber", "AdvancedVehicleFabber"],
      "build_conditions": [
        [
          {
            "test_type": "HasPersonalityTag",
            "string0": "casual",
            "boolean": true
          },
          {
            "test_type": "CanDeployLandFromBase",
            "boolean": true
          },
          {
            "test_type": "UnitCountOnPlanet",
            "unit_type_string0": "Factory & Advanced - Orbital",
            "compare0": "<",
            "value0": 1
          },
          {
            "test_type": "CanFindPlaceToBuild",
            "string0": "AdvancedVehicleFactory"
          }
        ],
        [
          {
            "test_type": "HasPersonalityTag",
            "string0": "casual",
            "boolean": true
          },
          {
            "test_type": "AloneOnPlanet",
            "boolean": false
          },
          {
            "test_type": "HaveEcoForAdvanced",
            "boolean": true
          },
          {
            "test_type": "CanDeployLandFromBase",
            "boolean": true
          },
          {
            "test_type": "CanAffordPotentialDrain",
            "string0": "AdvancedVehicleFactory"
          },
          {
            "test_type": "CanFindPlaceToBuild",
            "string0": "AdvancedVehicleFactory"
          }
        ],
        [
          {
            "test_type": "HasPersonalityTag",
            "string0": "casual",
            "boolean": true
          },
          {
            "test_type": "AloneOnPlanet",
            "boolean": true
          },
          {
            "test_type": "OtherPlanetCanReceiveLandUnitAssistance",
            "boolean": true
          },
          {
            "test_type": "OtherPlanetNeedsLandUnitAssistance",
            "boolean": true
          },
          {
            "test_type": "HaveEcoForAdvanced",
            "boolean": true
          },
          {
            "test_type": "CanDeployLandFromBase",
            "boolean": true
          },
          {
            "test_type": "CanAffordPotentialDrain",
            "string0": "AdvancedVehicleFactory"
          },
          {
            "test_type": "CanFindPlaceToBuild",
            "string0": "AdvancedVehicleFactory"
          }
        ]
      ],
      "placement_rules": {
        "buffer": 3,
        "placement_type": "FromBaseCenter",
        "threat": {
          "influence_type": "AntiSurface",
          "compare_type": "<",
          "radius": 10,
          "value": 50
        }
      }
    }
  ]
}
