{
  "build_list": [
    {
      "name": "Casual - Pelter",
      "to_build": "BasicArtillery",
      "instance_count": 1,
      "shared_instance_count": "LandDefence",
      "max_num_assisters": 5,
      "priority": 478,
      "base_sort": "FromPerimeter",
      "builders": ["AnyUberBasicFabber"],
      "build_conditions": [
        [
          {
            "test_type": "HasPersonalityTag",
            "string0": "casual",
            "boolean": true
          },
          {
            "test_type": "AloneOnPlanet",
            "boolean": false
          },
          {
            "test_type": "CanAffordBuildDemand"
          },
          {
            "test_type": "UnitCountInBase",
            "unit_type_string0": "Structure & (EnergyProduction | Factory)",
            "compare0": ">=",
            "value0": 1
          },
          {
            "test_type": "UnitCountInBase",
            "unit_type_string0": "Structure & Basic & Artillery",
            "compare0": "<",
            "value0": 6
          },
          {
            "test_type": "CanFindPlaceToBuild",
            "string0": "BasicArtillery"
          }
        ]
      ],
      "placement_rules": {
        "placement_type": "FromBaseCenter",
        "unit_count_rules": [
          {
            "unit_type_string": "Structure & (EnergyProduction | Factory)",
            "alliance": "Ally",
            "compare_type": ">=",
            "range": 50,
            "count": 1
          },
          {
            "unit_type_string": "Structure & Artillery & Basic",
            "alliance": "Ally",
            "compare_type": "<",
            "range": 75,
            "count": 1
          }
        ],
        "threat": {
          "influence_type": "AntiSurface",
          "compare_type": "<",
          "radius": 10,
          "value": 50
        }
      }
    },
    {
      "name": "Casual - Unit Cannon",
      "to_build": "UnitCannon",
      "instance_count": 1,
      "shared_instance_count": "SuperWeapon",
      "max_num_assisters": 10,
      "priority": 480,
      "base_sort": "FromBuilder",
      "builders": ["AnyUberAdvancedFabber"],
      "build_conditions": [
        [
          {
            "test_type": "HasPersonalityTag",
            "string0": "casual",
            "boolean": true
          },
          {
            "test_type": "CanAffordBuildDemand"
          },
          {
            "test_type": "CanFindPlaceToBuild",
            "string0": "UnitCannon"
          }
        ]
      ],
      "placement_rules": {
        "buffer": 2,
        "placement_type": "FromBaseCenter"
      }
    },
    {
      "name": "Casual - Holkins",
      "to_build": "LongRangeArtillery",
      "instance_count": 1,
      "shared_instance_count": "SuperWeapon",
      "max_num_assisters": 10,
      "priority": 480,
      "base_sort": "FromPerimeter",
      "builders": ["AnyUberAdvancedFabber"],
      "build_conditions": [
        [
          {
            "test_type": "HasPersonalityTag",
            "string0": "casual",
            "boolean": true
          },
          {
            "test_type": "AloneOnPlanet",
            "boolean": false
          },
          {
            "test_type": "CanAffordBuildDemand"
          },
          {
            "test_type": "UnitCountAroundBase",
            "unit_type_string0": "Structure - MetalProduction - Wall",
            "string0": "Enemy",
            "value0": 550,
            "compare0": ">=",
            "value1": 10
          },
          {
            "test_type": "CanFindPlaceToBuild",
            "string0": "LongRangeArtillery"
          }
        ]
      ],
      "placement_rules": {
        "buffer": 2,
        "placement_type": "FromBaseCenter",
        "threat": {
          "influence_type": "AntiSurface",
          "compare_type": "<",
          "radius": 10,
          "value": 50
        }
      }
    },
    {
      "name": "Casual - Nuke Silo",
      "to_build": "NukeSilo",
      "instance_count": 1,
      "shared_instance_count": "SuperWeapon",
      "max_num_assisters": 10,
      "priority": 480,
      "builders": ["AnyUberAdvancedFabber"],
      "build_conditions": [
        [
          {
            "test_type": "HasPersonalityTag",
            "string0": "casual",
            "boolean": true
          },
          {
            "test_type": "CanAffordBuildDemand"
          },
          {
            "test_type": "CanFindPlaceToBuild",
            "string0": "NukeSilo"
          }
        ]
      ],
      "placement_rules": {
        "buffer": 2,
        "threat": {
          "influence_type": "AntiSurface",
          "compare_type": "<",
          "radius": 10,
          "value": 50
        }
      }
    },
    {
      "name": "Casual - Halley",
      "to_build": "PlanetEngine",
      "instance_count": 1,
      "shared_instance_count": "SuperWeapon",
      "max_num_assisters": 45,
      "priority": 509,
      "base_sort": "FromBuilder",
      "builders": ["AnyUberAdvancedFabber"],
      "build_conditions": [
        [
          {
            "test_type": "HasPersonalityTag",
            "string0": "casual",
            "boolean": true
          },
          {
            "test_type": "PlanetIsMainEcoBase",
            "boolean": false
          },
          {
            "test_type": "PlanetIsRespawnable",
            "boolean": false
          },
          {
            "test_type": "PlanetCanBeUsedAsKineticWeapon",
            "boolean": true
          },
          {
            "test_type": "HaveThrustToMovePlanet",
            "boolean": false
          },
          {
            "test_type": "CanAffordBuildDemand"
          },
          {
            "test_type": "PlanetCount",
            "compare0": ">",
            "value0": 2
          },
          {
            "test_type": "AlliedUnitCountOnPlanet",
            "unit_type_string0": "PlanetEngine",
            "compare0": "<",
            "boolean": true,
            "value0": 1
          },
          {
            "test_type": "CanFindPlaceToBuild",
            "string0": "PlanetEngine"
          }
        ],
        [
          {
            "test_type": "HasPersonalityTag",
            "string0": "casual",
            "boolean": true
          },
          {
            "test_type": "PlanetIsMainEcoBase",
            "boolean": false
          },
          {
            "test_type": "PlanetIsRespawnable",
            "boolean": true
          },
          {
            "test_type": "PlanetCanBeUsedAsKineticWeapon",
            "boolean": true
          },
          {
            "test_type": "HaveThrustToMovePlanet",
            "boolean": false
          },
          {
            "test_type": "PlanetCount",
            "compare0": ">",
            "value0": 2
          },
          {
            "test_type": "AlliedUnitCountOnPlanet",
            "unit_type_string0": "PlanetEngine",
            "compare0": "<",
            "boolean": true,
            "value0": 1
          },
          {
            "test_type": "CanFindPlaceToBuild",
            "string0": "PlanetEngine"
          }
        ]
      ],
      "placement_rules": {
        "buffer": 3,
        "placement_type": "FromBaseCenter"
      }
    },
    {
      "name": "Casual - Catalyst",
      "to_build": "ControlModule",
      "instance_count": 1,
      "shared_instance_count": "SuperWeapon",
      "max_num_assisters": 45,
      "priority": 512,
      "base_sort": "FromBuilder",
      "builders": ["AnyUberAdvancedFabber"],
      "build_conditions": [
        [
          {
            "test_type": "HasPersonalityTag",
            "string0": "casual",
            "boolean": true
          },
          {
            "test_type": "PlanetHasUseablePlanetWeapon",
            "boolean": true
          },
          {
            "test_type": "CanAffordBuildDemand"
          },
          {
            "test_type": "PlanetCount",
            "compare0": ">",
            "value0": 1
          },
          {
            "test_type": "AlliedUnitCountOnPlanet",
            "unit_type_string0": "ControlModule",
            "compare0": "<",
            "boolean": true,
            "value0": 1
          },
          {
            "test_type": "CanFindControlPointToBuild",
            "boolean": true
          }
        ]
      ]
    }
  ]
}
