{
  "ammo_capacity": 6,
  "ammo_demand": 1,
  "ammo_id": "/pa/units/land/l_hover_tank_adv/l_hover_tank_adv_ammo.json",
  "ammo_per_shot": 2,
  "ammo_source": "time",
  "auto_attack": true,
  "base_spec": "/pa/tools/base_artillery_turret/base_artillery_turret.json",
  "carpet_fire": true,
  "carpet_wait_for_full_ammo": true,
  "firing_arc_pitch": 20,
  "firing_arc_yaw": 5,
  "firing_standard_deviation": 20,
  "max_firing_velocity": 80,
  "max_range": 180,
  "min_firing_velocity": 5,
  "pitch_range": 89.9,
  "pitch_rate": 50,
  "rate_of_fire": 1.5,
  "spread_fire": true,
  "target_layers": [
    "WL_LandHorizontal",
    "WL_WaterSurface",
    "WL_Orbital",
    "WL_Air"
  ],
  "target_priorities": [
    "Orbital & Mobile",
    "Bomber",
    "Gunship",
    "Mobile"
  ],
  "yaw_range": 180,
  "yaw_rate": 120
}
