{
  "armor_damage_map": {
    "AT_Orbital": 0.5
  },
  "audio_loop": "/SE/Movement/missile/bot_tactical_missile_fly_loop",
  "base_spec": "/pa/ammo/base_missiles/base_missile_tactical.json",
  "cruise_height": 50,
  "damage": 50,
  "events": {
    "died": {
      "effect_spec": "/pa/effects/specs/default_proj_area_explosion.pfx"
    }
  },
  "flight_type": "Staged",
  "full_damage_splash_radius": 0,
  "fx_trail": {
    "filename": "/pa/units/land/l_hover_tank_adv/trail.pfx"
  },
  "influence_radius": 400,
  "initial_velocity": 10.0,
  "lifetime": 5.5,
  "max_health": 1,
  "max_velocity": 110.0,
  "physics": {
    "add_to_spatial_db": true,
    "ignore_gravity": false
  },
  "splash_damage": 10,
  "splash_radius": 6,
  "stages": [
    {
      "ignores_LOS": false,
      "ignores_gravity": true,
      "rotates_to_velocity": true,
      "stage_duration": 50,
      "stage_turn_rate": 90
    },
    {
      "ignores_LOS": true,
      "ignores_gravity": true,
      "rotates_to_velocity": true,
      "stage_duration": 100,
      "stage_turn_rate": 720
    },
    {
      "ignores_LOS": true,
      "ignores_gravity": true,
      "rotates_to_velocity": true,
      "stage_change_range": 60,
      "stage_duration": 0,
      "stage_turn_rate": 240
    },
    {
      "ignores_LOS": false,
      "ignores_gravity": false,
      "rotates_to_velocity": true,
      "stage_duration": 5000,
      "stage_turn_rate": 240
    }
  ],
  "turn_rate": 360
}
