{
  "display_name": "!LOC:Panzer",
  "description": "!LOC:Hover Assault- Can cross water and lava. Fires in salvos. Attacks land, air, sea and orbital targets.",
  "TEMP_texelinfo": 5.84968,
  "armor_type": "AT_Hover",
  "attachable": {
    "offsets": {
      "head": [
        0,
        0,
        2.7
      ],
      "root": [
        0,
        0,
        0
      ]
    }
  },
  "audio": {
    "loops": {
      "move": {
        "cue": "/SE/Movement/veh/tank_hover_loop",
        "flag": "vel_changed",
        "should_start_func": "is_moving",
        "should_stop_func": "is_not_moving"
      }
    },
    "selection_response": {
      "cue": "/SE/Selection/veh/tank_hover"
    }
  },
  "base_spec": "/pa/units/land/base_vehicle/base_vehicle.json",
  "build_metal_cost": 1200,
  "events": {
    "fired": {
      "audio_cue": "/SE/Weapons/veh/tank_hover_fire",
      "effect_spec": "/pa/effects/specs/tank_muzzle_flash.pfx socket_muzzleRight01 /pa/effects/specs/tank_muzzle_flash.pfx socket_muzzleRight02 /pa/effects/specs/tank_muzzle_flash.pfx socket_muzzleRight03 /pa/units/land/l_hover_tank_adv/launch_smoke.pfx socket_muzzleRight02 /pa/units/land/l_hover_tank_adv/launch_smoke.pfx socket_muzzleLeft02 /pa/effects/specs/tank_muzzle_flash.pfx socket_muzzleLeft01 /pa/effects/specs/tank_muzzle_flash.pfx socket_muzzleLeft02 /pa/effects/specs/tank_muzzle_flash.pfx socket_muzzleLeft03"
    }
  },
  "fx_offsets": [
    {
      "bone": "bone_root",
      "filename": "/pa/effects/specs/hover_idle_01.pfx",
      "offset": [
        -2.86,
        -4,
        0.96
      ],
      "orientation": [
        0,
        0,
        -202.5
      ],
      "type": "idle"
    },
    {
      "bone": "bone_root",
      "filename": "/pa/effects/specs/hover_idle_01.pfx",
      "offset": [
        2.86,
        -4,
        0.96
      ],
      "orientation": [
        0,
        0,
        22.5
      ],
      "type": "idle"
    },
    {
      "bone": "bone_root",
      "filename": "/pa/effects/specs/hover_idle_01.pfx",
      "offset": [
        3,
        3.56,
        0.96
      ],
      "orientation": [
        0,
        0,
        -15
      ],
      "type": "idle"
    },
    {
      "bone": "bone_root",
      "filename": "/pa/effects/specs/hover_idle_01.pfx",
      "offset": [
        -3,
        3.56,
        0.96
      ],
      "orientation": [
        0,
        0,
        195
      ],
      "type": "idle"
    }
  ],
  "guard_layer": "WL_LandHorizontal",
  "headlights": [
    {
      "color": [
        0.9,
        0.92,
        1
      ],
      "far_distance": 20,
      "gobo": "/pa/effects/textures/gobo/spotlight_gobo.papa",
      "intensity": 1.4,
      "near_distance": 1.2,
      "near_height": 2,
      "near_width": 2,
      "offset": [
        1.8,
        -2,
        1
      ],
      "orientation": [
        0,
        65,
        0
      ]
    },
    {
      "color": [
        0.9,
        0.92,
        1
      ],
      "far_distance": 20,
      "gobo": "/pa/effects/textures/gobo/spotlight_gobo.papa",
      "intensity": 1.4,
      "near_distance": 1.2,
      "near_height": 2,
      "near_width": 2,
      "offset": [
        -1.8,
        -2,
        1
      ],
      "orientation": [
        0,
        65,
        0
      ]
    }
  ],
  "max_health": 200,
  "mesh_bounds": [
    4.93769,
    6.4,
    2.6835
  ],
  "model": {
    "animations": {
      "hover": "/pa/units/land/tank_hover/tank_hover_anim_hover.papa"
    },
    "animtree": "/pa/anim/anim_trees/l_hover_tank_adv_anim_tree.json",
    "filename": "/pa/units/land/l_hover_tank_adv/l_hover_tank_adv.papa"
  },
  "navigation": {
    "acceleration": 100,
    "brake": 100,
    "move_speed": 10,
    "turn_speed": 40,
    "type": "hover"
  },
  "physics": {
    "air_friction": 0.5,
    "radius": 3
  },
  "recon": {
    "observer": {
      "items": [
        {
          "channel": "sight",
          "layer": "surface_and_air",
          "radius": 100,
          "shape": "capsule"
        },
        {
          "channel": "sight",
          "layer": "underwater",
          "radius": 100,
          "shape": "capsule"
        }
      ]
    }
  },
  "selection_icon": {
    "diameter": -14
  },
  "tools": [
    {
      "aim_bone": "bone_pitch",
      "muzzle_bone": [
        "socket_muzzleRight01"
      ],
      "projectiles_per_fire": 1,
      "spec_id": "/pa/units/land/l_hover_tank_adv/l_hover_tank_adv_tool_weapon.json"
    },
    {
      "aim_bone": "bone_pitch",
      "muzzle_bone": [
        "socket_muzzleRight02"
      ],
      "projectiles_per_fire": 1,
      "spec_id": "/pa/units/land/l_hover_tank_adv/l_hover_tank_adv_tool_weapon.json"
    },
    {
      "aim_bone": "bone_pitch",
      "muzzle_bone": [
        "socket_muzzleRight03"
      ],
      "projectiles_per_fire": 1,
      "spec_id": "/pa/units/land/l_hover_tank_adv/l_hover_tank_adv_tool_weapon.json"
    },
    {
      "aim_bone": "bone_pitch",
      "muzzle_bone": [
        "socket_muzzleLeft01"
      ],
      "projectiles_per_fire": 1,
      "spec_id": "/pa/units/land/l_hover_tank_adv/l_hover_tank_adv_tool_weapon.json"
    },
    {
      "aim_bone": "bone_pitch",
      "muzzle_bone": [
        "socket_muzzleLeft02"
      ],
      "projectiles_per_fire": 1,
      "spec_id": "/pa/units/land/l_hover_tank_adv/l_hover_tank_adv_tool_weapon.json"
    },
    {
      "aim_bone": "bone_pitch",
      "muzzle_bone": [
        "socket_muzzleLeft03"
      ],
      "projectiles_per_fire": 1,
      "spec_id": "/pa/units/land/l_hover_tank_adv/l_hover_tank_adv_tool_weapon.json"
    },
    {
      "aim_bone": "bone_pitch",
      "muzzle_bone": [
        "socket_muzzleLeft02"
      ],
      "projectiles_per_fire": 1,
      "spec_id": "/pa/units/land/l_hover_tank_adv/l_hover_tank_adv_anti_drop_tool_weapon.json"
    }
  ],
  "transportable": {
    "size": 1
  },
  "unit_types": [
    "UNITTYPE_Tank",
    "UNITTYPE_Mobile",
    "UNITTYPE_Offense",
    "UNITTYPE_Artillery",
    "UNITTYPE_Land",
    "UNITTYPE_Advanced",
    "UNITTYPE_Hover",
    "UNITTYPE_FactoryBuild",
    "UNITTYPE_Custom1"
  ]
}
