{
  "build_list": [
    {
      "name": "Vehicle Scout Platoon",
      "to_build": "Vehicle_Scout",
      "instance_count": 5,
      "shared_instance_count": "VehicleScout",
      "priority": 100,
      "build_conditions": [
        [
          {
            "test_type": "HasPersonalityTag",
            "string0": "Vanilla",
            "boolean": true
          },
          {
            "test_type": "UnitCountOnPlanet",
            "unit_type_string0": "Air & Factory",
            "compare0": "<",
            "value0": 1
          },
          {
            "test_type": "UnitPoolCount",
            "unit_type_string0": "Tank & Scout",
            "compare0": ">=",
            "value0": 1
          }
        ]
      ],
      "task_type": "Scout"
    },
    {
      "name": "Bot Scout Platoon",
      "to_build": "Bot_Scout",
      "instance_count": 5,
      "shared_instance_count": "BotScout",
      "priority": 100,
      "build_conditions": [
        [
          {
            "test_type": "HasPersonalityTag",
            "string0": "Vanilla",
            "boolean": true
          },
          {
            "test_type": "UnitCountOnPlanet",
            "unit_type_string0": "Air & Factory",
            "compare0": "<",
            "value0": 1
          },
          {
            "test_type": "UnitPoolCount",
            "unit_type_string0": "(Bot & Mobile) - Fabber - AirDefense - Construction - Artillery - Heavy - SelfDestruct",
            "compare0": ">=",
            "value0": 1
          }
        ]
      ],
      "task_type": "Scout"
    },
    {
      "name": "Land Transfer To Planet - Alone",
      "to_build": "Land_Attack_Max",
      "instance_count": -1,
      "shared_instance_count": "LandTransferToPlanet",
      "priority": 117,
      "build_conditions": [
        [
          {
            "test_type": "HasPersonalityTag",
            "string0": "Vanilla",
            "boolean": true
          },
          {
            "test_type": "HasPersonalityTag",
            "string0": "Tutorial",
            "boolean": false
          },
          {
            "test_type": "EnemyPresenceOnPlanet",
            "boolean": false
          },
          {
            "test_type": "OtherPlanetNeedsLandUnitAssistance",
            "boolean": true
          },
          {
            "test_type": "CanProvideLandUnitAssistance",
            "boolean": true
          },
          {
            "test_type": "UnitPoolCount",
            "unit_type_string0": "((Tank | Bot) & Mobile) - Fabber - AirDefense - Construction",
            "compare0": ">=",
            "value0": 5
          }
        ]
      ],
      "task_type": "TeleportLandToPlanet"
    },
    {
      "name": "Land Transfer To Planet",
      "to_build": "Land_Attack_XLarge",
      "instance_count": 1,
      "shared_instance_count": "LandTransferToPlanet",
      "priority": 116,
      "build_conditions": [
        [
          {
            "test_type": "HasPersonalityTag",
            "string0": "Vanilla",
            "boolean": true
          },
          {
            "test_type": "HasPersonalityTag",
            "string0": "Tutorial",
            "boolean": false
          },
          {
            "test_type": "EnemyPresenceOnPlanet",
            "boolean": true
          },
          {
            "test_type": "OtherPlanetNeedsLandUnitAssistance",
            "boolean": true
          },
          {
            "test_type": "CanProvideLandUnitAssistance",
            "boolean": true
          },
          {
            "test_type": "UnitPoolCount",
            "unit_type_string0": "((Tank | Bot) & Mobile) - Fabber - AirDefense - Construction",
            "compare0": ">=",
            "value0": 5
          }
        ]
      ],
      "task_type": "TeleportLandToPlanet"
    },
    {
      "name": "Land Raid Platoon Small",
      "to_build": "Land_Raid_Small",
      "instance_count": 1,
      "priority": 109,
      "build_conditions": [
        [
          {
            "test_type": "HasPersonalityTag",
            "string0": "Vanilla",
            "boolean": true
          },
          {
            "test_type": "EnemySurfacePresenceOnPlanet",
            "boolean": true
          },
          {
            "test_type": "UnitPoolCount",
            "unit_type_string0": "(Bot & Mobile) - Fabber - AirDefense - Construction - Artillery - Heavy - SelfDestruct",
            "compare0": ">=",
            "value0": 1
          },
          {
            "test_type": "CanAttackWithPoolUnitsLand",
            "string0": "WL_AnySurface",
            "string1": "WL_AnySurface",
            "unit_type_string0": "Mobile | Structure"
          }
        ]
      ],
      "task_type": "LandAttack"
    },
    {
      "name": "Land Raid Platoon Medium",
      "to_build": "Land_Raid_Medium",
      "instance_count": 1,
      "priority": 108,
      "build_conditions": [
        [
          {
            "test_type": "HasPersonalityTag",
            "string0": "Vanilla",
            "boolean": true
          },
          {
            "test_type": "EnemySurfacePresenceOnPlanet",
            "boolean": true
          },
          {
            "test_type": "HasPersonalityTag",
            "string0": "Tutorial",
            "boolean": false
          },
          {
            "test_type": "UnitPoolCount",
            "unit_type_string0": "(Bot & Mobile) - Fabber - AirDefense - Construction - Artillery - Heavy - SelfDestruct",
            "compare0": ">=",
            "value0": 4
          },
          {
            "test_type": "CanAttackWithPoolUnitsLand",
            "string0": "WL_AnySurface",
            "string1": "WL_AnySurface",
            "unit_type_string0": "Mobile | Structure"
          }
        ]
      ],
      "task_type": "LandAttack"
    },
    {
      "name": "Land Raid Platoon Large",
      "to_build": "Land_Raid_Large",
      "instance_count": 1,
      "priority": 107,
      "build_conditions": [
        [
          {
            "test_type": "HasPersonalityTag",
            "string0": "Vanilla",
            "boolean": true
          },
          {
            "test_type": "EnemySurfacePresenceOnPlanet",
            "boolean": true
          },
          {
            "test_type": "HasPersonalityTag",
            "string0": "Tutorial",
            "boolean": false
          },
          {
            "test_type": "UnitPoolCount",
            "unit_type_string0": "(Bot & Mobile) - Fabber - AirDefense - Construction - Artillery - Heavy - SelfDestruct",
            "compare0": ">=",
            "value0": 10
          },
          {
            "test_type": "CanAttackWithPoolUnitsLand",
            "string0": "WL_AnySurface",
            "string1": "WL_AnySurface",
            "unit_type_string0": "Mobile | Structure"
          }
        ]
      ],
      "task_type": "LandAttack"
    },
    {
      "name": "Land Raid Platoon XLarge",
      "to_build": "Land_Raid_XLarge",
      "instance_count": 1,
      "priority": 106,
      "build_conditions": [
        [
          {
            "test_type": "HasPersonalityTag",
            "string0": "Vanilla",
            "boolean": true
          },
          {
            "test_type": "EnemySurfacePresenceOnPlanet",
            "boolean": true
          },
          {
            "test_type": "HasPersonalityTag",
            "string0": "Tutorial",
            "boolean": false
          },
          {
            "test_type": "UnitPoolCount",
            "unit_type_string0": "(Bot & Mobile) - Fabber - AirDefense - Construction - Artillery - Heavy - SelfDestruct",
            "compare0": ">=",
            "value0": 20
          },
          {
            "test_type": "CanAttackWithPoolUnitsLand",
            "string0": "WL_AnySurface",
            "string1": "WL_AnySurface",
            "unit_type_string0": "Mobile | Structure"
          }
        ]
      ],
      "task_type": "LandAttack"
    },
    {
      "name": "Land Raid Platoon Max",
      "to_build": "Land_Raid_Max",
      "instance_count": 1,
      "priority": 105,
      "build_conditions": [
        [
          {
            "test_type": "HasPersonalityTag",
            "string0": "Vanilla",
            "boolean": true
          },
          {
            "test_type": "EnemySurfacePresenceOnPlanet",
            "boolean": true
          },
          {
            "test_type": "HasPersonalityTag",
            "string0": "Tutorial",
            "boolean": false
          },
          {
            "test_type": "UnitPoolCount",
            "unit_type_string0": "(Bot & Mobile) - Fabber - AirDefense - Construction - Artillery - Heavy - SelfDestruct",
            "compare0": ">=",
            "value0": 40
          },
          {
            "test_type": "CanAttackWithPoolUnitsLand",
            "string0": "WL_AnySurface",
            "string1": "WL_AnySurface",
            "unit_type_string0": "Mobile | Structure"
          }
        ]
      ],
      "task_type": "LandAttack"
    },
    {
      "name": "Swarm Raid Platoon Small",
      "to_build": "Swarm_Raid_Small",
      "instance_count": 1,
      "priority": 109,
      "build_conditions": [
        [
          {
            "test_type": "HasPersonalityTag",
            "string0": "Vanilla",
            "boolean": true
          },
          {
            "test_type": "EnemySurfacePresenceOnPlanet",
            "boolean": true
          },
          {
            "test_type": "HasPersonalityTag",
            "string0": "Tutorial",
            "boolean": false
          },
          {
            "test_type": "UnitPoolCount",
            "unit_type_string0": "Bot & Deconstruction",
            "compare0": ">=",
            "value0": 1
          },
          {
            "test_type": "CanAttackWithPoolUnitsLand",
            "string0": "WL_AnySurface",
            "string1": "WL_AnySurface",
            "unit_type_string0": "Mobile | Structure"
          }
        ]
      ],
      "task_type": "LandAttack"
    },
    {
      "name": "Swarm Raid Platoon Medium",
      "to_build": "Swarm_Raid_Medium",
      "instance_count": 1,
      "priority": 108,
      "build_conditions": [
        [
          {
            "test_type": "HasPersonalityTag",
            "string0": "Vanilla",
            "boolean": true
          },
          {
            "test_type": "EnemySurfacePresenceOnPlanet",
            "boolean": true
          },
          {
            "test_type": "HasPersonalityTag",
            "string0": "Tutorial",
            "boolean": false
          },
          {
            "test_type": "UnitPoolCount",
            "unit_type_string0": "Bot & Deconstruction",
            "compare0": ">=",
            "value0": 4
          },
          {
            "test_type": "CanAttackWithPoolUnitsLand",
            "string0": "WL_AnySurface",
            "string1": "WL_AnySurface",
            "unit_type_string0": "Mobile | Structure"
          }
        ]
      ],
      "task_type": "LandAttack"
    },
    {
      "name": "Swarm Raid Platoon Large",
      "to_build": "Swarm_Raid_Large",
      "instance_count": 1,
      "priority": 107,
      "build_conditions": [
        [
          {
            "test_type": "HasPersonalityTag",
            "string0": "Vanilla",
            "boolean": true
          },
          {
            "test_type": "EnemySurfacePresenceOnPlanet",
            "boolean": true
          },
          {
            "test_type": "HasPersonalityTag",
            "string0": "Tutorial",
            "boolean": false
          },
          {
            "test_type": "UnitPoolCount",
            "unit_type_string0": "Bot & Deconstruction",
            "compare0": ">=",
            "value0": 10
          },
          {
            "test_type": "CanAttackWithPoolUnitsLand",
            "string0": "WL_AnySurface",
            "string1": "WL_AnySurface",
            "unit_type_string0": "Mobile | Structure"
          }
        ]
      ],
      "task_type": "LandAttack"
    },
    {
      "name": "Swarm Raid Platoon XLarge",
      "to_build": "Swarm_Raid_XLarge",
      "instance_count": 1,
      "priority": 106,
      "build_conditions": [
        [
          {
            "test_type": "HasPersonalityTag",
            "string0": "Vanilla",
            "boolean": true
          },
          {
            "test_type": "EnemySurfacePresenceOnPlanet",
            "boolean": true
          },
          {
            "test_type": "HasPersonalityTag",
            "string0": "Tutorial",
            "boolean": false
          },
          {
            "test_type": "UnitPoolCount",
            "unit_type_string0": "Bot & Deconstruction",
            "compare0": ">=",
            "value0": 20
          },
          {
            "test_type": "CanAttackWithPoolUnitsLand",
            "string0": "WL_AnySurface",
            "string1": "WL_AnySurface",
            "unit_type_string0": "Mobile | Structure"
          }
        ]
      ],
      "task_type": "LandAttack"
    },
    {
      "name": "Swarm Raid Platoon Max",
      "to_build": "Swarm_Raid_Max",
      "instance_count": 1,
      "priority": 105,
      "build_conditions": [
        [
          {
            "test_type": "HasPersonalityTag",
            "string0": "Vanilla",
            "boolean": true
          },
          {
            "test_type": "EnemySurfacePresenceOnPlanet",
            "boolean": true
          },
          {
            "test_type": "HasPersonalityTag",
            "string0": "Tutorial",
            "boolean": false
          },
          {
            "test_type": "UnitPoolCount",
            "unit_type_string0": "Bot & Deconstruction",
            "compare0": ">=",
            "value0": 40
          },
          {
            "test_type": "CanAttackWithPoolUnitsLand",
            "string0": "WL_AnySurface",
            "string1": "WL_AnySurface",
            "unit_type_string0": "Mobile | Structure"
          }
        ]
      ],
      "task_type": "LandAttack"
    },
    {
      "name": "Boom Raid Platoon Small",
      "to_build": "Boom_Raid_Small",
      "instance_count": 1,
      "priority": 109,
      "build_conditions": [
        [
          {
            "test_type": "HasPersonalityTag",
            "string0": "Vanilla",
            "boolean": true
          },
          {
            "test_type": "EnemySurfacePresenceOnPlanet",
            "boolean": true
          },
          {
            "test_type": "HasPersonalityTag",
            "string0": "Tutorial",
            "boolean": false
          },
          {
            "test_type": "UnitPoolCount",
            "unit_type_string0": "Bot & SelfDestruct",
            "compare0": ">=",
            "value0": 1
          },
          {
            "test_type": "CanAttackWithPoolUnitsLand",
            "string0": "WL_AnySurface",
            "string1": "WL_AnySurface",
            "unit_type_string0": "Mobile | Structure"
          }
        ]
      ],
      "task_type": "LandAttack"
    },
    {
      "name": "Boom Raid Platoon Medium",
      "to_build": "Boom_Raid_Medium",
      "instance_count": 1,
      "priority": 108,
      "build_conditions": [
        [
          {
            "test_type": "HasPersonalityTag",
            "string0": "Vanilla",
            "boolean": true
          },
          {
            "test_type": "EnemySurfacePresenceOnPlanet",
            "boolean": true
          },
          {
            "test_type": "HasPersonalityTag",
            "string0": "Tutorial",
            "boolean": false
          },
          {
            "test_type": "UnitPoolCount",
            "unit_type_string0": "Bot & SelfDestruct",
            "compare0": ">=",
            "value0": 4
          },
          {
            "test_type": "CanAttackWithPoolUnitsLand",
            "string0": "WL_AnySurface",
            "string1": "WL_AnySurface",
            "unit_type_string0": "Mobile | Structure"
          }
        ]
      ],
      "task_type": "LandAttack"
    },
    {
      "name": "Boom Raid Platoon Large",
      "to_build": "Boom_Raid_Large",
      "instance_count": 1,
      "priority": 107,
      "build_conditions": [
        [
          {
            "test_type": "HasPersonalityTag",
            "string0": "Vanilla",
            "boolean": true
          },
          {
            "test_type": "EnemySurfacePresenceOnPlanet",
            "boolean": true
          },
          {
            "test_type": "HasPersonalityTag",
            "string0": "Tutorial",
            "boolean": false
          },
          {
            "test_type": "UnitPoolCount",
            "unit_type_string0": "Bot & SelfDestruct",
            "compare0": ">=",
            "value0": 10
          },
          {
            "test_type": "CanAttackWithPoolUnitsLand",
            "string0": "WL_AnySurface",
            "string1": "WL_AnySurface",
            "unit_type_string0": "Mobile | Structure"
          }
        ]
      ],
      "task_type": "LandAttack"
    },
    {
      "name": "Boom Raid Platoon XLarge",
      "to_build": "Boom_Raid_XLarge",
      "instance_count": 1,
      "priority": 106,
      "build_conditions": [
        [
          {
            "test_type": "HasPersonalityTag",
            "string0": "Vanilla",
            "boolean": true
          },
          {
            "test_type": "EnemySurfacePresenceOnPlanet",
            "boolean": true
          },
          {
            "test_type": "HasPersonalityTag",
            "string0": "Tutorial",
            "boolean": false
          },
          {
            "test_type": "UnitPoolCount",
            "unit_type_string0": "Bot & SelfDestruct",
            "compare0": ">=",
            "value0": 20
          },
          {
            "test_type": "CanAttackWithPoolUnitsLand",
            "string0": "WL_AnySurface",
            "string1": "WL_AnySurface",
            "unit_type_string0": "Mobile | Structure"
          }
        ]
      ],
      "task_type": "LandAttack"
    },
    {
      "name": "Boom Raid Platoon Max",
      "to_build": "Boom_Raid_Max",
      "instance_count": 1,
      "priority": 105,
      "build_conditions": [
        [
          {
            "test_type": "HasPersonalityTag",
            "string0": "Vanilla",
            "boolean": true
          },
          {
            "test_type": "EnemySurfacePresenceOnPlanet",
            "boolean": true
          },
          {
            "test_type": "HasPersonalityTag",
            "string0": "Tutorial",
            "boolean": false
          },
          {
            "test_type": "UnitPoolCount",
            "unit_type_string0": "Bot & SelfDestruct",
            "compare0": ">=",
            "value0": 40
          },
          {
            "test_type": "CanAttackWithPoolUnitsLand",
            "string0": "WL_AnySurface",
            "string1": "WL_AnySurface",
            "unit_type_string0": "Mobile | Structure"
          }
        ]
      ],
      "task_type": "LandAttack"
    },
    {
      "name": "Land Attack Platoon Small",
      "to_build": "Land_Attack_Small",
      "instance_count": -1,
      "priority": 104,
      "build_conditions": [
        [
          {
            "test_type": "HasPersonalityTag",
            "string0": "Vanilla",
            "boolean": true
          },
          {
            "test_type": "EnemySurfacePresenceOnPlanet",
            "boolean": true
          },
          {
            "test_type": "UnitPoolCount",
            "unit_type_string0": "((Tank | Bot) & Mobile) - Fabber - AirDefense - Construction - Deconstruction - Titan",
            "compare0": ">=",
            "value0": 1
          },
          {
            "test_type": "CanAttackWithPoolUnitsLand",
            "string0": "WL_AnySurface",
            "string1": "WL_AnySurface",
            "unit_type_string0": "Mobile | Structure"
          }
        ]
      ],
      "task_type": "LandAttack"
    },
    {
      "name": "Land Attack Platoon Medium",
      "to_build": "Land_Attack_Medium",
      "instance_count": -1,
      "priority": 103,
      "build_conditions": [
        [
          {
            "test_type": "HasPersonalityTag",
            "string0": "Vanilla",
            "boolean": true
          },
          {
            "test_type": "EnemySurfacePresenceOnPlanet",
            "boolean": true
          },
          {
            "test_type": "HasPersonalityTag",
            "string0": "Tutorial",
            "boolean": false
          },
          {
            "test_type": "UnitPoolCount",
            "unit_type_string0": "((Tank | Bot) & Mobile) - Fabber - AirDefense - Construction - Deconstruction - Titan",
            "compare0": ">=",
            "value0": 4
          },
          {
            "test_type": "CanAttackWithPoolUnitsLand",
            "string0": "WL_AnySurface",
            "string1": "WL_AnySurface",
            "unit_type_string0": "Mobile | Structure"
          }
        ]
      ],
      "task_type": "LandAttack"
    },
    {
      "name": "Land Attack Platoon Large",
      "to_build": "Land_Attack_Large",
      "instance_count": -1,
      "priority": 102,
      "build_conditions": [
        [
          {
            "test_type": "HasPersonalityTag",
            "string0": "Vanilla",
            "boolean": true
          },
          {
            "test_type": "EnemySurfacePresenceOnPlanet",
            "boolean": true
          },
          {
            "test_type": "HasPersonalityTag",
            "string0": "Tutorial",
            "boolean": false
          },
          {
            "test_type": "UnitPoolCount",
            "unit_type_string0": "((Tank | Bot) & Mobile) - Fabber - AirDefense - Construction - Deconstruction - Titan",
            "compare0": ">=",
            "value0": 10
          },
          {
            "test_type": "CanAttackWithPoolUnitsLand",
            "string0": "WL_AnySurface",
            "string1": "WL_AnySurface",
            "unit_type_string0": "Mobile | Structure"
          }
        ]
      ],
      "task_type": "LandAttack"
    },
    {
      "name": "Land Attack Platoon XLarge",
      "to_build": "Land_Attack_XLarge",
      "instance_count": -1,
      "priority": 101,
      "build_conditions": [
        [
          {
            "test_type": "HasPersonalityTag",
            "string0": "Vanilla",
            "boolean": true
          },
          {
            "test_type": "EnemySurfacePresenceOnPlanet",
            "boolean": true
          },
          {
            "test_type": "HasPersonalityTag",
            "string0": "Tutorial",
            "boolean": false
          },
          {
            "test_type": "UnitPoolCount",
            "unit_type_string0": "((Tank | Bot) & Mobile) - Fabber - AirDefense - Construction - Deconstruction - Titan",
            "compare0": ">=",
            "value0": 20
          },
          {
            "test_type": "CanAttackWithPoolUnitsLand",
            "string0": "WL_AnySurface",
            "string1": "WL_AnySurface",
            "unit_type_string0": "Mobile | Structure"
          }
        ]
      ],
      "task_type": "LandAttack"
    },
    {
      "name": "Land Attack Platoon Max",
      "to_build": "Land_Attack_Max",
      "instance_count": -1,
      "priority": 100,
      "build_conditions": [
        [
          {
            "test_type": "HasPersonalityTag",
            "string0": "Vanilla",
            "boolean": true
          },
          {
            "test_type": "EnemySurfacePresenceOnPlanet",
            "boolean": true
          },
          {
            "test_type": "HasPersonalityTag",
            "string0": "Tutorial",
            "boolean": false
          },
          {
            "test_type": "UnitPoolCount",
            "unit_type_string0": "((Tank | Bot) & Mobile) - Fabber - AirDefense - Construction - Deconstruction - Titan",
            "compare0": ">=",
            "value0": 40
          },
          {
            "test_type": "CanAttackWithPoolUnitsLand",
            "string0": "WL_AnySurface",
            "string1": "WL_AnySurface",
            "unit_type_string0": "Mobile | Structure"
          }
        ]
      ],
      "task_type": "LandAttack"
    },
    {
      "name": "Land Attack Titan",
      "to_build": "Land_Attack_Titan",
      "instance_count": -1,
      "priority": 110,
      "build_conditions": [
        [
          {
            "test_type": "HasPersonalityTag",
            "string0": "Vanilla",
            "boolean": true
          },
          {
            "test_type": "EnemySurfacePresenceOnPlanet",
            "boolean": true
          },
          {
            "test_type": "HasPersonalityTag",
            "string0": "Tutorial",
            "boolean": false
          },
          {
            "test_type": "UnitPoolCount",
            "unit_type_string0": "(Tank | Bot) & Mobile & Titan",
            "compare0": ">",
            "value0": 0
          },
          {
            "test_type": "CanAttackWithPoolUnitsLand",
            "string0": "WL_AnySurface",
            "string1": "WL_AnySurface",
            "unit_type_string0": "Mobile | Structure"
          }
        ]
      ],
      "task_type": "LandAttack"
    }
  ]
}
