{
  "build_list": [
    {
      "name": "Bronze - Amphibious Attack Platoon XLarge",
      "to_build": "Amphibious_Attack_Max_Queller",
      "instance_count": -1,
      "priority": 122,
      "build_conditions": [
        [
          {
            "test_type": "HasPersonalityTag",
            "string0": "bronze",
            "boolean": true
          },
          {
            "test_type": "EnemySurfacePresenceOnPlanet",
            "boolean": true
          },
          {
            "test_type": "PlanetHighestEnemyArmyThreat",
            "string0": "AntiSurface",
            "compare0": "<",
            "value0": 11200
          },
          {
            "test_type": "UnitPoolCount",
            "unit_type_string0": "((Bot | (Tank & Sub)) & Mobile) - Fabber - AirDefense - Construction - Artillery - Tactical - Heavy - Fighter - SelfDestruct - Deconstruction - Titan",
            "compare0": ">=",
            "value0": 20
          },
          {
            "test_type": "CanAttackWithPoolUnitsLand",
            "string0": "WL_AnySurface",
            "string1": "WL_AnySurface",
            "unit_type_string0": "(Mobile | Structure) - Wall"
          }
        ]
      ],
      "task_type": "LandAttack"
    },
    {
      "name": "Bronze - Amphibious Attack Platoon Huge",
      "to_build": "Amphibious_Attack_Max_Queller",
      "instance_count": -1,
      "priority": 121,
      "build_conditions": [
        [
          {
            "test_type": "HasPersonalityTag",
            "string0": "bronze",
            "boolean": true
          },
          {
            "test_type": "EnemySurfacePresenceOnPlanet",
            "boolean": true
          },
          {
            "test_type": "PlanetHighestEnemyArmyThreat",
            "string0": "AntiSurface",
            "compare0": "<",
            "value0": 16800
          },
          {
            "test_type": "UnitPoolCount",
            "unit_type_string0": "((Bot | (Tank & Sub)) & Mobile) - Fabber - AirDefense - Construction - Artillery - Tactical - Heavy - Fighter - SelfDestruct - Deconstruction - Titan",
            "compare0": ">=",
            "value0": 30
          },
          {
            "test_type": "CanAttackWithPoolUnitsLand",
            "string0": "WL_AnySurface",
            "string1": "WL_AnySurface",
            "unit_type_string0": "(Mobile | Structure) - Wall"
          }
        ]
      ],
      "task_type": "LandAttack"
    },
    {
      "name": "Bronze - Amphibious Attack Platoon Max",
      "to_build": "Amphibious_Attack_Max_Queller",
      "instance_count": -1,
      "priority": 120,
      "build_conditions": [
        [
          {
            "test_type": "HasPersonalityTag",
            "string0": "bronze",
            "boolean": true
          },
          {
            "test_type": "EnemySurfacePresenceOnPlanet",
            "boolean": true
          },
          {
            "test_type": "UnitPoolCount",
            "unit_type_string0": "((Bot | (Tank & Sub)) & Mobile) - Fabber - AirDefense - Construction - Artillery - Tactical - Heavy - Fighter - SelfDestruct - Deconstruction - Titan",
            "compare0": ">=",
            "value0": 40
          },
          {
            "test_type": "CanAttackWithPoolUnitsLand",
            "string0": "WL_AnySurface",
            "string1": "WL_AnySurface",
            "unit_type_string0": "(Mobile | Structure) - Wall"
          }
        ]
      ],
      "task_type": "LandAttack"
    },
    {
      "name": "Bronze - Hover Attack Platoon Max",
      "to_build": "Hover_Attack_Max_Queller",
      "instance_count": -1,
      "priority": 122,
      "build_conditions": [
        [
          {
            "test_type": "HasPersonalityTag",
            "string0": "bronze",
            "boolean": true
          },
          {
            "test_type": "EnemySurfacePresenceOnPlanet",
            "boolean": true
          },
          {
            "test_type": "UnitPoolCount",
            "unit_type_string0": "(Hover & Mobile & Naval) - Fabber - Construction - Deconstruction - Titan",
            "compare0": ">=",
            "value0": 5
          },
          {
            "test_type": "CanAttackWithPoolUnitsLand",
            "string0": "WL_AnySurface",
            "string1": "WL_AnySurface",
            "unit_type_string0": "(Mobile | Structure) - Wall"
          }
        ],
        [
          {
            "test_type": "HasPersonalityTag",
            "string0": "bronze",
            "boolean": true
          },
          {
            "test_type": "EnemySurfacePresenceOnPlanet",
            "boolean": true
          },
          {
            "test_type": "UnitPoolCount",
            "unit_type_string0": "(Hover & Mobile) - Fabber - Construction - Deconstruction - Titan",
            "compare0": ">=",
            "value0": 20
          },
          {
            "test_type": "CanAttackWithPoolUnitsLand",
            "string0": "WL_AnySurface",
            "string1": "WL_AnySurface",
            "unit_type_string0": "(Mobile | Structure) - Wall"
          }
        ]
      ],
      "task_type": "LandAttack"
    },
    {
      "name": "Bronze - Necromancer Attack Platoon Max",
      "to_build": "Necromancer_Attack_Queller",
      "instance_count": -1,
      "priority": 122,
      "build_conditions": [
        [
          {
            "test_type": "HasPersonalityTag",
            "string0": "bronze",
            "boolean": true
          },
          {
            "test_type": "EnemySurfacePresenceOnPlanet",
            "boolean": true
          },
          {
            "test_type": "UnitPoolCount",
            "unit_type_string0": "Bot & SelfDestruct & Advanced & Custom1",
            "compare0": ">=",
            "value0": 5
          },
          {
            "test_type": "CanAttackWithPoolUnitsLand",
            "string0": "WL_AnySurface",
            "string1": "WL_AnySurface",
            "unit_type_string0": "(Mobile | Structure) - Wall"
          }
        ]
      ],
      "task_type": "LandAttack"
    }
  ]
}
