{
  "build_list": [
    {
      "name": "Bronze - Boom Attack Platoon XLarge",
      "to_build": "Boom_Attack_Max_Queller",
      "instance_count": -1,
      "priority": 112,
      "build_conditions": [
        [
          {
            "test_type": "HasPersonalityTag",
            "string0": "bronze",
            "boolean": true
          },
          {
            "test_type": "EnemySurfacePresenceOnPlanet",
            "boolean": true
          },
          {
            "test_type": "UnitPoolCount",
            "unit_type_string0": "Bot & SelfDestruct",
            "compare0": ">=",
            "value0": 20
          },
          {
            "test_type": "CanAttackWithPoolUnitsLand",
            "string0": "WL_AnySurface",
            "string1": "WL_AnySurface",
            "unit_type_string0": "Mobile | Structure"
          }
        ]
      ],
      "task_type": "LandAttack"
    },
    {
      "name": "Bronze - Land Attack Platoon XLarge",
      "to_build": "Land_Attack_Max_Queller",
      "instance_count": -1,
      "priority": 102,
      "build_conditions": [
        [
          {
            "test_type": "HasPersonalityTag",
            "string0": "bronze",
            "boolean": true
          },
          {
            "test_type": "EnemySurfacePresenceOnPlanet",
            "boolean": true
          },
          {
            "test_type": "PlanetHighestEnemyArmyThreat",
            "string0": "AntiSurface",
            "compare0": "<",
            "value0": 11200
          },
          {
            "test_type": "UnitPoolCount",
            "unit_type_string0": "(Land & Mobile) - Hover - Fabber - AirDefense - Construction - Deconstruction - SelfDestruct - Titan",
            "compare0": ">=",
            "value0": 20
          },
          {
            "test_type": "CanAttackWithPoolUnitsLand",
            "string0": "WL_AnySurface",
            "string1": "WL_AnySurface",
            "unit_type_string0": "(Mobile | Structure) - Wall"
          }
        ]
      ],
      "task_type": "LandAttack"
    },
    {
      "name": "Bronze - Land Attack Platoon Huge",
      "to_build": "Land_Attack_Max_Queller",
      "instance_count": -1,
      "priority": 101,
      "build_conditions": [
        [
          {
            "test_type": "HasPersonalityTag",
            "string0": "bronze",
            "boolean": true
          },
          {
            "test_type": "EnemySurfacePresenceOnPlanet",
            "boolean": true
          },
          {
            "test_type": "PlanetHighestEnemyArmyThreat",
            "string0": "AntiSurface",
            "compare0": "<",
            "value0": 16800
          },
          {
            "test_type": "UnitPoolCount",
            "unit_type_string0": "(Land & Mobile) - Hover - Fabber - AirDefense - Construction - Deconstruction - SelfDestruct - Titan",
            "compare0": ">=",
            "value0": 30
          },
          {
            "test_type": "CanAttackWithPoolUnitsLand",
            "string0": "WL_AnySurface",
            "string1": "WL_AnySurface",
            "unit_type_string0": "(Mobile | Structure) - Wall"
          }
        ]
      ],
      "task_type": "LandAttack"
    },
    {
      "name": "Bronze - Land Attack Platoon Max",
      "to_build": "Land_Attack_Max_Queller",
      "instance_count": -1,
      "priority": 100,
      "build_conditions": [
        [
          {
            "test_type": "HasPersonalityTag",
            "string0": "bronze",
            "boolean": true
          },
          {
            "test_type": "EnemySurfacePresenceOnPlanet",
            "boolean": true
          },
          {
            "test_type": "UnitPoolCount",
            "unit_type_string0": "(Land & Mobile) - Hover - Fabber - AirDefense - Construction - Deconstruction - SelfDestruct - Titan",
            "compare0": ">=",
            "value0": 40
          },
          {
            "test_type": "CanAttackWithPoolUnitsLand",
            "string0": "WL_AnySurface",
            "string1": "WL_AnySurface",
            "unit_type_string0": "(Mobile | Structure) - Wall"
          }
        ]
      ],
      "task_type": "LandAttack"
    }
  ]
}
