{
    "context": "client",
    "identifier": "com.pa.kingslayergm.maps",
    "display_name": "King's Map Pack",
    "description": "A collection of cool custom made maps. Suitable for 1v1, 2v2, 2v2v2, 2v2v2v2, 2v2v2v2v2, 3v3, 3v3v3, 4v4, 5v5 and FFA. Includes single-planet systems, multi-planet systems, water and non-water worlds.",
    "author": "KingSlayerGM",
    "version": "1.0.16",
    "build": "113968",
    "date": "2020-05-04",
    "signature": "com.pa.kingslayergm.maps",
    "forum": "https://forums.planetaryannihilation.com/threads/kings-map-pack.73459/",
    "icon": "https://raw.githubusercontent.com/GabrieleMaurina/com.pa.kingslayergm.maps/release/images/icon.png",
    "dependencies": [
        "com.pa.conundrum.cShareSystems",
        "com.pa.grandhomie.simplebiomes.server",
        "com.pa.grandhomie.simplebiomes.client"
    ],
    "url": "https://github.com/GabrieleMaurina/com.pa.kingslayergm.maps/archive/release.zip",
    "download": "https://cdn.palobby.com/community-mods/downloads/com.pa.kingslayergm.maps.zip",
    "unitList": false,
    "fileSystem": false,
    "searchable": [
        "king",
        "map",
        "pack",
        "titans",
        "maps",
        "kings",
        "kingslayergm",
        "planet",
        "ffa",
        "1v1",
        "team"
    ],
    "sort": "king's map pack",
    "authors": [
        "KingSlayerGM"
    ],
    "priority": 100,
    "timestamp": 1588550400000,
    "companions": [],
    "scenes": {
        "load_planet": [
            "coui://ui/mods/kingslayergm/maps.js"
        ]
    },
    "framework": false,
    "available": true,
    "enabled": true,
    "titansOnly": false,
    "classicOnly": false,
    "classic": false,
    "titans": true,
    "conflicts": {}
}