{
  "display_name": "!LOC:Orbital Launcher",
  "description": "!LOC:Basic Manufacturing - Builds and launches basic orbital units.",
  "TEMP_texelinfo": 63.4807,
  "atrophy_cool_down": 15.0,
  "atrophy_rate": 45.0,
  "audio": {
    "loops": {
      "build": {
        "cue": "/SE/Construction/Factory_contruction_loop_orb_launcher",
        "flag": "build_target_changed",
        "should_start_func": "has_build_target",
        "should_stop_func": "no_build_target"
      }
    }
  },
  "base_spec": "/pa/units/land/base_structure/base_structure.json",
  "build_metal_cost": 1500,
  "buildable_types": "(Orbital & FactoryBuild & Basic) - Custom1 - Custom2 - Custom3 - Custom4",
  "command_caps": [
    "ORDER_Move",
    "ORDER_Patrol",
    "ORDER_FactoryBuild",
    "ORDER_Attack",
    "ORDER_Assist"
  ],
  "enable_orbital_shell": true,
  "events": {
    "died": {
      "effect_scale": 1.0,
      "effect_spec": "/pa/effects/specs/default_building_explosion_large.pfx"
    }
  },
  "factory": {
    "deploy_projectile": "/pa/units/orbital/orbital_launcher/orbital_launcher_deploy.json",
    "spawn_points": [
      "bone_missile01"
    ]
  },
  "fx_offsets": [
    {
      "bone": "socket_muzzle01",
      "filename": "/pa/effects/specs/fab_spray.pfx",
      "offset": [
        0.0,
        0
      ],
      "orientation": [
        0,
        0,
        0
      ],
      "type": "build"
    },
    {
      "bone": "socket_muzzle02",
      "filename": "/pa/effects/specs/fab_spray.pfx",
      "offset": [
        0.0,
        0
      ],
      "orientation": [
        0,
        0,
        0
      ],
      "type": "build"
    }
  ],
  "headlights": [
    {
      "bone": "bone_platform",
      "color": [
        1.5,
        1.52,
        1.6
      ],
      "far_distance": 40.0,
      "gobo": "/pa/effects/textures/gobo/spotlight_gobo.papa",
      "intensity": 3.0,
      "near_distance": 5.0,
      "near_height": 4.5,
      "near_width": 4.5,
      "offset": [
        -8.0,
        0.0,
        5.0
      ],
      "orientation": [
        160.0,
        0.0,
        0.0
      ]
    },
    {
      "bone": "bone_platform",
      "color": [
        1.5,
        1.52,
        1.6
      ],
      "far_distance": 40.0,
      "gobo": "/pa/effects/textures/gobo/spotlight_gobo.papa",
      "intensity": 3.0,
      "near_distance": 5.0,
      "near_height": 4.5,
      "near_width": 4.5,
      "offset": [
        8.0,
        0.0,
        5.0
      ],
      "orientation": [
        -160.0,
        0.0,
        0.0
      ]
    },
    {
      "color": [
        1.0,
        1.0,
        1.0
      ],
      "far_distance": 25.0,
      "gobo": "/pa/effects/textures/gobo/spotlight_gobo.papa",
      "intensity": 3.0,
      "near_distance": 2.5,
      "near_height": 5.5,
      "near_width": 5.5,
      "offset": [
        -5.0,
        -21.47,
        8.99
      ],
      "orientation": [
        0.0,
        35.0,
        0.0
      ]
    }
  ],
  "lamps": [
    {
      "color": [
        0.1,
        1.0,
        0.1
      ],
      "intensity": 2.0,
      "offset": [
        -5.0,
        23.37,
        33.65
      ],
      "radius": 8.0
    },
    {
      "color": [
        0.1,
        1.0,
        0.1
      ],
      "intensity": 2.0,
      "offset": [
        -5.0,
        18.6,
        36.19
      ],
      "radius": 8.0
    },
    {
      "color": [
        1.0,
        0.0,
        0.0
      ],
      "intensity": 2.0,
      "offset": [
        1.57,
        13.49,
        9.7
      ],
      "radius": 4.0
    },
    {
      "color": [
        1.0,
        0.0,
        0.0
      ],
      "intensity": 2.0,
      "offset": [
        25.3,
        16.16,
        12.23
      ],
      "radius": 4.0
    },
    {
      "color": [
        1.0,
        0.0,
        0.0
      ],
      "intensity": 2.0,
      "offset": [
        -5.0,
        25.04,
        29.88
      ],
      "radius": 4.0
    },
    {
      "color": [
        1.0,
        1.0,
        1.0
      ],
      "intensity": 2.0,
      "offset": [
        -5.0,
        -21.47,
        8.99
      ],
      "radius": 5.0
    },
    {
      "color": [
        1.0,
        1.0,
        1.0
      ],
      "intensity": 2.0,
      "offset": [
        -5.0,
        7.5,
        58.92
      ],
      "radius": 3.0
    },
    {
      "color": [
        1.0,
        1.0,
        1.0
      ],
      "intensity": 2.0,
      "offset": [
        -5.0,
        12.88,
        58.92
      ],
      "radius": 3.0
    },
    {
      "color": [
        1.0,
        1.0,
        1.0
      ],
      "intensity": 2.0,
      "offset": [
        -2.38,
        10.25,
        58.92
      ],
      "radius": 3.0
    },
    {
      "color": [
        1.0,
        1.0,
        1.0
      ],
      "intensity": 2.0,
      "offset": [
        -7.55,
        10.25,
        58.92
      ],
      "radius": 3.0
    },
    {
      "bone": "bone_gantry01",
      "color": [
        1.0,
        1.0,
        1.0
      ],
      "intensity": 2.0,
      "offset": [
        4.14,
        -10.278,
        0.0
      ],
      "radius": 4.0
    },
    {
      "bone": "bone_gantry02",
      "color": [
        1.0,
        1.0,
        1.0
      ],
      "intensity": 2.0,
      "offset": [
        4.14,
        -10.278,
        0.0
      ],
      "radius": 4.0
    }
  ],
  "max_health": 6000,
  "mesh_bounds": [
    50.0454,
    50.0306,
    58
  ],
  "model": [
    {
      "animations": {
        "build_end": "/pa/units/orbital/orbital_launcher/orbital_launcher_anim_end.papa",
        "build_loop": "/pa/units/orbital/orbital_launcher/orbital_launcher_anim_build.papa",
        "build_start": "/pa/units/orbital/orbital_launcher/orbital_launcher_anim_start.papa"
      },
      "animtree": "/pa/anim/anim_trees/factory_anim_tree.json",
      "filename": "/pa/units/orbital/orbital_launcher/orbital_launcher.papa",
      "layer": "WL_LandHorizontal",
      "skirt_decal": "/pa/effects/specs/skirt_orbital_launcher.json"
    },
    {
      "animations": {
        "build_end": "/pa/units/orbital/orbital_launcher/orbital_launcher_anim_end.papa",
        "build_loop": "/pa/units/orbital/orbital_launcher/orbital_launcher_anim_build.papa",
        "build_start": "/pa/units/orbital/orbital_launcher/orbital_launcher_anim_start.papa"
      },
      "animtree": "/pa/anim/anim_trees/factory_anim_tree.json",
      "filename": "/pa/units/sea/orbital_launcher/orbital_launcher.papa",
      "layer": "WL_WaterSurface"
    }
  ],
  "physics": {
    "collision_layers": "WL_AnyHorizontalGroundOrWaterSurface"
  },
  "placement_size": [
    65,
    65
  ],
  "recon": {
    "observer": {
      "items": [
        {
          "channel": "sight",
          "layer": "surface_and_air",
          "radius": 110,
          "shape": "capsule"
        },
        {
          "channel": "sight",
          "layer": "underwater",
          "radius": 110,
          "shape": "capsule"
        }
      ]
    }
  },
  "selection_icon": {
    "diameter": 75.0
  },
  "spawn_layers": "WL_AnyHorizontalGroundOrWaterSurface",
  "tools": [
    {
      "aim_bone": "bone_root",
      "spec_id": "/pa/units/orbital/orbital_launcher/orbital_launcher_build_arm.json"
    }
  ],
  "unit_name": "Orbital Launcher",
  "unit_types": [
    "UNITTYPE_Orbital",
    "UNITTYPE_Factory",
    "UNITTYPE_Construction",
    "UNITTYPE_Structure",
    "UNITTYPE_Land",
    "UNITTYPE_FabBuild",
    "UNITTYPE_FabAdvBuild",
    "UNITTYPE_Basic",
    "UNITTYPE_Important"
  ],
  "wait_to_rolloff_time": 3,
  "wreckage_mesh_bounds": [
    50.0454,
    50.0306,
    58
  ]
}
