{
  "build_list": [
    {
      "name": "Basic Bot Factory",
      "to_build": "BasicBotFactory",
      "instance_count": 1,
      "shared_instance_count": "BasicFactory",
      "priority": 376,
      "min_num_assisters": 2,
      "max_num_assisters": 5,
      "builders": [
        "UberCommander",
        "AnyUberBasicFabber",
        "AnyUberAdvancedFabber",
        "UberSupportCommander"
      ],
      "build_conditions": [
        [
          {
            "test_type": "HasPersonalityTag",
            "string0": "Vanilla",
            "boolean": true
          },
          {
            "test_type": "HaveEcoForAdvanced",
            "boolean": false
          },
          {
            "test_type": "NeedBasicBotFactory",
            "boolean": false
          },
          {
            "test_type": "CanAffordPotentialDrain",
            "string0": "BasicBotFactory"
          },
          {
            "test_type": "CanFindPlaceToBuild",
            "string0": "BasicBotFactory"
          }
        ],
        [
          {
            "test_type": "HasPersonalityTag",
            "string0": "Vanilla",
            "boolean": true
          },
          {
            "test_type": "HaveEcoForAdvanced",
            "boolean": true
          },
          {
            "test_type": "NeedBasicBotFactory",
            "boolean": true
          },
          {
            "test_type": "CanAffordPotentialDrain",
            "string0": "BasicBotFactory"
          },
          {
            "test_type": "CanFindPlaceToBuild",
            "string0": "BasicBotFactory"
          }
        ],
        [
          {
            "test_type": "HasPersonalityTag",
            "string0": "Vanilla",
            "boolean": true
          },
          {
            "test_type": "HaveEcoForAdvanced",
            "boolean": true
          },
          {
            "test_type": "NeedAdvancedBotFactory",
            "boolean": true
          },
          {
            "test_type": "UnitCountOnPlanet",
            "unit_type_string0": "(Factory & Construction & Bot & Basic) - Orbital",
            "compare0": "<",
            "value0": 1
          },
          {
            "test_type": "CanAffordPotentialDrain",
            "string0": "BasicBotFactory"
          },
          {
            "test_type": "CanFindPlaceToBuild",
            "string0": "BasicBotFactory"
          }
        ],
        [
          {
            "test_type": "HasPersonalityTag",
            "string0": "Vanilla",
            "boolean": true
          },
          {
            "test_type": "UnableToExpand",
            "boolean": true
          },
          {
            "test_type": "NeedBasicBotFactory",
            "boolean": true
          },
          {
            "test_type": "UnitCountOnPlanet",
            "unit_type_string0": "(Factory & Construction) - Orbital",
            "compare0": "<=",
            "value0": 0
          },
          {
            "test_type": "CanFindPlaceToBuild",
            "string0": "BasicBotFactory"
          }
        ]
      ],
      "placement_rules": {
        "buffer": 3,
        "threat": {
          "influence_type": "AntiSurface",
          "compare_type": "<",
          "radius": 10,
          "value": 50
        }
      }
    },
    {
      "name": "Basic Vehicle Factory",
      "to_build": "BasicVehicleFactory",
      "instance_count": 1,
      "shared_instance_count": "BasicFactory",
      "priority": 376,
      "min_num_assisters": 2,
      "max_num_assisters": 5,
      "builders": [
        "UberCommander",
        "AnyUberBasicFabber",
        "AnyUberAdvancedFabber",
        "UberSupportCommander"
      ],
      "build_conditions": [
        [
          {
            "test_type": "HasPersonalityTag",
            "string0": "Vanilla",
            "boolean": true
          },
          {
            "test_type": "HaveEcoForAdvanced",
            "boolean": false
          },
          {
            "test_type": "NeedBasicVehicleFactory",
            "boolean": false
          },
          {
            "test_type": "CanAffordPotentialDrain",
            "string0": "BasicVehicleFactory"
          },
          {
            "test_type": "CanDeployLandFromBase",
            "boolean": true
          },
          {
            "test_type": "CanFindPlaceToBuild",
            "string0": "BasicVehicleFactory"
          }
        ],
        [
          {
            "test_type": "HasPersonalityTag",
            "string0": "Vanilla",
            "boolean": true
          },
          {
            "test_type": "HaveEcoForAdvanced",
            "boolean": true
          },
          {
            "test_type": "NeedBasicVehicleFactory",
            "boolean": true
          },
          {
            "test_type": "CanAffordPotentialDrain",
            "string0": "BasicVehicleFactory"
          },
          {
            "test_type": "CanDeployLandFromBase",
            "boolean": true
          },
          {
            "test_type": "CanFindPlaceToBuild",
            "string0": "BasicVehicleFactory"
          }
        ],
        [
          {
            "test_type": "HasPersonalityTag",
            "string0": "Vanilla",
            "boolean": true
          },
          {
            "test_type": "HaveEcoForAdvanced",
            "boolean": true
          },
          {
            "test_type": "NeedAdvancedVehicleFactory",
            "boolean": true
          },
          {
            "test_type": "UnitCountOnPlanet",
            "unit_type_string0": "(Factory & Construction & Tank & Basic) - Orbital",
            "compare0": "<",
            "value0": 1
          },
          {
            "test_type": "CanAffordPotentialDrain",
            "string0": "BasicVehicleFactory"
          },
          {
            "test_type": "CanDeployLandFromBase",
            "boolean": true
          },
          {
            "test_type": "CanFindPlaceToBuild",
            "string0": "BasicVehicleFactory"
          }
        ],
        [
          {
            "test_type": "HasPersonalityTag",
            "string0": "Vanilla",
            "boolean": true
          },
          {
            "test_type": "UnableToExpand",
            "boolean": true
          },
          {
            "test_type": "NeedBasicVehicleFactory",
            "boolean": true
          },
          {
            "test_type": "UnitCountOnPlanet",
            "unit_type_string0": "(Factory & Construction) - Orbital",
            "compare0": "<=",
            "value0": 0
          },
          {
            "test_type": "CanFindPlaceToBuild",
            "string0": "BasicVehicleFactory"
          }
        ]
      ],
      "placement_rules": {
        "buffer": 3,
        "threat": {
          "influence_type": "AntiSurface",
          "compare_type": "<",
          "radius": 10,
          "value": 50
        }
      }
    },
    {
      "name": "Basic Bot Factory - Wasting",
      "to_build": "BasicBotFactory",
      "instance_count": 1,
      "shared_instance_count": "BasicFactory",
      "priority": 515,
      "min_num_assisters": 2,
      "max_num_assisters": 5,
      "builders": [
        "UberCommander",
        "AnyUberBasicFabber",
        "AnyUberAdvancedFabber",
        "UberSupportCommander"
      ],
      "build_conditions": [
        [
          {
            "test_type": "HasPersonalityTag",
            "string0": "Vanilla",
            "boolean": true
          },
          {
            "test_type": "HaveEcoForAdvanced",
            "boolean": false
          },
          {
            "test_type": "HasPersonalityTag",
            "string0": "PreventsWaste",
            "boolean": true
          },
          {
            "test_type": "CurrentMetalEfficiency",
            "compare0": ">",
            "value0": 1
          },
          {
            "test_type": "MetalStorageFrac",
            "compare0": ">",
            "value0": 0.2
          },
          {
            "test_type": "CurrentEnergyEfficiency",
            "compare0": ">=",
            "value0": 1
          },
          {
            "test_type": "NeedBasicBotFactory",
            "boolean": false
          },
          {
            "test_type": "CanAffordPotentialDrain",
            "string0": "BasicBotFactory"
          },
          {
            "test_type": "CanFindPlaceToBuild",
            "string0": "BasicBotFactory"
          }
        ],
        [
          {
            "test_type": "HasPersonalityTag",
            "string0": "Vanilla",
            "boolean": true
          },
          {
            "test_type": "HaveEcoForAdvanced",
            "boolean": true
          },
          {
            "test_type": "HasPersonalityTag",
            "string0": "PreventsWaste",
            "boolean": true
          },
          {
            "test_type": "CurrentMetalEfficiency",
            "compare0": ">",
            "value0": 1
          },
          {
            "test_type": "MetalStorageFrac",
            "compare0": ">",
            "value0": 0.2
          },
          {
            "test_type": "CurrentEnergyEfficiency",
            "compare0": ">=",
            "value0": 1
          },
          {
            "test_type": "NeedBasicBotFactory",
            "boolean": true
          },
          {
            "test_type": "CanAffordPotentialDrain",
            "string0": "BasicBotFactory"
          },
          {
            "test_type": "CanFindPlaceToBuild",
            "string0": "BasicBotFactory"
          }
        ]
      ],
      "placement_rules": {
        "buffer": 3,
        "threat": {
          "influence_type": "AntiSurface",
          "compare_type": "<",
          "radius": 10,
          "value": 50
        }
      }
    },
    {
      "name": "Basic Vehicle Factory - Wasting",
      "to_build": "BasicVehicleFactory",
      "instance_count": 1,
      "shared_instance_count": "BasicFactory",
      "priority": 515,
      "min_num_assisters": 2,
      "max_num_assisters": 5,
      "builders": [
        "UberCommander",
        "AnyUberBasicFabber",
        "AnyUberAdvancedFabber",
        "UberSupportCommander"
      ],
      "build_conditions": [
        [
          {
            "test_type": "HasPersonalityTag",
            "string0": "Vanilla",
            "boolean": true
          },
          {
            "test_type": "HaveEcoForAdvanced",
            "boolean": false
          },
          {
            "test_type": "HasPersonalityTag",
            "string0": "PreventsWaste",
            "boolean": true
          },
          {
            "test_type": "CurrentMetalEfficiency",
            "compare0": ">",
            "value0": 1
          },
          {
            "test_type": "MetalStorageFrac",
            "compare0": ">",
            "value0": 0.2
          },
          {
            "test_type": "CurrentEnergyEfficiency",
            "compare0": ">=",
            "value0": 1
          },
          {
            "test_type": "NeedBasicVehicleFactory",
            "boolean": false
          },
          {
            "test_type": "CanDeployLandFromBase",
            "boolean": true
          },
          {
            "test_type": "CanAffordPotentialDrain",
            "string0": "BasicVehicleFactory"
          },
          {
            "test_type": "CanFindPlaceToBuild",
            "string0": "BasicVehicleFactory"
          }
        ],
        [
          {
            "test_type": "HasPersonalityTag",
            "string0": "Vanilla",
            "boolean": true
          },
          {
            "test_type": "HaveEcoForAdvanced",
            "boolean": true
          },
          {
            "test_type": "HasPersonalityTag",
            "string0": "PreventsWaste",
            "boolean": true
          },
          {
            "test_type": "CurrentMetalEfficiency",
            "compare0": ">",
            "value0": 1
          },
          {
            "test_type": "MetalStorageFrac",
            "compare0": ">",
            "value0": 0.2
          },
          {
            "test_type": "CurrentEnergyEfficiency",
            "compare0": ">=",
            "value0": 1
          },
          {
            "test_type": "NeedBasicVehicleFactory",
            "boolean": true
          },
          {
            "test_type": "CanDeployLandFromBase",
            "boolean": true
          },
          {
            "test_type": "CanAffordPotentialDrain",
            "string0": "BasicVehicleFactory"
          },
          {
            "test_type": "CanFindPlaceToBuild",
            "string0": "BasicVehicleFactory"
          }
        ]
      ],
      "placement_rules": {
        "buffer": 3,
        "threat": {
          "influence_type": "AntiSurface",
          "compare_type": "<",
          "radius": 10,
          "value": 50
        }
      }
    },
    {
      "name": "Advanced Bot Factory",
      "to_build": "AdvancedBotFactory",
      "instance_count": 1,
      "shared_instance_count": "AdvancedFactory",
      "priority": 477,
      "min_num_assisters": 3,
      "max_num_assisters": 5,
      "builders": [
        "BasicBotFabber",
        "AdvancedBotFabber",
        "UberSupportCommander"
      ],
      "build_conditions": [
        [
          {
            "test_type": "HasPersonalityTag",
            "string0": "Vanilla",
            "boolean": true
          },
          {
            "test_type": "HaveEcoForAdvanced",
            "boolean": true
          },
          {
            "test_type": "HasPersonalityTag",
            "string0": "Tutorial",
            "boolean": false
          },
          {
            "test_type": "UnitCountOnPlanet",
            "unit_type_string0": "(Factory & Construction & Basic) - Orbital",
            "compare0": ">",
            "value0": 0
          },
          {
            "test_type": "NeedAdvancedBotFactory",
            "boolean": true
          },
          {
            "test_type": "CanAffordPotentialDrain",
            "string0": "AdvancedBotFactory"
          },
          {
            "test_type": "CanFindPlaceToBuild",
            "string0": "AdvancedBotFactory"
          }
        ],
        [
          {
            "test_type": "HasPersonalityTag",
            "string0": "Vanilla",
            "boolean": true
          },
          {
            "test_type": "UnableToExpand",
            "boolean": true
          },
          {
            "test_type": "HasPersonalityTag",
            "string0": "Tutorial",
            "boolean": false
          },
          {
            "test_type": "UnitCountOnPlanet",
            "unit_type_string0": "(Factory & Construction & Basic) - Orbital",
            "compare0": ">",
            "value0": 0
          },
          {
            "test_type": "NeedAdvancedBotFactory",
            "boolean": true
          },
          {
            "test_type": "UnitCountOnPlanet",
            "unit_type_string0": "(Factory & Advanced) - NukeDefense - Nuke - SelfDestruct",
            "compare0": "<",
            "value0": 1
          },
          {
            "test_type": "CanFindPlaceToBuild",
            "string0": "AdvancedBotFactory"
          }
        ]
      ],
      "placement_rules": {
        "buffer": 3,
        "threat": {
          "influence_type": "AntiSurface",
          "compare_type": "<",
          "radius": 10,
          "value": 50
        }
      }
    },
    {
      "name": "Advanced Vehicle Factory",
      "to_build": "AdvancedVehicleFactory",
      "instance_count": 1,
      "shared_instance_count": "AdvancedFactory",
      "priority": 477,
      "min_num_assisters": 3,
      "max_num_assisters": 5,
      "builders": ["BasicVehicleFabber", "AdvancedVehicleFabber"],
      "build_conditions": [
        [
          {
            "test_type": "HasPersonalityTag",
            "string0": "Vanilla",
            "boolean": true
          },
          {
            "test_type": "HaveEcoForAdvanced",
            "boolean": true
          },
          {
            "test_type": "UnitCountOnPlanet",
            "unit_type_string0": "(Factory & Construction & Basic) - Orbital",
            "compare0": ">",
            "value0": 0
          },
          {
            "test_type": "HasPersonalityTag",
            "string0": "Tutorial",
            "boolean": false
          },
          {
            "test_type": "NeedAdvancedVehicleFactory",
            "boolean": true
          },
          {
            "test_type": "CanAffordPotentialDrain",
            "string0": "AdvancedVehicleFactory"
          },
          {
            "test_type": "CanDeployLandFromBase",
            "boolean": true
          },
          {
            "test_type": "CanFindPlaceToBuild",
            "string0": "AdvancedVehicleFactory"
          }
        ],
        [
          {
            "test_type": "HasPersonalityTag",
            "string0": "Vanilla",
            "boolean": true
          },
          {
            "test_type": "UnableToExpand",
            "boolean": true
          },
          {
            "test_type": "HasPersonalityTag",
            "string0": "Tutorial",
            "boolean": false
          },
          {
            "test_type": "UnitCountOnPlanet",
            "unit_type_string0": "(Factory & Construction & Basic) - Orbital",
            "compare0": ">",
            "value0": 0
          },
          {
            "test_type": "NeedAdvancedVehicleFactory",
            "boolean": true
          },
          {
            "test_type": "UnitCountOnPlanet",
            "unit_type_string0": "(Factory & Advanced) - NukeDefense - Nuke - SelfDestruct",
            "compare0": "<",
            "value0": 1
          },
          {
            "test_type": "CanDeployLandFromBase",
            "boolean": true
          },
          {
            "test_type": "CanFindPlaceToBuild",
            "string0": "AdvancedVehicleFactory"
          }
        ]
      ],
      "placement_rules": {
        "buffer": 3,
        "threat": {
          "influence_type": "AntiSurface",
          "compare_type": "<",
          "radius": 10,
          "value": 50
        }
      }
    },
    {
      "name": "Advanced Bot Factory - Wasting",
      "to_build": "AdvancedBotFactory",
      "instance_count": 1,
      "shared_instance_count": "AdvancedFactory",
      "priority": 525,
      "min_num_assisters": 3,
      "max_num_assisters": 5,
      "builders": [
        "BasicBotFabber",
        "AdvancedBotFabber",
        "UberSupportCommander"
      ],
      "build_conditions": [
        [
          {
            "test_type": "HasPersonalityTag",
            "string0": "Vanilla",
            "boolean": true
          },
          {
            "test_type": "HaveEcoForAdvanced",
            "boolean": true
          },
          {
            "test_type": "HasPersonalityTag",
            "string0": "PreventsWaste",
            "boolean": true
          },
          {
            "test_type": "HasPersonalityTag",
            "string0": "Tutorial",
            "boolean": false
          },
          {
            "test_type": "CurrentMetalEfficiency",
            "compare0": ">",
            "value0": 1
          },
          {
            "test_type": "MetalStorageFrac",
            "compare0": ">",
            "value0": 0.2
          },
          {
            "test_type": "CurrentEnergyEfficiency",
            "compare0": ">=",
            "value0": 1
          },
          {
            "test_type": "UnitCountOnPlanet",
            "unit_type_string0": "(Factory & Construction & Basic) - Orbital",
            "compare0": ">",
            "value0": 0
          },
          {
            "test_type": "NeedAdvancedBotFactory",
            "boolean": true
          },
          {
            "test_type": "CanAffordPotentialDrain",
            "string0": "AdvancedBotFactory"
          },
          {
            "test_type": "CanFindPlaceToBuild",
            "string0": "AdvancedBotFactory"
          }
        ]
      ],
      "placement_rules": {
        "buffer": 3,
        "threat": {
          "influence_type": "AntiSurface",
          "compare_type": "<",
          "radius": 10,
          "value": 50
        }
      }
    },
    {
      "name": "Advanced Vehicle Factory - Wasting",
      "to_build": "AdvancedVehicleFactory",
      "instance_count": 1,
      "shared_instance_count": "AdvancedFactory",
      "priority": 525,
      "min_num_assisters": 3,
      "max_num_assisters": 5,
      "builders": ["BasicVehicleFabber", "AdvancedVehicleFabber"],
      "build_conditions": [
        [
          {
            "test_type": "HasPersonalityTag",
            "string0": "Vanilla",
            "boolean": true
          },
          {
            "test_type": "HaveEcoForAdvanced",
            "boolean": true
          },
          {
            "test_type": "HasPersonalityTag",
            "string0": "PreventsWaste",
            "boolean": true
          },
          {
            "test_type": "HasPersonalityTag",
            "string0": "Tutorial",
            "boolean": false
          },
          {
            "test_type": "CurrentMetalEfficiency",
            "compare0": ">",
            "value0": 1
          },
          {
            "test_type": "MetalStorageFrac",
            "compare0": ">",
            "value0": 0.2
          },
          {
            "test_type": "CurrentEnergyEfficiency",
            "compare0": ">=",
            "value0": 1
          },
          {
            "test_type": "UnitCountOnPlanet",
            "unit_type_string0": "(Factory & Construction & Basic) - Orbital",
            "compare0": ">",
            "value0": 0
          },
          {
            "test_type": "NeedAdvancedVehicleFactory",
            "boolean": true
          },
          {
            "test_type": "CanDeployLandFromBase",
            "boolean": true
          },
          {
            "test_type": "CanAffordPotentialDrain",
            "string0": "AdvancedVehicleFactory"
          },
          {
            "test_type": "CanFindPlaceToBuild",
            "string0": "AdvancedVehicleFactory"
          }
        ]
      ],
      "placement_rules": {
        "buffer": 3,
        "threat": {
          "influence_type": "AntiSurface",
          "compare_type": "<",
          "radius": 10,
          "value": 50
        }
      }
    }
  ]
}
