{
  "build_list": [
    {
      "name": "Orbital Launcher",
      "to_build": "OrbitalLauncher",
      "instance_count": 1,
      "shared_instance_count": "OrbitalLauncher",
      "priority": 485,
      "max_num_assisters": 3,
      "builders": [
        "AnyUberBasicFabber",
        "AnyUberAdvancedFabber",
        "UberSupportCommander"
      ],
      "build_conditions": [
        [
          {
            "test_type": "HasPersonalityTag",
            "string0": "Vanilla",
            "boolean": true
          },
          {
            "test_type": "CanAffordBuildDemand"
          },
          {
            "test_type": "CanAffordPotentialDrain",
            "string0": "OrbitalLauncher"
          },
          {
            "test_type": "HasPersonalityTag",
            "string0": "Tutorial",
            "boolean": false
          },
          {
            "test_type": "WantCommanderOffPlanet",
            "boolean": false
          },
          {
            "test_type": "NeedOrbitalLauncher"
          },
          {
            "test_type": "UnitCountOnPlanet",
            "unit_type_string0": "(Factory & Advanced) - Orbital - Nuke - NukeDefense - SelfDestruct",
            "compare0": ">=",
            "value0": 1
          },
          {
            "test_type": "CanFindPlaceToBuild",
            "string0": "OrbitalLauncher"
          }
        ],
        [
          {
            "test_type": "HasPersonalityTag",
            "string0": "Vanilla",
            "boolean": true
          },
          {
            "test_type": "CanAffordBuildDemand"
          },
          {
            "test_type": "CanAffordPotentialDrain",
            "string0": "OrbitalLauncher"
          },
          {
            "test_type": "HasPersonalityTag",
            "string0": "Tutorial",
            "boolean": false
          },
          {
            "test_type": "PlanetWithoutPresence",
            "boolean": true
          },
          {
            "test_type": "NeedOrbitalLauncher"
          },
          {
            "test_type": "UnitCountOnPlanet",
            "unit_type_string0": "Factory - Orbital - Nuke - NukeDefense",
            "compare0": ">=",
            "value0": 2
          },
          {
            "test_type": "CanFindPlaceToBuild",
            "string0": "OrbitalLauncher"
          }
        ]
      ],
      "placement_rules": {
        "buffer": 5
      }
    },
    {
      "name": "Orbital Launcher - Rush",
      "to_build": "OrbitalLauncher",
      "instance_count": 1,
      "shared_instance_count": "OrbitalLauncher",
      "min_num_assisters": 3,
      "max_num_assisters": 5,
      "priority": 486,
      "builders": [
        "AnyUberBasicFabber",
        "AnyUberAdvancedFabber",
        "UberSupportCommander"
      ],
      "build_conditions": [
        [
          {
            "test_type": "HasPersonalityTag",
            "string0": "Vanilla",
            "boolean": true
          },
          {
            "test_type": "WantCommanderOffPlanet",
            "boolean": true
          },
          {
            "test_type": "NeedOrbitalLauncher"
          },
          {
            "test_type": "HasPersonalityTag",
            "string0": "Tutorial",
            "boolean": false
          },
          {
            "test_type": "UnitCountOnPlanet",
            "unit_type_string0": "Factory - Orbital - Nuke - NukeDefense",
            "compare0": ">=",
            "value0": 2
          },
          {
            "test_type": "UnitCountOnPlanet",
            "unit_type_string0": "Fabber - (Naval & Orbital)",
            "compare0": ">=",
            "value0": 3
          },
          {
            "test_type": "UnitCountOnPlanet",
            "unit_type_string0": "Orbital & Factory & Land",
            "compare0": "<",
            "value0": 1
          },
          {
            "test_type": "CanFindPlaceToBuild",
            "string0": "OrbitalLauncher"
          }
        ],
        [
          {
            "test_type": "HasPersonalityTag",
            "string0": "Vanilla",
            "boolean": true
          },
          {
            "test_type": "UnableToExpand",
            "boolean": true
          },
          {
            "test_type": "HasPersonalityTag",
            "string0": "Tutorial",
            "boolean": false
          },
          {
            "test_type": "PlanetWithoutPresence",
            "boolean": true
          },
          {
            "test_type": "NeedOrbitalLauncher"
          },
          {
            "test_type": "UnitCountOnPlanet",
            "unit_type_string0": "Factory - Orbital - Nuke - NukeDefense",
            "compare0": ">=",
            "value0": 2
          },
          {
            "test_type": "UnitCountOnPlanet",
            "unit_type_string0": "Fabber",
            "compare0": ">=",
            "value0": 2
          },
          {
            "test_type": "UnitCountOnPlanet",
            "unit_type_string0": "Orbital & Factory & Land",
            "compare0": "<",
            "value0": 1
          },
          {
            "test_type": "CanFindPlaceToBuild",
            "string0": "OrbitalLauncher"
          }
        ],
        [
          {
            "test_type": "HasPersonalityTag",
            "string0": "Vanilla",
            "boolean": true
          },
          {
            "test_type": "AloneOnPlanet",
            "boolean": true
          },
          {
            "test_type": "HasPersonalityTag",
            "string0": "Tutorial",
            "boolean": false
          },
          {
            "test_type": "PlanetWithoutPresence",
            "boolean": true
          },
          {
            "test_type": "NeedOrbitalLauncher"
          },
          {
            "test_type": "UnitCountOnPlanet",
            "unit_type_string0": "Factory - Orbital - Nuke - NukeDefense",
            "compare0": ">=",
            "value0": 2
          },
          {
            "test_type": "UnitCountOnPlanet",
            "unit_type_string0": "Fabber",
            "compare0": ">=",
            "value0": 2
          },
          {
            "test_type": "UnitCountOnPlanet",
            "unit_type_string0": "Orbital & Factory & Land",
            "compare0": "<",
            "value0": 1
          },
          {
            "test_type": "CanFindPlaceToBuild",
            "string0": "OrbitalLauncher"
          }
        ]
      ],
      "placement_rules": {
        "buffer": 5
      }
    },
    {
      "name": "Orbital Factory",
      "to_build": "OrbitalFactory",
      "instance_count": 1,
      "priority": 485,
      "max_num_assisters": 3,
      "builders": ["OrbitalFabber"],
      "build_conditions": [
        [
          {
            "test_type": "HasPersonalityTag",
            "string0": "Vanilla",
            "boolean": true
          },
          {
            "test_type": "CanAffordBuildDemand"
          },
          {
            "test_type": "HasPersonalityTag",
            "string0": "Tutorial",
            "boolean": false
          },
          {
            "test_type": "CanAffordPotentialDrain",
            "string0": "OrbitalFactory"
          },
          {
            "test_type": "NeedOrbitalFactory"
          },
          {
            "test_type": "UnitCountOnPlanet",
            "unit_type_string0": "Orbital & Factory - Land",
            "compare0": "<=",
            "value0": 3
          },
          {
            "test_type": "CanFindPlaceToBuild",
            "string0": "OrbitalFactory"
          }
        ]
      ],
      "placement_rules": {
        "buffer": 5
      }
    },
    {
      "name": "Defense Satellite",
      "to_build": "DefenseSatellite",
      "instance_count": 1,
      "priority": 379,
      "builders": ["OrbitalFabber"],
      "build_conditions": [
        [
          {
            "test_type": "HasPersonalityTag",
            "string0": "Vanilla",
            "boolean": true
          },
          {
            "test_type": "CanAffordBuildDemand"
          },
          {
            "test_type": "HasPersonalityTag",
            "string0": "Tutorial",
            "boolean": false
          },
          {
            "test_type": "UnitCountInBase",
            "unit_type_string0": "Orbital & OrbitalDefense",
            "compare0": "<",
            "value0": 4
          },
          {
            "test_type": "UnitCountInBase",
            "unit_type_string0": "Structure & (EnergyProduction | MetalProduction | Factory)",
            "compare0": ">=",
            "value0": 2
          },
          {
            "test_type": "CanFindPlaceToBuild",
            "string0": "DefenseSatellite"
          }
        ],
        [
          {
            "test_type": "HasPersonalityTag",
            "string0": "Vanilla",
            "boolean": true
          },
          {
            "test_type": "PlanetIsGasGiant",
            "boolean": true
          },
          {
            "test_type": "HasPersonalityTag",
            "string0": "Tutorial",
            "boolean": false
          },
          {
            "test_type": "CanAffordBuildDemand"
          },
          {
            "test_type": "UnitCountInBase",
            "unit_type_string0": "Orbital & OrbitalDefense",
            "compare0": "<",
            "value0": 4
          },
          {
            "test_type": "UnitCountInBase",
            "unit_type_string0": "Structure & (EnergyProduction | MetalProduction | Factory)",
            "compare0": ">=",
            "value0": 1
          },
          {
            "test_type": "CanFindPlaceToBuild",
            "string0": "DefenseSatellite"
          }
        ],
        [
          {
            "test_type": "HasPersonalityTag",
            "string0": "Vanilla",
            "boolean": true
          },
          {
            "test_type": "CanAffordBuildDemand"
          },
          {
            "test_type": "HasPersonalityTag",
            "string0": "Tutorial",
            "boolean": false
          },
          {
            "test_type": "UnitCountInBase",
            "unit_type_string0": "Orbital & OrbitalDefense",
            "compare0": "<",
            "value0": 4
          },
          {
            "test_type": "UnitCountInBase",
            "unit_type_string0": "Structure & (Teleporter | PlanetEngine | ControlModule)",
            "compare0": ">",
            "value0": 0
          },
          {
            "test_type": "CanFindPlaceToBuild",
            "string0": "DefenseSatellite"
          }
        ]
      ],
      "placement_rules": {
        "buffer": 10,
        "placement_type": "FromMainBaseCenter",
        "unit_count_rules": [
          {
            "unit_type_string": "Orbital & OrbitalDefense",
            "alliance": "Ally",
            "compare_type": "<",
            "range": 50,
            "count": 1
          }
        ]
      }
    },
    {
      "name": "Delta V Engine",
      "to_build": "PlanetEngine",
      "instance_count": 1,
      "min_num_assisters": 8,
      "max_num_assisters": 45,
      "priority": 612,
      "builders": ["AnyUberAdvancedFabber", "UberSupportCommander"],
      "build_conditions": [
        [
          {
            "test_type": "HasPersonalityTag",
            "string0": "Vanilla",
            "boolean": true
          },
          {
            "test_type": "EnemyPresenceOnPlanet",
            "boolean": false
          },
          {
            "test_type": "CanAffordBuildDemand"
          },
          {
            "test_type": "HasPersonalityTag",
            "string0": "Tutorial",
            "boolean": false
          },
          {
            "test_type": "PlanetCount",
            "compare0": ">=",
            "value0": 3
          },
          {
            "test_type": "PlanetIsMainEcoBase",
            "boolean": false
          },
          {
            "test_type": "UnitCountOnPlanet",
            "unit_type_string0": "Factory - Orbital",
            "compare0": ">=",
            "value0": 1
          },
          {
            "test_type": "PlanetCanBeUsedAsKineticWeapon",
            "boolean": true
          },
          {
            "test_type": "PlanetHasUseablePlanetWeapon",
            "boolean": false
          },
          {
            "test_type": "HaveThrustToMovePlanet",
            "boolean": false
          },
          {
            "test_type": "AlliedUnitCountOnPlanet",
            "unit_type_string0": "PlanetEngine",
            "compare0": "<=",
            "boolean": true,
            "value0": 0
          },
          {
            "test_type": "CanFindPlaceToBuild",
            "string0": "PlanetEngine"
          }
        ]
      ],
      "placement_rules": {
        "buffer": 5
      }
    },
    {
      "name": "Orbital Mining Platform",
      "to_build": "OrbitalExtractor",
      "instance_count": 1,
      "min_num_assisters": 3,
      "max_num_assisters": 5,
      "priority": 360,
      "builders": ["OrbitalFabber"],
      "build_conditions": [
        [
          {
            "test_type": "HasPersonalityTag",
            "string0": "Vanilla",
            "boolean": true
          },
          {
            "test_type": "PotentialMetalEfficiency",
            "compare0": "<",
            "value0": 1.0
          },
          {
            "test_type": "CanFindPlaceToBuild",
            "string0": "OrbitalExtractor"
          }
        ],
        [
          {
            "test_type": "HasPersonalityTag",
            "string0": "Vanilla",
            "boolean": true
          },
          {
            "test_type": "DesireMetal"
          },
          {
            "test_type": "CanFindPlaceToBuild",
            "string0": "OrbitalExtractor"
          }
        ],
        [
          {
            "test_type": "HasPersonalityTag",
            "string0": "Vanilla",
            "boolean": true
          },
          {
            "test_type": "PotentialEnergyEfficiency",
            "compare0": "<",
            "value0": 1.0
          },
          {
            "test_type": "CanFindPlaceToBuild",
            "string0": "OrbitalExtractor"
          }
        ],
        [
          {
            "test_type": "HasPersonalityTag",
            "string0": "Vanilla",
            "boolean": true
          },
          {
            "test_type": "DesireEnergy"
          },
          {
            "test_type": "CanFindPlaceToBuild",
            "string0": "OrbitalExtractor"
          }
        ]
      ],
      "placement_rules": {
        "buffer": 15
      }
    },
    {
      "name": "Move Fabber To Planet",
      "instance_count": 1,
      "priority": 800,
      "builders": [
        "BasicBotFabber",
        "BasicVehicleFabber",
        "BasicAirFabber",
        "AdvancedBotFabber",
        "UberSupportCommander",
        "AdvancedVehicleFabber",
        "AdvancedAirFabber"
      ],
      "build_conditions": [
        [
          {
            "test_type": "HasPersonalityTag",
            "string0": "Vanilla",
            "boolean": true
          },
          {
            "test_type": "PlanetWithoutPresence",
            "boolean": true
          },
          {
            "test_type": "UnitCountOnPlanet",
            "unit_type_string0": "Fabber",
            "compare0": ">=",
            "value0": 2
          },
          {
            "test_type": "UnitPoolCount",
            "unit_type_string0": "Orbital & Transport",
            "compare0": ">=",
            "value0": 1
          }
        ]
      ],
      "task_type": "TransportToPlanet"
    },
    {
      "name": "Move Orbital Fabber To Planet",
      "instance_count": 1,
      "priority": 800,
      "builders": ["OrbitalFabber"],
      "build_conditions": [
        [
          {
            "test_type": "HasPersonalityTag",
            "string0": "Vanilla",
            "boolean": true
          },
          {
            "test_type": "PlanetOrGasGiantWithoutPresence",
            "boolean": true
          },
          {
            "test_type": "UnitCountOnPlanet",
            "unit_type_string0": "Orbital & Fabber",
            "compare0": ">=",
            "value0": 2
          }
        ]
      ],
      "task_type": "OrbitalFabberMoveToPlanet"
    },
    {
      "name": "Move Orbital Fabber To Safe Planet",
      "instance_count": 1,
      "priority": 800,
      "builders": ["OrbitalFabber"],
      "build_conditions": [
        [
          {
            "test_type": "HasPersonalityTag",
            "string0": "Vanilla",
            "boolean": true
          },
          {
            "test_type": "SafePlanetOrGasGiantWithoutPresence",
            "boolean": true
          },
          {
            "test_type": "UnitCountOnPlanet",
            "unit_type_string0": "Orbital & Factory",
            "compare0": ">=",
            "value0": 1
          }
        ]
      ],
      "task_type": "OrbitalFabberMoveToSafePlanet"
    }
  ]
}
