{
    "author": "wondible",
    "build": "86422",
    "context": "client",
    "date": "2015-08-20",
    "description": "Stop the new game lobby from loading a system you are not going to use.",
    "display_name": "No Default System",
    "forum": "https://forums.uberent.com/threads/rel-no-default-system.68589/",
    "identifier": "com.wondible.pa.no_default_system",
    "priority": 100,
    "scenes": {
        "new_game": [
            "coui://ui/mods/no_default_system/no_default_system.js"
        ]
    },
    "signature": "not yet implemented",
    "version": "1.0.1",
    "url": "http://wondible.com/pa/no_default_system_v1.0.1.zip",
    "download": "https://cdn.palobby.com/community-mods/downloads/com.wondible.pa.no_default_system.zip",
    "unitList": false,
    "fileSystem": false,
    "searchable": [
        "default",
        "system",
        "lobby",
        "wondible"
    ],
    "sort": "no default system",
    "authors": [
        "wondible"
    ],
    "icon": "",
    "timestamp": 1440028800000,
    "dependencies": [],
    "companions": [],
    "framework": false,
    "available": true,
    "enabled": true,
    "titansOnly": false,
    "classicOnly": false,
    "classic": false,
    "titans": false,
    "conflicts": {}
}