{
  "base_spec": "/pa/ammo/base_artillery/base_artillery.json",
  "damage": 0,
  "splash_damage": 0,
  "splash_radius": 0,
  "full_damage_splash_radius": 0,
  "splash_damages_allies": false,
  "initial_velocity": 150.0,
  "lifetime": 30,
  "influence_radius": 400,
  "audio_loop": "/SE/Movement/missile/artillery_short_missile_fly_loop",
  "events": {
    "died": {
      "audio_cue": "/SE/Impacts/unit_cannon_unit_impact",
      "effect_spec": "/pa/units/air/unit_shell/unit_shell_deploy.pfx",
      "effect_scale": 0.5
    }
  },
  "model": {
    "filename": "/pa/units/air/unit_shell_small/unit_shell_small.papa"
  },
  "spawn_unit_on_death": "/pa/units/land/assault_bot/assault_bot.json",
  "fx_trail": {
    "filename": "/pa/units/land/artillery_unit_launcher/artillery_unit_launcher_ammo_trail.pfx",
    "offset": [
      0.0,
      1.0,
      0.0
    ]
  }
}