{
  "base_spec": "/pa/units/commanders/base_commander/base_commander_ammo.json",
  "model": {
    "filename": ""
  },
  "fx_trail": {
    "offset": [
      0.0,
      0.0,
      0.0
    ],
    "filename": "/pa/units/commanders/base_commander/base_commander_ammo_laser_trail.pfx"
  },
  "events": {
    "died": {
      "audio_cue": "/SE/Impacts/laser_blast",
      "effect_specs": "/pa/effects/specs/default_proj_explosion.pfx",
      "effect_spec": "/pa/units/commanders/base_commander/base_commander_bullet_hit.pfx"
    },
    "spawned": {
      "audio_cue": "/SE/Weapons/commander/Commander_gun_fire_laser"
    }
  }
}