{
  "base_spec": "/pa/ammo/base_missiles/base_missile_aa_seeking.json",
  "armor_damage_map": {
    "AT_Structure": 0.0
  },
  "flight_type": "Seeking",
  "turn_rate": 360,
  "damage": 200,
  "splash_damage": 10,
  "splash_radius": 0.75,
  "full_damage_splash_radius": 0.75,
  "initial_velocity": 125.0,
  "max_velocity": 125.0,
  "lifetime": 2,
  "events": {
    "spawned": {
      "audio_cue": "/SE/Weapons/commander/Commander_gun_fire_aa"
    }
  },
  "fx_trail": {
    "filename": "/pa/units/commanders/base_commander/base_commander_aa_ammo_trail.pfx",
    "offset": [
      0.0,
      1.3,
      0.0
    ]
  }
}