{
  "base_spec": "/pa/ammo/torpedo/torpedo.json",
  "flight_type": "Seeking",
  "flight_layer": "Underwater",
  "spawn_layers": "WL_Underwater",
  "physics": {
    "radius": 1,
    "gravity_scalar": 5,
    "add_to_spatial_db": false,
    "allow_underground": true
  },
  "lifetime": 4,
  "damage": 250,
  "splash_damage": 0,
  "splash_radius": 0,
  "splash_damages_allies": false,
  "initial_velocity": 75.0,
  "max_velocity": 75.0,
  "turn_rate": 120,
  "cruise_height": 2,
  "events": {
    "spawned": {
      "audio_cue": "/SE/Weapons/commander/Commander_gun_fire_torpedo"
    }
  },
  "fx_trail": {
    "filename": "/pa/units/commanders/base_commander/base_commander_torpedo_ammo_trail.pfx",
    "offset": [
      0.0,
      0.8,
      0.0
    ]
  }
}