{
  "build_list": [
    {
      "name": "Legion - Uber - Flyer Foundry - Commander",
      "to_build": "LegionFactoryBasicAir",
      "instance_count": 1,
      "shared_instance_count": "BasicFactory",
      "priority": 376,
      "base_sort": "FromMainBase",
      "builders": ["LegionCommander"],
      "build_conditions": [
        [
          {
            "test_type": "HasPersonalityTag",
            "string0": "uber",
            "boolean": true
          },
          {
            "test_type": "HasPersonalityTag",
            "string0": "bot",
            "boolean": false
          },
          {
            "test_type": "PlanetIsRespawnable",
            "boolean": false
          },
          {
            "test_type": "AloneOnPlanet",
            "boolean": false
          },
          {
            "test_type": "CanAffordPotentialDrain",
            "string0": "LegionFactoryBasicAir"
          },
          {
            "test_type": "UnitRatioOnPlanet",
            "unit_type_string0": "Factory & Air & Basic",
            "unit_type_string1": "Factory & Basic - Orbital",
            "compare0": "<=",
            "value0": 0.2
          },
          {
            "test_type": "UnitCountOnPlanet",
            "unit_type_string0": "Factory - Orbital",
            "compare0": ">=",
            "value0": 1
          },
          {
            "test_type": "CanFindPlaceToBuild",
            "string0": "LegionFactoryBasicAir"
          }
        ],
        [
          {
            "test_type": "HasPersonalityTag",
            "string0": "uber",
            "boolean": true
          },
          {
            "test_type": "HasPersonalityTag",
            "string0": "bot",
            "boolean": false
          },
          {
            "test_type": "PlanetIsRespawnable",
            "boolean": false
          },
          {
            "test_type": "AloneOnPlanet",
            "boolean": false
          },
          {
            "test_type": "EnemyAirPresenceOnPlanet",
            "boolean": true
          },
          {
            "test_type": "CanAffordPotentialDrain",
            "string0": "LegionFactoryBasicAir"
          },
          {
            "test_type": "FocusTargetThreatRatio",
            "string0": "Air",
            "string1": "Air",
            "compare0": ">",
            "value0": 1
          },
          {
            "test_type": "UnitRatioOnPlanet",
            "unit_type_string0": "Factory & Air",
            "unit_type_string1": "Factory - Orbital",
            "compare0": "<=",
            "value0": 0.2
          },
          {
            "test_type": "CanFindPlaceToBuild",
            "string0": "LegionFactoryBasicAir"
          }
        ],
        [
          {
            "test_type": "HasPersonalityTag",
            "string0": "uber",
            "boolean": true
          },
          {
            "test_type": "PlanetIsRespawnable",
            "boolean": false
          },
          {
            "test_type": "AloneOnPlanet",
            "boolean": true
          },
          {
            "test_type": "CanAffordPotentialDrain",
            "string0": "LegionFactoryBasicAir"
          },
          {
            "test_type": "UnitCountOnPlanet",
            "unit_type_string0": "Air & Factory & Basic",
            "compare0": "<",
            "value0": 1
          },
          {
            "test_type": "CanFindPlaceToBuild",
            "string0": "LegionFactoryBasicAir"
          }
        ]
      ],
      "placement_rules": {
        "buffer": 3,
        "placement_type": "FromBaseCenter",
        "threat": {
          "influence_type": "AntiSurface",
          "compare_type": "<",
          "radius": 10,
          "value": 50
        }
      }
    },
    {
      "name": "Legion - Uber - Flyer Foundry - Stuck",
      "to_build": "LegionFactoryBasicAir",
      "instance_count": 1,
      "shared_instance_count": "BasicFactory",
      "priority": 10,
      "max_num_assisters": 2,
      "base_sort": "FromMainBase",
      "builders": ["LegionCommander", "LegionNavalBasicFabber"],
      "build_conditions": [
        [
          {
            "test_type": "HasPersonalityTag",
            "string0": "uber",
            "boolean": true
          },
          {
            "test_type": "EnemyPresenceOnPlanet",
            "boolean": false
          },
          {
            "test_type": "CanAffordPotentialDrain",
            "string0": "LegionFactoryBasicAir"
          },
          {
            "test_type": "UnitCountOnPlanet",
            "unit_type_string0": "Factory",
            "compare0": "<",
            "value0": 1
          },
          {
            "test_type": "CanFindPlaceToBuild",
            "string0": "LegionFactoryBasicAir"
          }
        ],
        [
          {
            "test_type": "HasPersonalityTag",
            "string0": "uber",
            "boolean": true
          },
          {
            "test_type": "AloneOnPlanet",
            "boolean": false
          },
          {
            "test_type": "HaveEcoForAdvanced",
            "boolean": false
          },
          {
            "test_type": "UnitCountOnPlanet",
            "unit_type_string0": "Factory & Naval",
            "compare0": ">",
            "value0": 0
          },
          {
            "test_type": "UnitCountOnPlanet",
            "unit_type_string0": "Factory & Air",
            "compare0": "<",
            "value0": 1
          },
          {
            "test_type": "CanFindPlaceToBuild",
            "string0": "LegionFactoryBasicAir"
          }
        ]
      ],
      "placement_rules": {
        "buffer": 3,
        "placement_type": "FromBaseCenter",
        "threat": {
          "influence_type": "AntiSurface",
          "compare_type": "<",
          "radius": 10,
          "value": 50
        }
      }
    },
    {
      "name": "Legion - Uber - Flyer Foundry - Fabber",
      "to_build": "LegionFactoryBasicAir",
      "instance_count": 1,
      "shared_instance_count": "BasicFactory",
      "priority": 376,
      "min_num_assisters": 1,
      "max_num_assisters": 3,
      "base_sort": "FromMainBase",
      "builders": [
        "LegionBotBasicFabber",
        "LegionNavalBasicFabber",
        "LegionVehicleBasicFabber"
      ],
      "build_conditions": [
        [
          {
            "test_type": "HasPersonalityTag",
            "string0": "uber",
            "boolean": true
          },
          {
            "test_type": "HasPersonalityTag",
            "string0": "bot",
            "boolean": false
          },
          {
            "test_type": "PlanetIsRespawnable",
            "boolean": false
          },
          {
            "test_type": "AloneOnPlanet",
            "boolean": false
          },
          {
            "test_type": "CanAffordPotentialDrain",
            "string0": "LegionFactoryBasicAir"
          },
          {
            "test_type": "UnitRatioOnPlanet",
            "unit_type_string0": "Factory & Air & Basic",
            "unit_type_string1": "Factory & Basic - Orbital",
            "compare0": "<=",
            "value0": 0.2
          },
          {
            "test_type": "UnitCountOnPlanet",
            "unit_type_string0": "Factory - Orbital",
            "compare0": ">=",
            "value0": 1
          },
          {
            "test_type": "CanFindPlaceToBuild",
            "string0": "LegionFactoryBasicAir"
          }
        ],
        [
          {
            "test_type": "HasPersonalityTag",
            "string0": "uber",
            "boolean": true
          },
          {
            "test_type": "HasPersonalityTag",
            "string0": "bot",
            "boolean": false
          },
          {
            "test_type": "PlanetIsRespawnable",
            "boolean": false
          },
          {
            "test_type": "AloneOnPlanet",
            "boolean": false
          },
          {
            "test_type": "EnemyAirPresenceOnPlanet",
            "boolean": true
          },
          {
            "test_type": "CanAffordPotentialDrain",
            "string0": "LegionFactoryBasicAir"
          },
          {
            "test_type": "FocusTargetThreatRatio",
            "string0": "Air",
            "string1": "Air",
            "compare0": ">",
            "value0": 1
          },
          {
            "test_type": "CanFindPlaceToBuild",
            "string0": "LegionFactoryBasicAir"
          }
        ],
        [
          {
            "test_type": "HasPersonalityTag",
            "string0": "uber",
            "boolean": true
          },
          {
            "test_type": "PlanetIsRespawnable",
            "boolean": false
          },
          {
            "test_type": "AloneOnPlanet",
            "boolean": true
          },
          {
            "test_type": "CanAffordPotentialDrain",
            "string0": "LegionFactoryBasicAir"
          },
          {
            "test_type": "UnitCountOnPlanet",
            "unit_type_string0": "Air & Factory & Basic",
            "compare0": "<",
            "value0": 1
          },
          {
            "test_type": "CanFindPlaceToBuild",
            "string0": "LegionFactoryBasicAir"
          }
        ]
      ],
      "placement_rules": {
        "buffer": 3,
        "placement_type": "FromBaseCenter",
        "threat": {
          "influence_type": "AntiSurface",
          "compare_type": "<",
          "radius": 10,
          "value": 50
        }
      }
    },
    {
      "name": "Legion - Uber - Flyer Foundry - Second Air",
      "to_build": "LegionFactoryBasicAir",
      "instance_count": 1,
      "shared_instance_count": "BasicFactory",
      "min_num_assisters": 1,
      "max_num_assisters": 3,
      "priority": 378,
      "base_sort": "FromMainBase",
      "builders": [
        "LegionCommander",
        "LegionBotBasicFabber",
        "LegionNavalBasicFabber",
        "LegionVehicleBasicFabber"
      ],
      "build_conditions": [
        [
          {
            "test_type": "HasPersonalityTag",
            "string0": "uber",
            "boolean": true
          },
          {
            "test_type": "PlanetIsRespawnable",
            "boolean": false
          },
          {
            "test_type": "CanAffordPotentialDrain",
            "string0": "LegionFactoryBasicAir"
          },
          {
            "test_type": "UnitCountOnPlanet",
            "unit_type_string0": "Factory & Air & Basic",
            "compare0": "<",
            "value0": 1
          },
          {
            "test_type": "UnitCountOnPlanet",
            "unit_type_string0": "Factory - Orbital",
            "compare0": ">",
            "value0": 0
          },
          {
            "test_type": "CanFindPlaceToBuild",
            "string0": "LegionFactoryBasicAir"
          }
        ]
      ],
      "placement_rules": {
        "buffer": 3,
        "placement_type": "FromBaseCenter",
        "threat": {
          "influence_type": "AntiSurface",
          "compare_type": "<",
          "radius": 10,
          "value": 50
        }
      }
    },
    {
      "name": "Legion - Uber - Flyer Foundry - Arrived on a new world",
      "to_build": "LegionFactoryBasicAir",
      "instance_count": 1,
      "shared_instance_count": "BasicFactory",
      "min_num_assisters": 3,
      "max_num_assisters": 5,
      "priority": 701,
      "builders": [
        "LegionCommander",
        "AnyLegionBasicFabber",
        "AnyLegionFabberAdvanced"
      ],
      "build_conditions": [
        [
          {
            "test_type": "HasPersonalityTag",
            "string0": "uber",
            "boolean": true
          },
          {
            "test_type": "HasPersonalityTag",
            "string0": "bot",
            "boolean": false
          },
          {
            "test_type": "PlanetIsRespawnable",
            "boolean": false
          },
          {
            "test_type": "PresenceOnOtherPlanet",
            "boolean": true
          },
          {
            "test_type": "AloneOnPlanet",
            "boolean": true
          },
          {
            "test_type": "UnitCountOnPlanet",
            "unit_type_string0": "Factory - Orbital",
            "compare0": "<",
            "value0": 1
          },
          {
            "test_type": "UnitCountOnPlanet",
            "unit_type_string0": "Structure & Teleporter",
            "compare0": ">",
            "value0": 0
          },
          {
            "test_type": "CanFindPlaceToBuild",
            "string0": "LegionFactoryBasicAir"
          }
        ]
      ],
      "placement_rules": {
        "buffer": 3,
        "threat": {
          "influence_type": "AntiSurface",
          "compare_type": "<",
          "radius": 10,
          "value": 50
        }
      }
    },
    {
      "name": "Legion - Uber - Advanced Air Foundry",
      "to_build": "LegionFactoryAdvancedAir",
      "instance_count": 1,
      "shared_instance_count": "AdvancedFactory",
      "priority": 477,
      "min_num_assisters": 5,
      "max_num_assisters": 8,
      "builders": ["LegionAirBasicFabber", "LegionAirAdvancedFabber"],
      "build_conditions": [
        [
          {
            "test_type": "HasPersonalityTag",
            "string0": "uber",
            "boolean": true
          },
          {
            "test_type": "PlanetIsRespawnable",
            "boolean": false
          },
          {
            "test_type": "AloneOnPlanet",
            "boolean": false
          },
          {
            "test_type": "HaveEcoForAdvanced",
            "boolean": true
          },
          {
            "test_type": "CanAffordPotentialDrain",
            "string0": "LegionFactoryAdvancedAir"
          },
          {
            "test_type": "UnitCountOnPlanet",
            "unit_type_string0": "Factory & Advanced - Orbital",
            "compare0": ">=",
            "value0": 2
          },
          {
            "test_type": "UnitRatioOnPlanet",
            "unit_type_string0": "Factory & Air & Advanced",
            "unit_type_string1": "Factory & Advanced - Orbital",
            "compare0": "<=",
            "value0": 0.2
          },
          {
            "test_type": "CanFindPlaceToBuild",
            "string0": "LegionFactoryAdvancedAir"
          }
        ],
        [
          {
            "test_type": "HasPersonalityTag",
            "string0": "uber",
            "boolean": true
          },
          {
            "test_type": "AloneOnPlanet",
            "boolean": true
          },
          {
            "test_type": "PlanetHasUseablePlanetWeapon",
            "boolean": true
          },
          {
            "test_type": "HaveEcoForAdvanced",
            "boolean": true
          },
          {
            "test_type": "CanAffordPotentialDrain",
            "string0": "LegionFactoryAdvancedAir"
          },
          {
            "test_type": "UnitCountOnPlanet",
            "unit_type_string0": "Basic & Fabber - Orbital",
            "compare0": ">=",
            "value0": 5
          },
          {
            "test_type": "CanFindPlaceToBuild",
            "string0": "LegionFactoryAdvancedAir"
          }
        ],
        [
          {
            "test_type": "HasPersonalityTag",
            "string0": "uber",
            "boolean": true
          },
          {
            "test_type": "PlanetIsRespawnable",
            "boolean": false
          },
          {
            "test_type": "AloneOnPlanet",
            "boolean": true
          },
          {
            "test_type": "HaveEcoForAdvanced",
            "boolean": true
          },
          {
            "test_type": "AllMetalSpotsFull",
            "boolean": false
          },
          {
            "test_type": "CanAffordPotentialDrain",
            "string0": "AdvancedAirFactory"
          },
          {
            "test_type": "UnitCountOnPlanet",
            "unit_type_string0": "Basic & Fabber - Orbital",
            "compare0": ">=",
            "value0": 5
          },
          {
            "test_type": "UnitCountOnPlanet",
            "unit_type_string0": "Factory & Air & Advanced",
            "compare0": "<",
            "value0": 1
          },
          {
            "test_type": "UnitCountPerPlanetRadius",
            "unit_type_string0": "Factory & Air & Advanced",
            "compare0": "<",
            "value0": 300
          },
          {
            "test_type": "CanFindPlaceToBuild",
            "string0": "LegionFactoryAdvancedAir"
          }
        ]
      ],
      "placement_rules": {
        "buffer": 3,
        "threat": {
          "influence_type": "AntiSurface",
          "compare_type": "<",
          "radius": 10,
          "value": 50
        }
      }
    }
  ]
}
