{
  "build_list": [
    {
      "name": "Legion - Uber - Walker Foundry - Commander",
      "to_build": "LegionFactoryBasicBot",
      "instance_count": 1,
      "shared_instance_count": "BasicFactory",
      "priority": 376,
      "base_sort": "FromMainBase",
      "builders": ["LegionCommander"],
      "build_conditions": [
        [
          {
            "test_type": "HasPersonalityTag",
            "string0": "uber",
            "boolean": true
          },
          {
            "test_type": "HasPersonalityTag",
            "string0": "naval",
            "boolean": false
          },
          {
            "test_type": "HasPersonalityTag",
            "string0": "tank",
            "boolean": false
          },
          {
            "test_type": "PlanetIsRespawnable",
            "boolean": false
          },
          {
            "test_type": "AloneOnPlanet",
            "boolean": false
          },
          {
            "test_type": "CanDeployLandFromBase",
            "boolean": true
          },
          {
            "test_type": "CanAffordPotentialDrain",
            "string0": "LegionFactoryBasicBot"
          },
          {
            "test_type": "CanFindPlaceToBuild",
            "string0": "LegionFactoryBasicBot"
          }
        ],
        [
          {
            "test_type": "HasPersonalityTag",
            "string0": "uber",
            "boolean": true
          },
          {
            "test_type": "HasPersonalityTag",
            "string0": "naval",
            "boolean": false
          },
          {
            "test_type": "HasPersonalityTag",
            "string0": "tank",
            "boolean": false
          },
          {
            "test_type": "PlanetIsRespawnable",
            "boolean": false
          },
          {
            "test_type": "AloneOnPlanet",
            "boolean": true
          },
          {
            "test_type": "CanAffordPotentialDrain",
            "string0": "LegionFactoryBasicBot"
          },
          {
            "test_type": "UnitCountPerPlanetRadius",
            "unit_type_string0": "Land & Factory & Basic",
            "compare0": "<",
            "value0": 250
          },
          {
            "test_type": "CanFindPlaceToBuild",
            "string0": "LegionFactoryBasicBot"
          }
        ]
      ],
      "placement_rules": {
        "buffer": 3,
        "placement_type": "FromBaseCenter",
        "threat": {
          "influence_type": "AntiSurface",
          "compare_type": "<",
          "radius": 10,
          "value": 50
        }
      }
    },
    {
      "name": "Legion - Uber - Walker Foundry - Fabbers",
      "to_build": "LegionFactoryBasicBot",
      "instance_count": 1,
      "shared_instance_count": "BasicFactory",
      "priority": 376,
      "min_num_assisters": 2,
      "max_num_assisters": 4,
      "base_sort": "FromBuilder",
      "builders": ["LegionBotBasicFabber", "LegionVehicleBasicFabber"],
      "build_conditions": [
        [
          {
            "test_type": "HasPersonalityTag",
            "string0": "uber",
            "boolean": true
          },
          {
            "test_type": "HasPersonalityTag",
            "string0": "naval",
            "boolean": false
          },
          {
            "test_type": "HasPersonalityTag",
            "string0": "tank",
            "boolean": false
          },
          {
            "test_type": "PlanetIsRespawnable",
            "boolean": false
          },
          {
            "test_type": "AloneOnPlanet",
            "boolean": false
          },
          {
            "test_type": "CanDeployLandFromBase",
            "boolean": true
          },
          {
            "test_type": "CanAffordPotentialDrain",
            "string0": "LegionFactoryBasicBot"
          },
          {
            "test_type": "CanFindPlaceToBuild",
            "string0": "LegionFactoryBasicBot"
          }
        ],
        [
          {
            "test_type": "HasPersonalityTag",
            "string0": "uber",
            "boolean": true
          },
          {
            "test_type": "HasPersonalityTag",
            "string0": "naval",
            "boolean": false
          },
          {
            "test_type": "HasPersonalityTag",
            "string0": "tank",
            "boolean": false
          },
          {
            "test_type": "PlanetIsRespawnable",
            "boolean": false
          },
          {
            "test_type": "AloneOnPlanet",
            "boolean": true
          },
          {
            "test_type": "CanAffordPotentialDrain",
            "string0": "LegionFactoryBasicBot"
          },
          {
            "test_type": "UnitCountPerPlanetRadius",
            "unit_type_string0": "Land & Factory & Basic",
            "compare0": "<",
            "value0": 250
          },
          {
            "test_type": "CanFindPlaceToBuild",
            "string0": "LegionFactoryBasicBot"
          }
        ]
      ],
      "placement_rules": {
        "buffer": 3,
        "placement_type": "FromBaseCenter",
        "threat": {
          "influence_type": "AntiSurface",
          "compare_type": "<",
          "radius": 10,
          "value": 50
        }
      }
    },
    {
      "name": "Legion - Uber - Walker Foundry - Arrived on a new world",
      "to_build": "LegionFactoryBasicBot",
      "instance_count": 1,
      "shared_instance_count": "BasicFactory",
      "min_num_assisters": 3,
      "max_num_assisters": 5,
      "priority": 701,
      "builders": [
        "LegionCommander",
        "AnyLegionBasicFabber",
        "AnyLegionFabberAdvanced"
      ],
      "build_conditions": [
        [
          {
            "test_type": "HasPersonalityTag",
            "string0": "uber",
            "boolean": true
          },
          {
            "test_type": "HasPersonalityTag",
            "string0": "naval",
            "boolean": false
          },
          {
            "test_type": "HasPersonalityTag",
            "string0": "tank",
            "boolean": false
          },
          {
            "test_type": "PlanetIsRespawnable",
            "boolean": false
          },
          {
            "test_type": "PresenceOnOtherPlanet",
            "boolean": true
          },
          {
            "test_type": "UnitCountOnPlanet",
            "unit_type_string0": "Factory - Orbital",
            "compare0": "<",
            "value0": 1
          },
          {
            "test_type": "UnitCountOnPlanet",
            "unit_type_string0": "Structure & Teleporter",
            "compare0": ">",
            "value0": 0
          },
          {
            "test_type": "CanFindPlaceToBuild",
            "string0": "LegionFactoryBasicBot"
          }
        ]
      ],
      "placement_rules": {
        "buffer": 3,
        "threat": {
          "influence_type": "AntiSurface",
          "compare_type": "<",
          "radius": 10,
          "value": 50
        }
      }
    },
    {
      "name": "Legion - Uber - Advanced Walker Foundry",
      "to_build": "LegionFactoryAdvancedBot",
      "instance_count": 1,
      "shared_instance_count": "AdvancedFactory",
      "priority": 479,
      "min_num_assisters": 5,
      "max_num_assisters": 8,
      "builders": [
        "LegionBotBasicFabber",
        "LegionBotAdvancedFabber",
        "LegionBotAdvancedSupportCommander"
      ],
      "build_conditions": [
        [
          {
            "test_type": "HasPersonalityTag",
            "string0": "uber",
            "boolean": true
          },
          {
            "test_type": "PlanetIsRespawnable",
            "boolean": false
          },
          {
            "test_type": "AloneOnPlanet",
            "boolean": false
          },
          {
            "test_type": "HaveEcoForAdvanced",
            "boolean": true
          },
          {
            "test_type": "CanDeployLandFromBase",
            "boolean": true
          },
          {
            "test_type": "CanAffordPotentialDrain",
            "string0": "LegionFactoryAdvancedBot"
          },
          {
            "test_type": "UnitCountOnPlanet",
            "unit_type_string0": "Fabber - Orbital - Naval",
            "compare0": ">=",
            "value0": 5
          },
          {
            "test_type": "CanFindPlaceToBuild",
            "string0": "LegionFactoryAdvancedBot"
          }
        ],
        [
          {
            "test_type": "HasPersonalityTag",
            "string0": "uber",
            "boolean": true
          },
          {
            "test_type": "PlanetIsRespawnable",
            "boolean": false
          },
          {
            "test_type": "AloneOnPlanet",
            "boolean": true
          },
          {
            "test_type": "OtherPlanetCanReceiveLandUnitAssistance",
            "boolean": true
          },
          {
            "test_type": "OtherPlanetNeedsLandUnitAssistance",
            "boolean": true
          },
          {
            "test_type": "HaveEcoForAdvanced",
            "boolean": true
          },
          {
            "test_type": "CanDeployLandFromBase",
            "boolean": true
          },
          {
            "test_type": "CanAffordPotentialDrain",
            "string0": "LegionFactoryAdvancedBot"
          },
          {
            "test_type": "UnitCountOnPlanet",
            "unit_type_string0": "Fabber - Orbital - Naval",
            "compare0": ">=",
            "value0": 5
          },
          {
            "test_type": "CanFindPlaceToBuild",
            "string0": "LegionFactoryAdvancedBot"
          }
        ],
        [
          {
            "test_type": "HasPersonalityTag",
            "string0": "uber",
            "boolean": true
          },
          {
            "test_type": "PlanetIsRespawnable",
            "boolean": false
          },
          {
            "test_type": "UnableToExpand",
            "boolean": true
          },
          {
            "test_type": "CanDeployLandFromBase",
            "boolean": true
          },
          {
            "test_type": "UnitCountOnPlanet",
            "unit_type_string0": "Factory & Advanced - Orbital",
            "compare0": "<",
            "value0": 1
          },
          {
            "test_type": "CanFindPlaceToBuild",
            "string0": "LegionFactoryAdvancedBot"
          }
        ],
        [
          {
            "test_type": "HasPersonalityTag",
            "string0": "uber",
            "boolean": true
          },
          {
            "test_type": "PlanetIsRespawnable",
            "boolean": false
          },
          {
            "test_type": "HaveEcoForAdvanced",
            "boolean": true
          },
          {
            "test_type": "CanDeployLandFromBase",
            "boolean": true
          },
          {
            "test_type": "UnitCountOnPlanet",
            "unit_type_string0": "Factory & Advanced - Orbital",
            "compare0": "<",
            "value0": 1
          },
          {
            "test_type": "UnitCountOnPlanet",
            "unit_type_string0": "Fabber - Orbital - Naval",
            "compare0": ">=",
            "value0": 5
          },
          {
            "test_type": "CanFindPlaceToBuild",
            "string0": "LegionFactoryAdvancedBot"
          }
        ]
      ],
      "placement_rules": {
        "buffer": 3,
        "threat": {
          "influence_type": "AntiSurface",
          "compare_type": "<",
          "radius": 10,
          "value": 50
        }
      }
    },
    {
      "name": "Legion - Uber - Advanced Walker Foundry - Excess Eco",
      "to_build": "LegionFactoryAdvancedBot",
      "instance_count": 2,
      "shared_instance_count": "AdvancedFactory",
      "priority": 475,
      "min_num_assisters": 6,
      "max_num_assisters": 9,
      "base_sort": "FromBuilder",
      "builders": [
        "LegionBotBasicFabber",
        "LegionBotAdvancedFabber",
        "LegionBotAdvancedSupportCommander"
      ],
      "build_conditions": [
        [
          {
            "test_type": "HasPersonalityTag",
            "string0": "uber",
            "boolean": true
          },
          {
            "test_type": "PlanetIsRespawnable",
            "boolean": false
          },
          {
            "test_type": "AloneOnPlanet",
            "boolean": false
          },
          {
            "test_type": "HaveEcoForAdvanced",
            "boolean": true
          },
          {
            "test_type": "CanDeployLandFromBase",
            "boolean": true
          },
          {
            "test_type": "CurrentMetalEfficiency",
            "compare0": ">",
            "value0": 1
          },
          {
            "test_type": "MetalStorageFrac",
            "compare0": ">",
            "value0": 0.2
          },
          {
            "test_type": "CurrentEnergyEfficiency",
            "compare0": ">",
            "value0": 1
          },
          {
            "test_type": "CanAffordPotentialDrain",
            "string0": "LegionFactoryAdvancedBot"
          },
          {
            "test_type": "UnitCountOnPlanet",
            "unit_type_string0": "Fabber - Orbital - Naval",
            "compare0": ">=",
            "value0": 5
          },
          {
            "test_type": "CanFindPlaceToBuild",
            "string0": "LegionFactoryAdvancedBot"
          }
        ]
      ],
      "placement_rules": {
        "buffer": 3,
        "placement_type": "FromBaseCenter",
        "threat": {
          "influence_type": "AntiSurface",
          "compare_type": "<",
          "radius": 10,
          "value": 50
        }
      }
    }
  ]
}
