{
  "build_list": [
    {
      "name": "Legion - Uber - Theodor - Mex",
      "to_build": "LegionDefenseBasicArtillery",
      "instance_count": 1,
      "shared_instance_count": "BasicLandDefenseMex",
      "min_num_assisters": 1,
      "max_num_assisters": 3,
      "priority": 401,
      "base_sort": "FromPerimeter",
      "builders": [
        "LegionBotBasicFabber",
        "LegionVehicleBasicFabber",
        "LegionAirBasicFabber",
        "LegionBotAdvancedFabber",
        "LegionVehicleAdvancedFabber",
        "LegionAirAdvancedFabber"
      ],
      "build_conditions": [
        [
          {
            "test_type": "HasPersonalityTag",
            "string0": "uber",
            "boolean": true
          },
          {
            "test_type": "HasPersonalityTag",
            "string0": "naval",
            "boolean": false
          },
          {
            "test_type": "EnemySurfacePresenceOnPlanet",
            "boolean": true
          },
          {
            "test_type": "CanDeployLandFromBase",
            "boolean": true
          },
          {
            "test_type": "CanAffordBuildDemand"
          },
          {
            "test_type": "DistFromMainBase",
            "compare0": ">=",
            "value0": 350
          },
          {
            "test_type": "UnitCountInBase",
            "unit_type_string0": "Structure & (Artillery | Tactical)",
            "compare0": "<",
            "value0": 1
          },
          {
            "test_type": "UnitCountInBase",
            "unit_type_string0": "Structure & SurfaceDefense - (CombatFabAdvBuild & Advanced & Custom1)",
            "compare0": ">",
            "value0": 0
          },
          {
            "test_type": "UnitCountInBase",
            "unit_type_string0": "Structure & MetalProduction",
            "compare0": ">=",
            "value0": 4
          },
          {
            "test_type": "CanFindPlaceToBuild",
            "string0": "LegionDefenseBasicArtillery"
          }
        ]
      ],
      "placement_rules": {
        "placement_type": "FromBaseCenter",
        "unit_count_rules": [
          {
            "unit_type_string": "Structure & SurfaceDefense",
            "alliance": "Ally",
            "compare_type": ">",
            "range": 35,
            "count": 0
          }
        ]
      }
    },
    {
      "name": "Legion - Uber - Jackal - Mex",
      "to_build": "LegionDefenseBasicLand",
      "instance_count": 1,
      "shared_instance_count": "BasicLandDefenseMex",
      "priority": 401,
      "base_sort": "FromPerimeter",
      "builders": [
        "LegionBotBasicFabber",
        "LegionVehicleBasicFabber",
        "LegionAirBasicFabber"
      ],
      "build_conditions": [
        [
          {
            "test_type": "HasPersonalityTag",
            "string0": "uber",
            "boolean": true
          },
          {
            "test_type": "HasPersonalityTag",
            "string0": "naval",
            "boolean": false
          },
          {
            "test_type": "EnemySurfacePresenceOnPlanet",
            "boolean": true
          },
          {
            "test_type": "CanDeployLandFromBase",
            "boolean": true
          },
          {
            "test_type": "HaveSeenEnemyUnits",
            "unit_type_string0": "Advanced & Mobile & Offense",
            "boolean": false
          },
          {
            "test_type": "HaveSeenEnemyUnits",
            "unit_type_string0": "Bot",
            "boolean": true
          },
          {
            "test_type": "CanAffordBuildDemand"
          },
          {
            "test_type": "DistFromMainBase",
            "compare0": ">=",
            "value0": 350
          },
          {
            "test_type": "UnitCountInBase",
            "unit_type_string0": "Structure & (SurfaceDefense | Tactical) - (CombatFabAdvBuild & Advanced & Custom1)",
            "compare0": "<",
            "value0": 1
          },
          {
            "test_type": "UnitCountInBase",
            "unit_type_string0": "Structure & MetalProduction",
            "compare0": ">=",
            "value0": 1
          },
          {
            "test_type": "CanFindPlaceToBuild",
            "string0": "LegionDefenseBasicLand"
          }
        ]
      ],
      "placement_rules": {
        "placement_type": "FromBaseCenter",
        "unit_count_rules": [
          {
            "unit_type_string": "Structure & MetalProduction",
            "alliance": "Ally",
            "compare_type": ">=",
            "range": 35,
            "count": 1
          },
          {
            "unit_type_string": "Structure & (SurfaceDefense | Tactical) - (CombatFabAdvBuild & Advanced & Custom1)",
            "alliance": "Ally",
            "compare_type": "<",
            "range": 50,
            "count": 1
          }
        ]
      }
    },
    {
      "name": "Legion - Uber - Jackal - Snipe",
      "to_build": "LegionDefenseBasicLand",
      "instance_count": 1,
      "priority": 454,
      "base_sort": "FromBuilder",
      "builders": ["LegionCommander"],
      "build_conditions": [
        [
          {
            "test_type": "HasPersonalityTag",
            "string0": "uber",
            "boolean": true
          },
          {
            "test_type": "HasPersonalityTag",
            "string0": "naval",
            "boolean": false
          },
          {
            "test_type": "EnemySurfacePresenceOnPlanet",
            "boolean": true
          },
          {
            "test_type": "CanDeployLandFromBase",
            "boolean": true
          },
          {
            "test_type": "HaveSeenEnemyUnits",
            "unit_type_string0": "Bot & SelfDestruct & Basic",
            "boolean": true
          },
          {
            "test_type": "CanAffordBuildDemand"
          },
          {
            "test_type": "UnitCountInBase",
            "unit_type_string0": "Commander & Custom1",
            "compare0": ">=",
            "value0": 1
          },
          {
            "test_type": "UnitCountInBase",
            "unit_type_string0": "Structure & SurfaceDefense - Tactical - (CombatFabAdvBuild & Advanced & Custom1)",
            "compare0": "<",
            "value0": 1
          },
          {
            "test_type": "CanFindPlaceToBuild",
            "string0": "LegionDefenseBasicLand"
          }
        ]
      ],
      "placement_rules": {
        "placement_type": "FromBaseCenter",
        "unit_count_rules": [
          {
            "unit_type_string": "Structure & SurfaceDefense - Tactical - (CombatFabAdvBuild & Advanced & Custom1)",
            "alliance": "Ally",
            "compare_type": "<",
            "range": 75,
            "count": 1
          }
        ]
      }
    },
    {
      "name": "Legion - Uber - Scarab - Mex",
      "to_build": "LegionDefenseBasicLandII",
      "instance_count": 1,
      "shared_instance_count": "BasicLandDefenseMex",
      "priority": 400,
      "base_sort": "FromPerimeter",
      "builders": [
        "LegionBotBasicFabber",
        "LegionVehicleBasicFabber",
        "LegionAirBasicFabber",
        "LegionBotAdvancedFabber",
        "LegionVehicleAdvancedFabber",
        "LegionAirAdvancedFabber"
      ],
      "build_conditions": [
        [
          {
            "test_type": "HasPersonalityTag",
            "string0": "uber",
            "boolean": true
          },
          {
            "test_type": "HasPersonalityTag",
            "string0": "naval",
            "boolean": false
          },
          {
            "test_type": "EnemySurfacePresenceOnPlanet",
            "boolean": true
          },
          {
            "test_type": "CanDeployLandFromBase",
            "boolean": true
          },
          {
            "test_type": "HaveSeenEnemyUnits",
            "unit_type_string0": "Tank",
            "boolean": true
          },
          {
            "test_type": "CanAffordBuildDemand"
          },
          {
            "test_type": "DistFromMainBase",
            "compare0": ">=",
            "value0": 350
          },
          {
            "test_type": "UnitCountInBase",
            "unit_type_string0": "Structure & (SurfaceDefense | Tactical) - (CombatFabAdvBuild & Advanced & Custom1)",
            "compare0": "<",
            "value0": 1
          },
          {
            "test_type": "UnitCountInBase",
            "unit_type_string0": "Structure & MetalProduction",
            "compare0": ">=",
            "value0": 1
          },
          {
            "test_type": "CanFindPlaceToBuild",
            "string0": "LegionDefenseBasicLandII"
          }
        ]
      ],
      "placement_rules": {
        "placement_type": "FromBaseCenter",
        "unit_count_rules": [
          {
            "unit_type_string": "Structure & MetalProduction",
            "alliance": "Ally",
            "compare_type": ">=",
            "range": 35,
            "count": 1
          },
          {
            "unit_type_string": "Structure & (SurfaceDefense | Tactical) - (CombatFabAdvBuild & Advanced & Custom1)",
            "alliance": "Ally",
            "compare_type": "<",
            "range": 75,
            "count": 1
          }
        ]
      }
    },
    {
      "name": "Legion - Uber - Hive - Base",
      "to_build": "LegionDefenseBasicSwarm",
      "instance_count": 1,
      "shared_instance_count": "BasicLandDefense",
      "max_num_assisters": 1,
      "priority": 251,
      "base_sort": "FromMainBase",
      "builders": ["LegionBotBasicFabber", "LegionVehicleBasicFabber"],
      "build_conditions": [
        [
          {
            "test_type": "HasPersonalityTag",
            "string0": "uber",
            "boolean": true
          },
          {
            "test_type": "EnemySurfacePresenceOnPlanet",
            "boolean": true
          },
          {
            "test_type": "CanDeployLandFromBase",
            "boolean": true
          },
          {
            "test_type": "CanAffordBuildDemand"
          },
          {
            "test_type": "PlanetHighestEnemyArmyThreatRatio",
            "string0": "Land",
            "string1": "AntiSurface",
            "compare0": ">",
            "value0": 1
          },
          {
            "test_type": "UnitCountInBase",
            "unit_type_string0": "Structure & (SurfaceDefense | Tactical) - (CombatFabAdvBuild & Advanced & Custom1)",
            "compare0": "<",
            "value0": 1
          },
          {
            "test_type": "UnitCountInBase",
            "unit_type_string0": "Structure & (EnergyProduction | Factory)",
            "compare0": ">=",
            "value0": 3
          },
          {
            "test_type": "CanFindPlaceToBuild",
            "string0": "LegionDefenseBasicSwarm"
          }
        ]
      ],
      "placement_rules": {
        "placement_type": "FromBaseCenter",
        "unit_count_rules": [
          {
            "unit_type_string": "Structure & (EnergyProduction | Factory)",
            "alliance": "Ally",
            "compare_type": ">=",
            "range": 50,
            "count": 1
          },
          {
            "unit_type_string": "Structure & (SurfaceDefense | Tactical) - (CombatFabAdvBuild & Advanced & Custom1)",
            "alliance": "Ally",
            "compare_type": "<",
            "range": 75,
            "count": 1
          }
        ]
      }
    },
    {
      "name": "Uber - Jackal - Locusts",
      "to_build": "LegionDefenseBasicLand",
      "instance_count": 1,
      "priority": 456,
      "base_sort": "FromMainBase",
      "max_num_assisters": 3,
      "builders": [
        "LegionBotBasicFabber",
        "LegionVehicleBasicFabber",
        "AnyLegionFabberAdvanced"
      ],
      "build_conditions": [
        [
          {
            "test_type": "HasPersonalityTag",
            "string0": "uber",
            "boolean": true
          },
          {
            "test_type": "EnemySurfacePresenceOnPlanet",
            "boolean": true
          },
          {
            "test_type": "CanDeployLandFromBase",
            "boolean": true
          },
          {
            "test_type": "HaveSeenEnemyUnits",
            "unit_type_string0": "Deconstruction",
            "boolean": true
          },
          {
            "test_type": "CanAffordBuildDemand"
          },
          {
            "test_type": "UnitCountInBase",
            "unit_type_string0": "Structure & SurfaceDefense - (CombatFabAdvBuild & Advanced & Custom1)",
            "compare0": "<",
            "value0": 1
          },
          {
            "test_type": "UnitCountInBase",
            "unit_type_string0": "Structure & Advanced & (EnergyProduction | Factory)",
            "compare0": ">=",
            "value0": 3
          },
          {
            "test_type": "CanFindPlaceToBuild",
            "string0": "LegionDefenseBasicLand"
          }
        ]
      ],
      "placement_rules": {
        "placement_type": "FromBaseCenter",
        "unit_count_rules": [
          {
            "unit_type_string": "Structure & Advanced (EnergyProduction | Factory)",
            "alliance": "Ally",
            "compare_type": ">=",
            "range": 50,
            "count": 1
          },
          {
            "unit_type_string": "Structure & (SurfaceDefense | Tactical) - (CombatFabAdvBuild & Advanced & Custom1)",
            "alliance": "Ally",
            "compare_type": "<",
            "range": 105,
            "count": 1
          }
        ]
      }
    },
    {
      "name": "Legion - Uber - Arsonist - Base",
      "to_build": "LegionDefenseAdvancedLand",
      "instance_count": 1,
      "shared_instance_count": "AdvancedLandDefense",
      "priority": 278,
      "max_num_assisters": 3,
      "base_sort": "FromMainBase",
      "builders": ["AnyLegionFabberAdvanced"],
      "build_conditions": [
        [
          {
            "test_type": "HasPersonalityTag",
            "string0": "uber",
            "boolean": true
          },
          {
            "test_type": "EnemySurfacePresenceOnPlanet",
            "boolean": true
          },
          {
            "test_type": "CanDeployLandFromBase",
            "boolean": true
          },
          {
            "test_type": "CanAffordBuildDemand"
          },
          {
            "test_type": "PlanetHighestEnemyArmyThreatRatio",
            "string0": "Land",
            "string1": "AntiSurface",
            "compare0": ">",
            "value0": 1
          },
          {
            "test_type": "UnitCountInBase",
            "unit_type_string0": "Structure & Advanced & SurfaceDefense & CombatFabAdvBuild & Custom1",
            "compare0": ">=",
            "value0": 1
          },
          {
            "test_type": "UnitCountInBase",
            "unit_type_string0": "Structure & Advanced & (SurfaceDefense | Tactical) - (CombatFabAdvBuild & Custom1)",
            "compare0": "<",
            "value0": 1
          },
          {
            "test_type": "CanFindPlaceToBuild",
            "string0": "LegionDefenseAdvancedLand"
          }
        ]
      ],
      "placement_rules": {
        "placement_type": "FromBaseCenter",
        "unit_count_rules": [
          {
            "unit_type_string": "Structure & (EnergyProduction | Factory)",
            "alliance": "Ally",
            "compare_type": ">=",
            "range": 50,
            "count": 1
          },
          {
            "unit_type_string": "Structure & (SurfaceDefense | Tactical) - (CombatFabAdvBuild & Advanced & Custom1)",
            "alliance": "Ally",
            "compare_type": "<",
            "range": 75,
            "count": 1
          },
          {
            "unit_type_string": "Structure & Advanced & SurfaceDefense & CombatFabAdvBuild & Custom1",
            "alliance": "Ally",
            "compare_type": ">=",
            "range": 200,
            "count": 1
          }
        ]
      }
    },
    {
      "name": "Legion - Uber - Decimator - Shielded",
      "to_build": "LegionDefenseAdvancedTactical",
      "instance_count": 1,
      "shared_instance_count": "AdvancedLandDefense",
      "priority": 379,
      "max_num_assisters": 3,
      "base_sort": "FromMainBase",
      "builders": ["AnyLegionFabberAdvanced"],
      "build_conditions": [
        [
          {
            "test_type": "HasPersonalityTag",
            "string0": "uber",
            "boolean": true
          },
          {
            "test_type": "EnemySurfacePresenceOnPlanet",
            "boolean": true
          },
          {
            "test_type": "CanDeployLandFromBase",
            "boolean": true
          },
          {
            "test_type": "CanAffordBuildDemand"
          },
          {
            "test_type": "HaveSeenEnemyUnits",
            "unit_type_string0": "Advanced",
            "boolean": true
          },
          {
            "test_type": "PlanetHighestEnemyArmyThreatRatio",
            "string0": "Land",
            "string1": "AntiSurface",
            "compare0": ">",
            "value0": 1
          },
          {
            "test_type": "UnitCountInBase",
            "unit_type_string0": "Structure & Advanced & SurfaceDefense & CombatFabAdvBuild & Custom1",
            "compare0": ">=",
            "value0": 1
          },
          {
            "test_type": "UnitCountInBase",
            "unit_type_string0": "Structure & Advanced & (SurfaceDefense | Tactical) - (CombatFabAdvBuild & Custom1)",
            "compare0": "<",
            "value0": 1
          },
          {
            "test_type": "CanFindPlaceToBuild",
            "string0": "LegionDefenseAdvancedTactical"
          }
        ]
      ],
      "placement_rules": {
        "placement_type": "FromBaseCenter",
        "unit_count_rules": [
          {
            "unit_type_string": "Structure & (SurfaceDefense | Tactical) - (CombatFabAdvBuild & Advanced & Custom1)",
            "alliance": "Ally",
            "compare_type": "<",
            "range": 75,
            "count": 1
          },
          {
            "unit_type_string": "Structure & Advanced & SurfaceDefense & CombatFabAdvBuild & Custom1",
            "alliance": "Ally",
            "compare_type": ">=",
            "range": 200,
            "count": 1
          }
        ]
      }
    },
    {
      "name": "Legion - Uber - Decimator - Base",
      "to_build": "LegionDefenseAdvancedTactical",
      "instance_count": 1,
      "shared_instance_count": "AdvancedLandDefense",
      "priority": 279,
      "max_num_assisters": 3,
      "base_sort": "FromMainBase",
      "builders": ["AnyLegionFabberAdvanced"],
      "build_conditions": [
        [
          {
            "test_type": "HasPersonalityTag",
            "string0": "uber",
            "boolean": true
          },
          {
            "test_type": "EnemySurfacePresenceOnPlanet",
            "boolean": true
          },
          {
            "test_type": "CanDeployLandFromBase",
            "boolean": true
          },
          {
            "test_type": "CanAffordBuildDemand"
          },
          {
            "test_type": "HaveSeenEnemyUnits",
            "unit_type_string0": "Advanced",
            "boolean": true
          },
          {
            "test_type": "PlanetHighestEnemyArmyThreatRatio",
            "string0": "Land",
            "string1": "AntiSurface",
            "compare0": ">",
            "value0": 1
          },
          {
            "test_type": "UnitCountInBase",
            "unit_type_string0": "Structure & ((EnergyProduction & Advanced) | Factory)",
            "compare0": ">",
            "value0": 3
          },
          {
            "test_type": "UnitCountInBase",
            "unit_type_string0": "Structure & Advanced & (SurfaceDefense | Tactical) - (CombatFabAdvBuild & Custom1)",
            "compare0": "<",
            "value0": 1
          },
          {
            "test_type": "CanFindPlaceToBuild",
            "string0": "LegionDefenseAdvancedTactical"
          }
        ]
      ],
      "placement_rules": {
        "placement_type": "FromBaseCenter",
        "unit_count_rules": [
          {
            "unit_type_string": "Commander | (Structure & ((EnergyProduction & Advanced) | Factory))",
            "alliance": "Ally",
            "compare_type": ">=",
            "range": 50,
            "count": 1
          },
          {
            "unit_type_string": "Structure & (SurfaceDefense | Tactical) - (CombatFabAdvBuild & Advanced & Custom1)",
            "alliance": "Ally",
            "compare_type": "<",
            "range": 75,
            "count": 1
          }
        ]
      }
    },
    {
      "name": "Legion - Uber - Rampart - Base",
      "to_build": "LegionDefenseAdvancedShield",
      "instance_count": 1,
      "shared_instance_count": "AdvancedLandDefense",
      "priority": 280,
      "max_num_assisters": 3,
      "base_sort": "FromMainBase",
      "builders": ["AnyLegionFabberAdvanced"],
      "build_conditions": [
        [
          {
            "test_type": "HasPersonalityTag",
            "string0": "uber",
            "boolean": true
          },
          {
            "test_type": "AloneOnPlanet",
            "boolean": false
          },
          {
            "test_type": "CanAffordBuildDemand"
          },
          {
            "test_type": "UnitCountInBase",
            "unit_type_string0": "Structure & Advanced & SurfaceDefense & CombatFabAdvBuild & Custom1",
            "compare0": "<",
            "value0": 1
          },
          {
            "test_type": "UnitCountInBase",
            "unit_type_string0": "Structure & (EnergyProduction | Factory)",
            "compare0": ">=",
            "value0": 3
          },
          {
            "test_type": "CanFindPlaceToBuild",
            "string0": "LegionDefenseAdvancedShield"
          }
        ]
      ],
      "placement_rules": {
        "placement_type": "FromBaseCenter",
        "unit_count_rules": [
          {
            "unit_type_string": "Structure & (EnergyProduction | Factory)",
            "alliance": "Ally",
            "compare_type": ">=",
            "range": 105,
            "count": 3
          },
          {
            "unit_type_string": "Structure & Advanced & SurfaceDefense & CombatFabAdvBuild & Custom1",
            "alliance": "Ally",
            "compare_type": "<",
            "range": 200,
            "count": 1
          }
        ]
      }
    },
    {
      "name": "Legion - Uber - Rampart - Commander",
      "to_build": "LegionDefenseAdvancedShield",
      "instance_count": 1,
      "shared_instance_count": "AdvancedLandDefense",
      "priority": 380,
      "max_num_assisters": 3,
      "base_sort": "FromMainBase",
      "builders": ["AnyLegionFabberAdvanced"],
      "build_conditions": [
        [
          {
            "test_type": "HasPersonalityTag",
            "string0": "uber",
            "boolean": true
          },
          {
            "test_type": "AloneOnPlanet",
            "boolean": false
          },
          {
            "test_type": "CanAffordBuildDemand"
          },
          {
            "test_type": "UnitCountInBase",
            "unit_type_string0": "Commander",
            "compare0": ">=",
            "value0": 1
          },
          {
            "test_type": "UnitCountInBase",
            "unit_type_string0": "Structure & Advanced & SurfaceDefense & CombatFabAdvBuild & Custom1",
            "compare0": "<",
            "value0": 1
          },
          {
            "test_type": "CanFindPlaceToBuild",
            "string0": "LegionDefenseAdvancedShield"
          }
        ]
      ],
      "placement_rules": {
        "placement_type": "FromBaseCenter",
        "unit_count_rules": [
          {
            "unit_type_string": "Structure & Advanced & SurfaceDefense & CombatFabAdvBuild & Custom1",
            "alliance": "Ally",
            "compare_type": "<",
            "range": 200,
            "count": 1
          }
        ]
      }
    },
    {
      "name": "Legion - Uber - Rampart - Artillery - Base",
      "to_build": "LegionDefenseAdvancedShield",
      "instance_count": 1,
      "shared_instance_count": "AdvancedLandDefense",
      "priority": 408,
      "min_num_assisters": 3,
      "max_num_assisters": 5,
      "base_sort": "FromMainBase",
      "builders": ["AnyLegionFabberAdvanced"],
      "build_conditions": [
        [
          {
            "test_type": "HasPersonalityTag",
            "string0": "uber",
            "boolean": true
          },
          {
            "test_type": "EnemySurfacePresenceOnPlanet",
            "boolean": true
          },
          {
            "test_type": "CanAffordBuildDemand"
          },
          {
            "test_type": "UnitCountInBase",
            "unit_type_string0": "Structure & Advanced & SurfaceDefense & CombatFabAdvBuild & Custom1",
            "compare0": "<",
            "value0": 1
          },
          {
            "test_type": "UnitCountInBase",
            "unit_type_string0": "Structure",
            "compare0": ">=",
            "value0": 5
          },
          {
            "test_type": "HaveSeenEnemyUnits",
            "unit_type_string0": "Artillery & Structure - Factory",
            "boolean": true
          },
          {
            "test_type": "UnitCountAroundBase",
            "unit_type_string0": "Artillery & Structure & Advanced - Factory - Custom1",
            "string0": "Enemy",
            "value0": 600,
            "compare0": ">=",
            "value1": 1
          },
          {
            "test_type": "CanFindPlaceToBuild",
            "string0": "LegionDefenseAdvancedShield"
          }
        ],
        [
          {
            "test_type": "HasPersonalityTag",
            "string0": "uber",
            "boolean": true
          },
          {
            "test_type": "EnemySurfacePresenceOnPlanet",
            "boolean": true
          },
          {
            "test_type": "CanAffordBuildDemand"
          },
          {
            "test_type": "UnitCountInBase",
            "unit_type_string0": "Structure & Advanced & SurfaceDefense & CombatFabAdvBuild & Custom1",
            "compare0": "<",
            "value0": 1
          },
          {
            "test_type": "UnitCountInBase",
            "unit_type_string0": "Structure",
            "compare0": ">=",
            "value0": 5
          },
          {
            "test_type": "UnitCountAroundBase",
            "unit_type_string0": "Artillery & Structure & Advanced & Custom1 - Factory",
            "string0": "Enemy",
            "value0": 450,
            "compare0": ">=",
            "value1": 1
          },
          {
            "test_type": "CanFindPlaceToBuild",
            "string0": "LegionDefenseAdvancedShield"
          }
        ]
      ],
      "placement_rules": {
        "placement_type": "FromBaseCenter",
        "unit_count_rules": [
          {
            "unit_type_string": "Structure - (Advanced & SurfaceDefense & CombatFabAdvBuild & Custom1)",
            "alliance": "Ally",
            "compare_type": ">=",
            "range": 105,
            "count": 5
          },
          {
            "unit_type_string": "Structure & Advanced & SurfaceDefense & CombatFabAdvBuild & Custom1",
            "alliance": "Ally",
            "compare_type": "<",
            "range": 200,
            "count": 1
          }
        ]
      }
    },
    {
      "name": "Legion - Uber - Rampart - Artillery - Commander",
      "to_build": "LegionDefenseAdvancedShield",
      "instance_count": 1,
      "shared_instance_count": "AdvancedLandDefense",
      "priority": 409,
      "min_num_assisters": 3,
      "max_num_assisters": 5,
      "base_sort": "FromMainBase",
      "builders": ["AnyLegionFabberAdvanced"],
      "build_conditions": [
        [
          {
            "test_type": "HasPersonalityTag",
            "string0": "uber",
            "boolean": true
          },
          {
            "test_type": "EnemySurfacePresenceOnPlanet",
            "boolean": true
          },
          {
            "test_type": "CanAffordBuildDemand"
          },
          {
            "test_type": "UnitCountInBase",
            "unit_type_string0": "Commander",
            "compare0": ">=",
            "value0": 1
          },
          {
            "test_type": "UnitCountInBase",
            "unit_type_string0": "Structure & Advanced & SurfaceDefense & CombatFabAdvBuild & Custom1",
            "compare0": "<",
            "value0": 1
          },
          {
            "test_type": "HaveSeenEnemyUnits",
            "unit_type_string0": "Artillery & Structure - Factory",
            "boolean": true
          },
          {
            "test_type": "UnitCountAroundBase",
            "unit_type_string0": "Artillery & Structure - Factory",
            "string0": "Enemy",
            "value0": 600,
            "compare0": ">=",
            "value1": 1
          },
          {
            "test_type": "CanFindPlaceToBuild",
            "string0": "LegionDefenseAdvancedShield"
          }
        ]
      ],
      "placement_rules": {
        "placement_type": "FromBaseCenter",
        "unit_count_rules": [
          {
            "unit_type_string": "Structure & Advanced & SurfaceDefense & CombatFabAdvBuild & Custom1",
            "alliance": "Ally",
            "compare_type": "<",
            "range": 200,
            "count": 1
          }
        ]
      }
    }
  ]
}
