{
  "build_list": [
    {
      "name": "Uber - Commander Assist",
      "instance_count": -1,
      "priority": 10,
      "builders": ["UberCommander"],
      "build_conditions": [
        [
          {
            "test_type": "HasPersonalityTag",
            "string0": "uber",
            "boolean": true
          },
          {
            "test_type": "CanAffordBuildDemand"
          }
        ],
        [
          {
            "test_type": "HasPersonalityTag",
            "string0": "uber",
            "boolean": true
          },
          {
            "test_type": "CurrentMetalEfficiency",
            "compare0": ">",
            "value0": 1
          },
          {
            "test_type": "MetalStorageFrac",
            "compare0": ">",
            "value0": 0.1
          },
          {
            "test_type": "CurrentEnergyEfficiency",
            "compare0": ">",
            "value0": 1
          }
        ]
      ],
      "task_type": "BuilderAssist"
    },
    {
      "name": "Uber - Teleport Commander To Planet",
      "instance_count": 1,
      "priority": 1001,
      "builders": ["UberCommander"],
      "build_conditions": [
        [
          {
            "test_type": "HasPersonalityTag",
            "string0": "uber",
            "boolean": true
          },
          {
            "test_type": "WantCommanderOffPlanetByTeleporter",
            "boolean": true
          },
          {
            "test_type": "UnitCountOnPlanet",
            "unit_type_string0": "Structure & Teleporter",
            "compare0": ">=",
            "value0": 1
          }
        ]
      ],
      "task_type": "TeleportFabberToPlanet"
    }
  ]
}
