{
  "build_list": [
    {
      "name": "Uber - Orbital Launcher - Alone",
      "to_build": "OrbitalLauncher",
      "instance_count": 1,
      "shared_instance_count": "OrbitalLauncher",
      "priority": 480,
      "min_num_assisters": 3,
      "max_num_assisters": 5,
      "base_sort": "FromBuilder",
      "builders": ["AnyUberBasicFabber", "AnyUberAdvancedFabber"],
      "build_conditions": [
        [
          {
            "test_type": "HasPersonalityTag",
            "string0": "uber",
            "boolean": true
          },
          {
            "test_type": "AloneOnPlanet",
            "boolean": true
          },
          {
            "test_type": "PresenceOnOtherPlanet",
            "boolean": false
          },
          {
            "test_type": "UnitCountOnPlanet",
            "unit_type_string0": "Factory & Orbital",
            "compare0": "<",
            "value0": 1
          },
          {
            "test_type": "CanFindPlaceToBuild",
            "string0": "OrbitalLauncher"
          }
        ]
      ],
      "placement_rules": {
        "buffer": 3,
        "placement_type": "FromBaseCenter",
        "threat": {
          "influence_type": "AntiSurface",
          "compare_type": "<",
          "radius": 10,
          "value": 50
        }
      }
    },
    {
      "name": "Uber - Orbital Launcher",
      "to_build": "OrbitalLauncher",
      "instance_count": 1,
      "shared_instance_count": "OrbitalLauncher",
      "priority": 480,
      "min_num_assisters": 3,
      "max_num_assisters": 5,
      "base_sort": "FromMainBase",
      "builders": [
        "BasicBotFabber",
        "BasicNavalFabber",
        "BasicVehicleFabber",
        "AnyUberAdvancedFabber"
      ],
      "build_conditions": [
        [
          {
            "test_type": "HasPersonalityTag",
            "string0": "uber",
            "boolean": true
          },
          {
            "test_type": "PlanetIsRespawnable",
            "boolean": false
          },
          {
            "test_type": "UnableToExpand",
            "boolean": true
          },
          {
            "test_type": "PlanetWithoutPresence",
            "boolean": true
          },
          {
            "test_type": "UnitCount",
            "unit_type_string0": "Factory & Orbital",
            "compare0": "<",
            "value0": 1
          },
          {
            "test_type": "CanFindPlaceToBuild",
            "string0": "OrbitalLauncher"
          }
        ],
        [
          {
            "test_type": "HasPersonalityTag",
            "string0": "uber",
            "boolean": true
          },
          {
            "test_type": "HasPersonalityTag",
            "string0": "lateorbital",
            "boolean": false
          },
          {
            "test_type": "PlanetWithoutPresence",
            "boolean": true
          },
          {
            "test_type": "HaveEcoForAdvanced",
            "boolean": true
          },
          {
            "test_type": "PlanetCount",
            "compare0": ">",
            "value0": 1
          },
          {
            "test_type": "CanAffordPotentialDrain",
            "string0": "OrbitalLauncher"
          },
          {
            "test_type": "UnitCountOnPlanet",
            "unit_type_string0": "Fabber - Orbital - Naval",
            "compare0": ">=",
            "value0": 5
          },
          {
            "test_type": "UnitCount",
            "unit_type_string0": "Factory & Orbital",
            "compare0": "<",
            "value0": 1
          },
          {
            "test_type": "CanFindPlaceToBuild",
            "string0": "OrbitalLauncher"
          }
        ],
        [
          {
            "test_type": "HasPersonalityTag",
            "string0": "uber",
            "boolean": true
          },
          {
            "test_type": "HasPersonalityTag",
            "string0": "ffa",
            "boolean": false
          },
          {
            "test_type": "PlanetIsRespawnable",
            "boolean": false
          },
          {
            "test_type": "HaveEcoForAdvanced",
            "boolean": true
          },
          {
            "test_type": "SystemThreat",
            "string0": "Orbital",
            "compare0": ">",
            "value0": 0
          },
          {
            "test_type": "CanAffordPotentialDrain",
            "string0": "OrbitalLauncher"
          },
          {
            "test_type": "UnitCountOnPlanet",
            "unit_type_string0": "Fabber - Orbital - Naval",
            "compare0": ">=",
            "value0": 5
          },
          {
            "test_type": "UnitCount",
            "unit_type_string0": "Factory & Orbital",
            "compare0": "<",
            "value0": 1
          },
          {
            "test_type": "CanFindPlaceToBuild",
            "string0": "OrbitalLauncher"
          }
        ]
      ],
      "placement_rules": {
        "buffer": 3,
        "placement_type": "FromBaseCenter",
        "threat": {
          "influence_type": "AntiSurface",
          "compare_type": "<",
          "radius": 10,
          "value": 50
        }
      }
    },
    {
      "name": "Uber - Orbital Launcher - Expansion",
      "to_build": "OrbitalLauncher",
      "instance_count": 1,
      "shared_instance_count": "OrbitalLauncher",
      "priority": 376,
      "min_num_assisters": 3,
      "max_num_assisters": 5,
      "base_sort": "FromMainBase",
      "builders": [
        "BasicBotFabber",
        "BasicNavalFabber",
        "BasicVehicleFabber",
        "AnyUberAdvancedFabber"
      ],
      "build_conditions": [
        [
          {
            "test_type": "HasPersonalityTag",
            "string0": "uber",
            "boolean": true
          },
          {
            "test_type": "PlanetIsRespawnable",
            "boolean": false
          },
          {
            "test_type": "PresenceOnOtherPlanet",
            "boolean": true
          },
          {
            "test_type": "PlanetCount",
            "compare0": ">",
            "value0": 1
          },
          {
            "test_type": "CanAffordPotentialDrain",
            "string0": "OrbitalLauncher"
          },
          {
            "test_type": "UnitCountOnPlanet",
            "unit_type_string0": "Fabber - Orbital - Naval",
            "compare0": ">=",
            "value0": 5
          },
          {
            "test_type": "UnitCountOnPlanet",
            "unit_type_string0": "Factory & Orbital",
            "compare0": "<",
            "value0": 1
          },
          {
            "test_type": "CanFindPlaceToBuild",
            "string0": "OrbitalLauncher"
          }
        ]
      ],
      "placement_rules": {
        "buffer": 3,
        "placement_type": "FromBaseCenter",
        "threat": {
          "influence_type": "AntiSurface",
          "compare_type": "<",
          "radius": 10,
          "value": 50
        }
      }
    },
    {
      "name": "Uber - Orbital Factory",
      "to_build": "OrbitalFactory",
      "instance_count": 1,
      "shared_instance_count": "OrbitalFactory",
      "priority": 477,
      "min_num_assisters": 2,
      "max_num_assisters": 5,
      "base_sort": "FromBuilder",
      "builders": ["OrbitalFabber"],
      "build_conditions": [
        [
          {
            "test_type": "HasPersonalityTag",
            "string0": "uber",
            "boolean": true
          },
          {
            "test_type": "PlanetIsRespawnable",
            "boolean": false
          },
          {
            "test_type": "CanAffordPotentialDrain",
            "string0": "OrbitalFactory"
          },
          {
            "test_type": "CanFindPlaceToBuild",
            "string0": "OrbitalFactory"
          }
        ],
        [
          {
            "test_type": "HasPersonalityTag",
            "string0": "uber",
            "boolean": true
          },
          {
            "test_type": "PlanetIsGasGiant",
            "boolean": true
          },
          {
            "test_type": "UnitCountOnPlanet",
            "unit_type_string0": "Factory & Orbital",
            "compare0": "<",
            "value0": 1
          },
          {
            "test_type": "CanFindPlaceToBuild",
            "string0": "OrbitalFactory"
          }
        ]
      ],
      "placement_rules": {
        "buffer": 3,
        "placement_type": "FromBaseCenter",
        "threat": {
          "influence_type": "AntiOrbital",
          "compare_type": "<",
          "radius": 10,
          "value": 50
        }
      }
    }
  ]
}
