{
  "build_list": [
    {
      "name": "Uber - Pelter - Mex",
      "to_build": "BasicArtillery",
      "instance_count": 1,
      "shared_instance_count": "BasicLandDefenseMex",
      "min_num_assisters": 1,
      "max_num_assisters": 3,
      "priority": 401,
      "base_sort": "FromPerimeter",
      "builders": [
        "BasicBotFabber",
        "BasicVehicleFabber",
        "BasicAirFabber",
        "AdvancedBotFabber",
        "AdvancedVehicleFabber",
        "AdvancedAirFabber"
      ],
      "build_conditions": [
        [
          {
            "test_type": "HasPersonalityTag",
            "string0": "uber",
            "boolean": true
          },
          {
            "test_type": "HasPersonalityTag",
            "string0": "naval",
            "boolean": false
          },
          {
            "test_type": "EnemySurfacePresenceOnPlanet",
            "boolean": true
          },
          {
            "test_type": "CanDeployLandFromBase",
            "boolean": true
          },
          {
            "test_type": "CanAffordBuildDemand"
          },
          {
            "test_type": "DistFromMainBase",
            "compare0": ">=",
            "value0": 350
          },
          {
            "test_type": "UnitCountInBase",
            "unit_type_string0": "Structure & (Artillery | Tactical)",
            "compare0": "<",
            "value0": 1
          },
          {
            "test_type": "UnitCountInBase",
            "unit_type_string0": "Structure & SurfaceDefense - (CombatFabAdvBuild & Advanced & Custom1)",
            "compare0": ">",
            "value0": 0
          },
          {
            "test_type": "UnitCountInBase",
            "unit_type_string0": "Structure & MetalProduction",
            "compare0": ">=",
            "value0": 4
          },
          {
            "test_type": "CanFindPlaceToBuild",
            "string0": "BasicArtillery"
          }
        ]
      ],
      "placement_rules": {
        "placement_type": "FromBaseCenter",
        "unit_count_rules": [
          {
            "unit_type_string": "Structure & SurfaceDefense",
            "alliance": "Ally",
            "compare_type": ">",
            "range": 35,
            "count": 0
          }
        ]
      }
    },
    {
      "name": "Uber - Single Laser Defense Tower - Mex",
      "to_build": "BasicLandDefenseSingle",
      "instance_count": 1,
      "shared_instance_count": "BasicLandDefenseMex",
      "priority": 401,
      "base_sort": "FromPerimeter",
      "builders": [
        "BasicBotFabber",
        "BasicVehicleFabber",
        "BasicAirFabber",
        "AdvancedBotCombatFabber"
      ],
      "build_conditions": [
        [
          {
            "test_type": "HasPersonalityTag",
            "string0": "uber",
            "boolean": true
          },
          {
            "test_type": "HasPersonalityTag",
            "string0": "naval",
            "boolean": false
          },
          {
            "test_type": "EnemySurfacePresenceOnPlanet",
            "boolean": true
          },
          {
            "test_type": "CanDeployLandFromBase",
            "boolean": true
          },
          {
            "test_type": "HaveSeenEnemyUnits",
            "unit_type_string0": "Tank",
            "boolean": false
          },
          {
            "test_type": "CanAffordBuildDemand"
          },
          {
            "test_type": "DistFromMainBase",
            "compare0": ">=",
            "value0": 350
          },
          {
            "test_type": "UnitCountInBase",
            "unit_type_string0": "Structure & (SurfaceDefense | Tactical) - (CombatFabAdvBuild & Advanced & Custom1)",
            "compare0": "<",
            "value0": 1
          },
          {
            "test_type": "UnitCountInBase",
            "unit_type_string0": "Structure & MetalProduction",
            "compare0": ">=",
            "value0": 1
          },
          {
            "test_type": "CanFindPlaceToBuild",
            "string0": "BasicLandDefenseSingle"
          }
        ]
      ],
      "placement_rules": {
        "placement_type": "FromBaseCenter",
        "unit_count_rules": [
          {
            "unit_type_string": "Structure & MetalProduction",
            "alliance": "Ally",
            "compare_type": ">=",
            "range": 35,
            "count": 1
          },
          {
            "unit_type_string": "Structure & (SurfaceDefense | Tactical) - (CombatFabAdvBuild & Advanced & Custom1)",
            "alliance": "Ally",
            "compare_type": "<",
            "range": 50,
            "count": 1
          }
        ]
      }
    },
    {
      "name": "Uber - Single Laser Defense Tower - Snipe",
      "to_build": "BasicLandDefenseSingle",
      "instance_count": 1,
      "priority": 454,
      "base_sort": "FromBuilder",
      "builders": ["UberCommander"],
      "build_conditions": [
        [
          {
            "test_type": "HasPersonalityTag",
            "string0": "uber",
            "boolean": true
          },
          {
            "test_type": "HasPersonalityTag",
            "string0": "naval",
            "boolean": false
          },
          {
            "test_type": "EnemySurfacePresenceOnPlanet",
            "boolean": true
          },
          {
            "test_type": "CanDeployLandFromBase",
            "boolean": true
          },
          {
            "test_type": "HaveSeenEnemyUnits",
            "unit_type_string0": "Bot & SelfDestruct & Basic",
            "boolean": true
          },
          {
            "test_type": "CanAffordBuildDemand"
          },
          {
            "test_type": "UnitCountInBase",
            "unit_type_string0": "Commander - Custom1",
            "compare0": ">=",
            "value0": 1
          },
          {
            "test_type": "UnitCountInBase",
            "unit_type_string0": "Structure & SurfaceDefense - Tactical - (CombatFabAdvBuild & Advanced & Custom1)",
            "compare0": "<",
            "value0": 1
          },
          {
            "test_type": "CanFindPlaceToBuild",
            "string0": "BasicLandDefenseSingle"
          }
        ]
      ],
      "placement_rules": {
        "placement_type": "FromBaseCenter",
        "unit_count_rules": [
          {
            "unit_type_string": "Structure & SurfaceDefense - Tactical - (CombatFabAdvBuild & Advanced & Custom1)",
            "alliance": "Ally",
            "compare_type": "<",
            "range": 75,
            "count": 1
          }
        ]
      }
    },
    {
      "name": "Uber - Laser Defense Tower - Mex",
      "to_build": "BasicLandDefense",
      "instance_count": 1,
      "shared_instance_count": "BasicLandDefenseMex",
      "priority": 401,
      "base_sort": "FromPerimeter",
      "builders": [
        "BasicBotFabber",
        "BasicVehicleFabber",
        "BasicAirFabber",
        "AdvancedBotFabber",
        "AdvancedVehicleFabber",
        "AdvancedAirFabber"
      ],
      "build_conditions": [
        [
          {
            "test_type": "HasPersonalityTag",
            "string0": "uber",
            "boolean": true
          },
          {
            "test_type": "HasPersonalityTag",
            "string0": "naval",
            "boolean": false
          },
          {
            "test_type": "EnemySurfacePresenceOnPlanet",
            "boolean": true
          },
          {
            "test_type": "CanDeployLandFromBase",
            "boolean": true
          },
          {
            "test_type": "CanAffordBuildDemand"
          },
          {
            "test_type": "DistFromMainBase",
            "compare0": ">=",
            "value0": 350
          },
          {
            "test_type": "UnitCountInBase",
            "unit_type_string0": "Structure & (SurfaceDefense | Tactical) - (CombatFabAdvBuild & Advanced & Custom1)",
            "compare0": "<",
            "value0": 1
          },
          {
            "test_type": "UnitCountInBase",
            "unit_type_string0": "Structure & MetalProduction",
            "compare0": ">=",
            "value0": 1
          },
          {
            "test_type": "CanFindPlaceToBuild",
            "string0": "BasicLandDefense"
          }
        ]
      ],
      "placement_rules": {
        "placement_type": "FromBaseCenter",
        "unit_count_rules": [
          {
            "unit_type_string": "Structure & MetalProduction",
            "alliance": "Ally",
            "compare_type": ">=",
            "range": 35,
            "count": 1
          },
          {
            "unit_type_string": "Structure & (SurfaceDefense | Tactical) - (CombatFabAdvBuild & Advanced & Custom1)",
            "alliance": "Ally",
            "compare_type": "<",
            "range": 50,
            "count": 1
          }
        ]
      }
    },
    {
      "name": "Uber - Laser Defense Tower - Locusts",
      "to_build": "BasicLandDefense",
      "instance_count": 1,
      "priority": 456,
      "base_sort": "FromMainBase",
      "max_num_assisters": 3,
      "builders": [
        "BasicBotFabber",
        "BasicVehicleFabber",
        "AnyUberAdvancedFabber"
      ],
      "build_conditions": [
        [
          {
            "test_type": "HasPersonalityTag",
            "string0": "uber",
            "boolean": true
          },
          {
            "test_type": "EnemySurfacePresenceOnPlanet",
            "boolean": true
          },
          {
            "test_type": "CanDeployLandFromBase",
            "boolean": true
          },
          {
            "test_type": "HaveSeenEnemyUnits",
            "unit_type_string0": "Deconstruction",
            "boolean": true
          },
          {
            "test_type": "CanAffordBuildDemand"
          },
          {
            "test_type": "UnitCountInBase",
            "unit_type_string0": "Structure & SurfaceDefense - (CombatFabAdvBuild & Advanced & Custom1)",
            "compare0": "<",
            "value0": 1
          },
          {
            "test_type": "UnitCountInBase",
            "unit_type_string0": "Structure & Advanced & (EnergyProduction | Factory)",
            "compare0": ">=",
            "value0": 3
          },
          {
            "test_type": "CanFindPlaceToBuild",
            "string0": "BasicLandDefense"
          }
        ]
      ],
      "placement_rules": {
        "placement_type": "FromBaseCenter",
        "unit_count_rules": [
          {
            "unit_type_string": "Structure & Advanced (EnergyProduction | Factory)",
            "alliance": "Ally",
            "compare_type": ">=",
            "range": 50,
            "count": 1
          },
          {
            "unit_type_string": "Structure & (SurfaceDefense | Tactical) - (CombatFabAdvBuild & Advanced & Custom1)",
            "alliance": "Ally",
            "compare_type": "<",
            "range": 110,
            "count": 1
          }
        ]
      }
    },
    {
      "name": "Uber - Advanced Laser Defense Tower - Base",
      "to_build": "AdvancedLandDefense",
      "instance_count": 1,
      "priority": 278,
      "max_num_assisters": 3,
      "base_sort": "FromMainBase",
      "builders": ["AnyUberAdvancedFabber"],
      "build_conditions": [
        [
          {
            "test_type": "HasPersonalityTag",
            "string0": "uber",
            "boolean": true
          },
          {
            "test_type": "EnemySurfacePresenceOnPlanet",
            "boolean": true
          },
          {
            "test_type": "CanDeployLandFromBase",
            "boolean": true
          },
          {
            "test_type": "HaveSeenEnemyUnits",
            "unit_type_string0": "Bot & Advanced",
            "boolean": true
          },
          {
            "test_type": "CanAffordBuildDemand"
          },
          {
            "test_type": "PlanetHighestEnemyArmyThreatRatio",
            "string0": "Land",
            "string1": "AntiSurface",
            "compare0": ">",
            "value0": 1
          },
          {
            "test_type": "UnitCountInBase",
            "unit_type_string0": "Structure & (SurfaceDefense | Tactical) - (CombatFabAdvBuild & Advanced & Custom1)",
            "compare0": "<",
            "value0": 1
          },
          {
            "test_type": "UnitCountInBase",
            "unit_type_string0": "Structure & (EnergyProduction | Factory)",
            "compare0": ">=",
            "value0": 3
          },
          {
            "test_type": "CanFindPlaceToBuild",
            "string0": "AdvancedLandDefense"
          }
        ]
      ],
      "placement_rules": {
        "placement_type": "FromBaseCenter",
        "unit_count_rules": [
          {
            "unit_type_string": "Structure & (EnergyProduction | Factory)",
            "alliance": "Ally",
            "compare_type": ">=",
            "range": 50,
            "count": 1
          },
          {
            "unit_type_string": "Structure & (SurfaceDefense | Tactical) - (CombatFabAdvBuild & Advanced & Custom1)",
            "alliance": "Ally",
            "compare_type": "<",
            "range": 75,
            "count": 1
          }
        ]
      }
    },
    {
      "name": "Uber - Catapult - Rush",
      "to_build": "TML",
      "instance_count": 1,
      "priority": 456,
      "min_num_assisters": 2,
      "max_num_assisters": 4,
      "base_sort": "FromMainBase",
      "builders": ["AnyUberAdvancedFabber"],
      "build_conditions": [
        [
          {
            "test_type": "HasPersonalityTag",
            "string0": "uber",
            "boolean": true
          },
          {
            "test_type": "CanAffordBuildDemand"
          },
          {
            "test_type": "PlanetThreat",
            "string0": "Orbital",
            "compare0": ">=",
            "value0": 1100
          },
          {
            "test_type": "UnitCountInBase",
            "unit_type_string0": "Structure & Defense - Artillery - SurfaceDefense - AirDefense - Naval",
            "compare0": "<",
            "value0": 1
          },
          {
            "test_type": "UnitCountInBase",
            "unit_type_string0": "Structure & Advanced & (SurfaceDefense | Tactical) - (CombatFabAdvBuild & Custom1)",
            "compare0": "<",
            "value0": 1
          },
          {
            "test_type": "UnitCountInBase",
            "unit_type_string0": "Structure & ((EnergyProduction & Advanced) | Factory)",
            "compare0": ">=",
            "value0": 3
          },
          {
            "test_type": "CanFindPlaceToBuild",
            "string0": "TML"
          }
        ],
        [
          {
            "test_type": "HasPersonalityTag",
            "string0": "uber",
            "boolean": true
          },
          {
            "test_type": "CanAffordBuildDemand"
          },
          {
            "test_type": "PlanetThreat",
            "string0": "Orbital",
            "compare0": ">=",
            "value0": 1100
          },
          {
            "test_type": "UnitCountInBase",
            "unit_type_string0": "Structure & Defense - Artillery - SurfaceDefense - AirDefense - Naval",
            "compare0": "<",
            "value0": 1
          },
          {
            "test_type": "UnitCountInBase",
            "unit_type_string0": "Structure & Advanced & (SurfaceDefense | Tactical) - (CombatFabAdvBuild & Custom1)",
            "compare0": "<",
            "value0": 1
          },
          {
            "test_type": "UnitCountInBase",
            "unit_type_string0": "Structure & (PlanetEngine | ControlModule)",
            "compare0": ">",
            "value0": 0
          },
          {
            "test_type": "CanFindPlaceToBuild",
            "string0": "TML"
          }
        ],
        [
          {
            "test_type": "HasPersonalityTag",
            "string0": "uber",
            "boolean": true
          },
          {
            "test_type": "CanAffordBuildDemand"
          },
          {
            "test_type": "HaveSeenEnemyUnits",
            "unit_type_string0": "Orbital & Titan",
            "boolean": true
          },
          {
            "test_type": "PlanetThreat",
            "string0": "Orbital",
            "compare0": ">=",
            "value0": 13500
          },
          {
            "test_type": "UnitCountInBase",
            "unit_type_string0": "Structure & Defense - Artillery - SurfaceDefense - AirDefense - Naval",
            "compare0": "<",
            "value0": 2
          },
          {
            "test_type": "UnitCountInBase",
            "unit_type_string0": "Structure & ((EnergyProduction & Advanced) | Factory)",
            "compare0": ">",
            "value0": 3
          },
          {
            "test_type": "CanFindPlaceToBuild",
            "string0": "TML"
          }
        ],
        [
          {
            "test_type": "HasPersonalityTag",
            "string0": "uber",
            "boolean": true
          },
          {
            "test_type": "CanAffordBuildDemand"
          },
          {
            "test_type": "PlanetThreat",
            "string0": "Orbital",
            "compare0": ">=",
            "value0": 13500
          },
          {
            "test_type": "UnitCountInBase",
            "unit_type_string0": "Structure & Defense - Artillery - SurfaceDefense - AirDefense - Naval",
            "compare0": "<",
            "value0": 2
          },
          {
            "test_type": "UnitCountInBase",
            "unit_type_string0": "Structure & (PlanetEngine | ControlModule)",
            "compare0": ">",
            "value0": 0
          },
          {
            "test_type": "CanFindPlaceToBuild",
            "string0": "TML"
          }
        ],
        [
          {
            "test_type": "HasPersonalityTag",
            "string0": "uber",
            "boolean": true
          },
          {
            "test_type": "CanAffordBuildDemand"
          },
          {
            "test_type": "BaseThreat",
            "string0": "Naval",
            "compare0": ">",
            "value0": 0
          },
          {
            "test_type": "UnitCountInBase",
            "unit_type_string0": "Structure & Defense - Artillery - SurfaceDefense - AirDefense - Naval",
            "compare0": "<",
            "value0": 1
          },
          {
            "test_type": "UnitCountOnPlanet",
            "unit_type_string0": "Structure & Factory & Naval",
            "compare0": "<",
            "value0": 1
          },
          {
            "test_type": "CanFindPlaceToBuild",
            "string0": "TML"
          }
        ]
      ],
      "placement_rules": {
        "placement_type": "FromBaseCenter",
        "unit_count_rules": [
          {
            "unit_type_string": "Commander | (Structure & ((EnergyProduction & Advanced) | Factory | PlanetEngine | ControlModule))",
            "alliance": "Ally",
            "compare_type": ">=",
            "range": 50,
            "count": 1
          },
          {
            "unit_type_string": "Structure & Advanced & Tactical",
            "alliance": "Ally",
            "compare_type": "<",
            "range": 75,
            "count": 1
          }
        ]
      }
    },
    {
      "name": "Uber - Catapult - Base",
      "to_build": "TML",
      "instance_count": 1,
      "priority": 279,
      "max_num_assisters": 3,
      "base_sort": "FromMainBase",
      "builders": ["AnyUberAdvancedFabber"],
      "build_conditions": [
        [
          {
            "test_type": "HasPersonalityTag",
            "string0": "uber",
            "boolean": true
          },
          {
            "test_type": "EnemySurfacePresenceOnPlanet",
            "boolean": true
          },
          {
            "test_type": "CanDeployLandFromBase",
            "boolean": true
          },
          {
            "test_type": "CanAffordBuildDemand"
          },
          {
            "test_type": "PlanetHighestEnemyArmyThreatRatio",
            "string0": "Land",
            "string1": "AntiSurface",
            "compare0": ">",
            "value0": 1
          },
          {
            "test_type": "UnitCountInBase",
            "unit_type_string0": "Structure & Advanced & (SurfaceDefense | Tactical) - (CombatFabAdvBuild & Custom1)",
            "compare0": "<",
            "value0": 1
          },
          {
            "test_type": "UnitCountInBase",
            "unit_type_string0": "Structure & (EnergyProduction | Factory)",
            "compare0": ">=",
            "value0": 3
          },
          {
            "test_type": "CanFindPlaceToBuild",
            "string0": "TML"
          }
        ],
        [
          {
            "test_type": "HasPersonalityTag",
            "string0": "uber",
            "boolean": true
          },
          {
            "test_type": "EnemySurfacePresenceOnPlanet",
            "boolean": true
          },
          {
            "test_type": "HaveSeenEnemyUnits",
            "unit_type_string0": "Naval & Hover",
            "boolean": true
          },
          {
            "test_type": "CanAffordBuildDemand"
          },
          {
            "test_type": "PlanetHighestEnemyArmyThreatRatio",
            "string0": "Naval",
            "string1": "AntiSurface",
            "compare0": ">",
            "value0": 1
          },
          {
            "test_type": "UnitCountInBase",
            "unit_type_string0": "Structure & Advanced & (SurfaceDefense | Tactical) - (CombatFabAdvBuild & Custom1)",
            "compare0": "<",
            "value0": 1
          },
          {
            "test_type": "UnitCountInBase",
            "unit_type_string0": "Structure & (EnergyProduction | Factory)",
            "compare0": ">=",
            "value0": 3
          },
          {
            "test_type": "CanFindPlaceToBuild",
            "string0": "TML"
          }
        ],
        [
          {
            "test_type": "HasPersonalityTag",
            "string0": "uber",
            "boolean": true
          },
          {
            "test_type": "CanAffordBuildDemand"
          },
          {
            "test_type": "SystemThreat",
            "string0": "Orbital",
            "compare0": ">=",
            "value0": 1100
          },
          {
            "test_type": "UnitCountInBase",
            "unit_type_string0": "Structure & ((EnergyProduction & Advanced) | Factory)",
            "compare0": ">=",
            "value0": 3
          },
          {
            "test_type": "UnitCountInBase",
            "unit_type_string0": "Structure & Defense - Artillery - SurfaceDefense - AirDefense - Naval",
            "compare0": "<",
            "value0": 2
          },
          {
            "test_type": "UnitCountInBase",
            "unit_type_string0": "Structure & Advanced & (SurfaceDefense | Tactical) - (CombatFabAdvBuild & Custom1)",
            "compare0": "<",
            "value0": 3
          },
          {
            "test_type": "CanFindPlaceToBuild",
            "string0": "TML"
          }
        ],
        [
          {
            "test_type": "HasPersonalityTag",
            "string0": "uber",
            "boolean": true
          },
          {
            "test_type": "CanAffordBuildDemand"
          },
          {
            "test_type": "SystemThreat",
            "string0": "Orbital",
            "compare0": ">=",
            "value0": 1100
          },
          {
            "test_type": "UnitCountInBase",
            "unit_type_string0": "Structure & (PlanetEngine | ControlModule)",
            "compare0": ">",
            "value0": 0
          },
          {
            "test_type": "UnitCountInBase",
            "unit_type_string0": "Structure & Defense - Artillery - SurfaceDefense - AirDefense - Naval",
            "compare0": "<",
            "value0": 4
          },
          {
            "test_type": "UnitCountInBase",
            "unit_type_string0": "Structure & Advanced & (SurfaceDefense | Tactical) - (CombatFabAdvBuild & Custom1)",
            "compare0": "<",
            "value0": 3
          },
          {
            "test_type": "CanFindPlaceToBuild",
            "string0": "TML"
          }
        ],
        [
          {
            "test_type": "HasPersonalityTag",
            "string0": "uber",
            "boolean": true
          },
          {
            "test_type": "CanAffordBuildDemand"
          },
          {
            "test_type": "BaseThreat",
            "string0": "Naval",
            "compare0": ">",
            "value0": 0
          },
          {
            "test_type": "UnitCountInBase",
            "unit_type_string0": "Structure & Defense - Artillery - SurfaceDefense - AirDefense - Naval",
            "compare0": "<",
            "value0": 1
          },
          {
            "test_type": "CanFindPlaceToBuild",
            "string0": "TML"
          }
        ]
      ],
      "placement_rules": {
        "placement_type": "FromBaseCenter",
        "unit_count_rules": [
          {
            "unit_type_string": "Structure & (EnergyProduction | Factory)",
            "alliance": "Ally",
            "compare_type": ">=",
            "range": 50,
            "count": 1
          },
          {
            "unit_type_string": "Structure & (SurfaceDefense | Tactical) - (CombatFabAdvBuild & Advanced & Custom1)",
            "alliance": "Ally",
            "compare_type": "<",
            "range": 75,
            "count": 1
          }
        ]
      }
    },
    {
      "name": "Uber - Catapult - Protect the Commander",
      "to_build": "TML",
      "instance_count": 1,
      "priority": 456,
      "min_num_assisters": 1,
      "max_num_assisters": 3,
      "base_sort": "FromMainBase",
      "builders": ["AnyUberAdvancedFabber"],
      "build_conditions": [
        [
          {
            "test_type": "HasPersonalityTag",
            "string0": "uber",
            "boolean": true
          },
          {
            "test_type": "CanAffordBuildDemand"
          },
          {
            "test_type": "SystemThreat",
            "string0": "Orbital",
            "compare0": ">=",
            "value0": 1100
          },
          {
            "test_type": "UnitCountInBase",
            "unit_type_string0": "Commander",
            "compare0": ">=",
            "value0": 1
          },
          {
            "test_type": "UnitCountInBase",
            "unit_type_string0": "Structure & Defense - Artillery - SurfaceDefense - AirDefense - Naval",
            "compare0": "<",
            "value0": 3
          },
          {
            "test_type": "UnitCountInBase",
            "unit_type_string0": "Structure & Advanced & (SurfaceDefense | Tactical) - (CombatFabAdvBuild & Custom1)",
            "compare0": "<",
            "value0": 2
          },
          {
            "test_type": "CanFindPlaceToBuild",
            "string0": "TML"
          }
        ]
      ],
      "placement_rules": {
        "placement_type": "FromBaseCenter",
        "unit_count_rules": [
          {
            "unit_type_string": "Structure & Advanced & (SurfaceDefense | Tactical) - (CombatFabAdvBuild & Custom1)",
            "alliance": "Ally",
            "compare_type": "<",
            "range": 75,
            "count": 1
          }
        ]
      }
    }
  ]
}
