{
  "ammo_capacity": 315,
  "ammo_demand": 20,
  "ammo_id": "/pa/units/air/l_air_carrier/l_air_carrier_ammo.json",
  "ammo_per_shot": 60,
  "ammo_source": "metal",
  "auto_attack": true,
  "base_spec": "/pa/tools/base_missile_tactical_turret/base_missile_tactical_turret.json",
  "firing_arc_pitch": 180,
  "firing_arc_yaw": 180,
  "max_range": 250,
  "pitch_range": 0,
  "pitch_rate": 180,
  "rate_of_fire": 1,
  "spread_fire": true,
  "target_layers": [
    "WL_LandHorizontal",
    "WL_WaterSurface",
    "WL_Air"
  ],
  "yaw_range": 0,
  "yaw_rate": 180
}
