{
  "display_name": "!LOC:Meteoroid",
  "description": "!LOC:Drone- Fast. Fragile. Attacks land, sea and air targets.",
  "TEMP_texelinfo": 5.39039,
  "audio": {
    "loops": {
      "move": {
        "cue": "/SE/Movement/air/carrier_drone_loop",
        "flag": "vel_changed",
        "should_start_func": "is_moving",
        "should_stop_func": "is_not_moving"
      }
    }
  },
  "base_spec": "/pa/units/air/base_flyer/base_flyer.json",
  "build_metal_cost": 90,
  "events": {
    "fired": {
      "audio_cue": "/SE/Weapons/air/carrier_drone_fire"
    }
  },
  "fx_offsets": [
    {
      "bone": "bone_root",
      "filename": "/pa/units/air/l_air_carrier/l_drone/l_drone_trail.pfx",
      "offset": [
        0,
        1.5,
        0
      ],
      "type": "moving_forward"
    },
    {
      "bone": "thrust001",
      "filename": "/pa/units/air/l_air_carrier/l_drone/l_drone_jets.pfx",
      "orientation": [
        0,
        180,
        0
      ],
      "type": "moving"
    },
    {
      "bone": "thrust002",
      "filename": "/pa/units/air/l_air_carrier/l_drone/l_drone_jets.pfx",
      "orientation": [
        0,
        180,
        0
      ],
      "type": "moving"
    }
  ],
  "guard_layer": "WL_AnySurface",
  "guard_radius": 200,
  "max_health": 60,
  "mesh_bounds": [
    4,
    4,
    2
  ],
  "model": {
    "animations": {
      "deploy": "/pa/units/air/l_air_carrier/l_drone/l_drone_anim_deploy.papa",
      "idle": "/pa/units/air/l_air_carrier/l_drone/l_drone_anim_idle.papa"
    },
    "animtree": "/pa/anim/anim_trees/drone_anim_tree.json",
    "filename": "/pa/units/air/l_air_carrier/l_drone/l_drone.papa"
  },
  "navigation": {
    "acceleration": 80,
    "bank_factor": 10,
    "brake": 30,
    "move_speed": 80,
    "turn_speed": 240,
    "vertical_speed": 200
  },
  "recon": {
    "observer": {
      "items": [
        {
          "channel": "sight",
          "layer": "surface_and_air",
          "radius": 150,
          "shape": "capsule"
        },
        {
          "channel": "sight",
          "layer": "underwater",
          "radius": 150,
          "shape": "capsule"
        }
      ]
    }
  },
  "selection_icon": {
    "diameter": -11
  },
  "tools": [
    {
      "aim_bone": "bone_root",
      "muzzle_bone": [
        "socket_muzzle001",
        "socket_muzzle002"
      ],
      "record_index": 0,
      "spec_id": "/pa/units/air/l_air_carrier/l_drone/l_drone_tool_weapon.json"
    },
    {
      "aim_bone": "bone_root",
      "record_index": 0,
      "spec_id": "/pa/units/air/l_air_carrier/l_drone/l_drone_death_tool_weapon.json"
    }
  ],
  "unit_types": [
    "UNITTYPE_Mobile",
    "UNITTYPE_Air",
    "UNITTYPE_Basic",
    "UNITTYPE_Custom1"
  ]
}
