{
  "platoon_templates": {
    "Land_Titan_Attack_Queller": {
      "units": [
        {
          "unit_types": "Bot & Titan & Mobile - Custom1",
          "min_count": 0,
          "max_count": -1,
          "squad": "Suicide"
        },
        {
          "unit_types": "Bot & Titan & Mobile & Custom1",
          "min_count": 0,
          "max_count": -1,
          "squad": "General"
        },
        {
          "unit_types": "Tank & Titan & Mobile - Custom1",
          "min_count": 0,
          "max_count": -1,
          "squad": "Artillery"
        },
        {
          "unit_types": "Tank & Titan & Mobile & Custom1",
          "min_count": 0,
          "max_count": -1,
          "squad": "Close"
        }
      ]
    },
    "Air_Titan_Attack_Queller": {
      "units": [
        {
          "unit_types": "Air & Titan & Mobile",
          "min_count": 1,
          "max_count": -1
        },
        {
          "unit_types": "Air & (Fighter | SelfDestruct)",
          "min_count": 0,
          "max_count": -1,
          "squad": "Escort"
        },
        {
          "unit_types": "Air & MissileDefense",
          "min_count": 0,
          "max_count": -1,
          "squad": "Defense"
        }
      ]
    },
    "Orbital_Titan_Attack_Queller": {
      "units": [
        {
          "unit_types": "Orbital & Titan & Mobile",
          "min_count": 1,
          "max_count": -1
        }
      ]
    }
  }
}
