{
  "platoon_templates": {
    "Teleporter_Attack_Queller": {
      "units": [
        {
          "unit_types": "(Bot & Mobile) - Fabber - AirDefense - Construction - Artillery - Tactical - Scout - SelfDestruct - Titan",
          "min_count": 0,
          "max_count": -1,
          "squad": "Fast"
        },
        {
          "unit_types": "(Tank & Mobile) - Fabber - AirDefense - Construction - Artillery - Tactical - Heavy - Scout - SelfDestruct - Titan",
          "min_count": 0,
          "max_count": -1,
          "squad": "General"
        },
        {
          "unit_types": "(Tank & Heavy & Mobile) - Titan",
          "min_count": 0,
          "max_count": -1,
          "squad": "Close"
        },
        {
          "unit_types": "(Land & Mobile & (Artillery | Tactical)) - Titan",
          "min_count": 0,
          "max_count": -1,
          "squad": "Artillery"
        },
        {
          "unit_types": "(Bot & SelfDestruct & Mobile) - Titan",
          "min_count": 0,
          "max_count": -1,
          "squad": "Suicide"
        },
        {
          "unit_types": "(Land & Mobile & AirDefense) - Fabber - Titan",
          "min_count": 0,
          "max_count": -1,
          "squad": "Defense"
        },
        {
          "unit_types": "(Land & Mobile & (Scout | Construction)) - Fabber - Titan",
          "min_count": 0,
          "max_count": -1,
          "squad": "Defense"
        }
      ]
    },
    "Orbital_Transfer_Queller": {
      "units": [
        {
          "unit_types": "Orbital & (Fighter | LaserPlatform) & Mobile - Titan",
          "min_count": 1,
          "max_count": -1
        }
      ]
    }
  }
}
