{
    "context": "client",
    "identifier": "nl.pa.wpmarshall.wpmarshall_map_pack",
    "display_name": "WPMarshall's Map Pack",
    "description": "A map pack containing a variety of unique maps including Ablegamers Systems, 15P FFA Cosmic Chaos, Seton's Clutch, HEMISPHERIC maps, and the Geography Palette. More maps to follow!",
    "author": "wpmarshall",
    "version": "1.3.9",
    "build": "112314",
    "date": "2020-05-23",
    "signature": "not yet implemented",
    "forum": "https://forums.uberent.com/threads/wpmarshalls-map-pack.71597/",
    "icon": "http://i.imgur.com/YZad3KY.jpg",
    "priority": 100,
    "enabled": true,
    "dependencies": [
        "com.pa.conundrum.cShareSystems"
    ],
    "url": "https://github.com/WPMarshall/nl.pa.wpmarshall.wpmarshall_map_pack/archive/Release.zip",
    "download": "https://cdn.palobby.com/community-mods/downloads/nl.pa.wpmarshall.wpmarshall_map_pack.zip",
    "unitList": false,
    "fileSystem": false,
    "searchable": [
        "wpmarshall",
        "map",
        "pack",
        "maps",
        "marshall",
        "planet"
    ],
    "sort": "wpmarshall's map pack",
    "authors": [
        "wpmarshall"
    ],
    "timestamp": 1590192000000,
    "companions": [],
    "scenes": {
        "load_planet": [
            "coui://ui/mods/wpmarshall/maplist.js"
        ]
    },
    "framework": false,
    "available": true,
    "titansOnly": false,
    "classicOnly": false,
    "classic": false,
    "titans": false,
    "conflicts": {}
}