{
  "display_name": "!LOC:Diplomat",
  "description": "!LOC:Planet Engine- Used to smash celestial bodies into each other. Build as many as the planet requires.",
  "TEMP_texelinfo": 39.9237,
  "atrophy_cool_down": 15.0,
  "atrophy_rate": 650,
  "audio": {
    "loops": {
      "enabled": {
        "cue": "/SE/Celestial/Planet_Engines_Loop",
        "flag": "enable_changed",
        "interplanetary": true,
        "should_start_func": "is_enabled",
        "should_stop_func": "is_disabled"
      }
    }
  },
  "base_spec": "/pa/units/land/base_structure/base_structure.json",
  "build_metal_cost": 40000,
  "build_restrictions": "Thrustable",
  "events": {
    "build_complete": {
      "audio_cue": "/SE/Build_Complete/delta_v"
    },
    "died": {
      "audio_cue": "/SE/Death/delta_v",
      "effect_scale": 1.0,
      "effect_spec": "/pa/effects/specs/default_building_explosion_large.pfx"
    }
  },
  "fx_offsets": [
    {
      "bone": "bone_thrust001",
      "filename": "/pa/units/orbital/l_delta_v_engine/delta_v_jet.pfx",
      "offset": [
        0,
        -10,
        0
      ],
      "orientation": [
        0,
        90,
        0
      ],
      "type": "enabled"
    },
    {
      "bone": "bone_thrust002",
      "filename": "/pa/units/orbital/l_delta_v_engine/delta_v_jet.pfx",
      "offset": [
        0,
        -10,
        0
      ],
      "orientation": [
        0,
        90,
        0
      ],
      "type": "enabled"
    },
    {
      "bone": "bone_thrust003",
      "filename": "/pa/units/orbital/l_delta_v_engine/delta_v_jet.pfx",
      "offset": [
        0,
        -10,
        0
      ],
      "orientation": [
        0,
        90,
        0
      ],
      "type": "enabled"
    },
    {
      "bone": "bone_thrust004",
      "filename": "/pa/units/orbital/l_delta_v_engine/delta_v_jet.pfx",
      "offset": [
        0,
        -10,
        0
      ],
      "orientation": [
        0,
        90,
        0
      ],
      "type": "enabled"
    }
  ],
  "headlights": [
    {
      "color": [
        1.0,
        1.0,
        1.0
      ],
      "far_distance": 30.0,
      "gobo": "/pa/effects/textures/gobo/spotlight_gobo.papa",
      "intensity": 3.0,
      "near_distance": 2.5,
      "near_height": 5.5,
      "near_width": 5.5,
      "offset": [
        20.4,
        20.4,
        15.6
      ],
      "orientation": [
        25.0,
        -23.0,
        0.0
      ]
    },
    {
      "color": [
        1.0,
        1.0,
        1.0
      ],
      "far_distance": 30.0,
      "gobo": "/pa/effects/textures/gobo/spotlight_gobo.papa",
      "intensity": 3.0,
      "near_distance": 2.5,
      "near_height": 5.5,
      "near_width": 5.5,
      "offset": [
        20.4,
        -20.4,
        15.6
      ],
      "orientation": [
        25.0,
        23.0,
        0.0
      ]
    },
    {
      "color": [
        1.0,
        1.0,
        1.0
      ],
      "far_distance": 30.0,
      "gobo": "/pa/effects/textures/gobo/spotlight_gobo.papa",
      "intensity": 3.0,
      "near_distance": 2.5,
      "near_height": 5.5,
      "near_width": 5.5,
      "offset": [
        -20.4,
        20.4,
        15.6
      ],
      "orientation": [
        -25.0,
        -23.0,
        0.0
      ]
    },
    {
      "color": [
        1.0,
        1.0,
        1.0
      ],
      "far_distance": 30.0,
      "gobo": "/pa/effects/textures/gobo/spotlight_gobo.papa",
      "intensity": 3.0,
      "near_distance": 2.5,
      "near_height": 5.5,
      "near_width": 5.5,
      "offset": [
        -20.4,
        -20.4,
        15.6
      ],
      "orientation": [
        -25.0,
        23.0,
        0.0
      ]
    }
  ],
  "lamps": [
    {
      "color": [
        1.0,
        0.0,
        0.0
      ],
      "intensity": 2.0,
      "offset": [
        -21.39,
        9.9,
        11.25
      ],
      "radius": 4.0
    },
    {
      "color": [
        1.0,
        0.0,
        0.0
      ],
      "intensity": 2.0,
      "offset": [
        -21.39,
        -9.9,
        11.25
      ],
      "radius": 4.0
    },
    {
      "color": [
        1.0,
        0.0,
        0.0
      ],
      "intensity": 2.0,
      "offset": [
        25.44,
        0.0,
        12.4
      ],
      "radius": 4.0
    },
    {
      "color": [
        1.0,
        1.0,
        1.0
      ],
      "intensity": 2.0,
      "offset": [
        -23.8,
        0.0,
        14.7
      ],
      "radius": 3.0
    },
    {
      "color": [
        1.0,
        1.0,
        1.0
      ],
      "intensity": 2.0,
      "offset": [
        20.4,
        20.4,
        15.6
      ],
      "radius": 3.0
    },
    {
      "color": [
        1.0,
        1.0,
        1.0
      ],
      "intensity": 2.0,
      "offset": [
        20.4,
        -20.4,
        15.6
      ],
      "radius": 3.0
    },
    {
      "color": [
        1.0,
        1.0,
        1.0
      ],
      "intensity": 2.0,
      "offset": [
        -20.4,
        20.4,
        15.6
      ],
      "radius": 3.0
    },
    {
      "color": [
        1.0,
        1.0,
        1.0
      ],
      "intensity": 2.0,
      "offset": [
        -20.4,
        -20.4,
        15.6
      ],
      "radius": 3.0
    },
    {
      "bone": "bone_cross01",
      "color": [
        1.0,
        1.0,
        1.0
      ],
      "intensity": 2.0,
      "offset": [
        14.38,
        0.0,
        2.0
      ],
      "radius": 3.0
    },
    {
      "bone": "bone_cross02",
      "color": [
        1.0,
        1.0,
        1.0
      ],
      "intensity": 2.0,
      "offset": [
        14.38,
        0.0,
        2.0
      ],
      "radius": 3.0
    },
    {
      "bone": "bone_cross03",
      "color": [
        1.0,
        1.0,
        1.0
      ],
      "intensity": 2.0,
      "offset": [
        14.38,
        0.0,
        2.0
      ],
      "radius": 3.0
    },
    {
      "bone": "bone_cross04",
      "color": [
        1.0,
        1.0,
        1.0
      ],
      "intensity": 2.0,
      "offset": [
        14.38,
        0.0,
        2.0
      ],
      "radius": 3.0
    }
  ],
  "max_health": 20000,
  "mesh_bounds": [
    65.192,
    60.94,
    58.53
  ],
  "model": {
    "animations": {
      "end": "/pa/units/orbital/l_delta_v_engine/l_delta_v_engine_end.papa",
      "loop": "/pa/units/orbital/l_delta_v_engine/l_delta_v_engine_loop.papa",
      "start": "/pa/units/orbital/l_delta_v_engine/l_delta_v_engine_start.papa"
    },
    "animtree": "/pa/anim/anim_trees/constant_idle_transition_anim_tree.json",
    "filename": "/pa/units/orbital/l_delta_v_engine/l_delta_v_engine.papa"
  },
  "orbital_thruster": {
    "power": 1
  },
  "physics": {
    "collision_layers": "WL_AnyHorizontalGroundOrWaterSurface"
  },
  "recon": {
    "observable": {
      "always_visible": true
    },
    "observer": {
      "items": [
        {
          "channel": "sight",
          "layer": "surface_and_air",
          "radius": 110,
          "shape": "capsule"
        },
        {
          "channel": "sight",
          "layer": "underwater",
          "radius": 110,
          "shape": "capsule"
        }
      ]
    }
  },
  "selection_icon": {
    "diameter": -69.0,
    "vertical_offset": 3.0
  },
  "unit_types": [
    "UNITTYPE_Factory",
    "UNITTYPE_Construction",
    "UNITTYPE_Structure",
    "UNITTYPE_Land",
    "UNITTYPE_PlanetEngine",
    "UNITTYPE_Advanced",
    "UNITTYPE_FabAdvBuild",
    "UNITTYPE_Important",
    "UNITTYPE_Custom1"
  ]
}
