{
  "build_list": [
    {
      "name": "Casual - Orbital Scout",
      "to_build": "Orbital_Scout_Queller",
      "instance_count": 1,
      "priority": 210,
      "build_conditions": [
        [
          {
            "test_type": "HasPersonalityTag",
            "string0": "casual",
            "boolean": true
          },
          {
            "test_type": "PlanetIsGasGiant",
            "boolean": false
          },
          {
            "test_type": "ThisPlanetNeedsReconAssistance",
            "boolean": false
          },
          {
            "test_type": "UnitCountOnPlanet",
            "unit_type_string0": "Orbital & (Recon | Scout) & Mobile",
            "compare0": ">=",
            "value0": 1
          }
        ]
      ],
      "task_type": "Scout"
    },
    {
      "name": "Casual - Orbital Recon Platoon",
      "to_build": "Orbital_Scout_Queller",
      "instance_count": -1,
      "priority": 200,
      "build_conditions": [
        [
          {
            "test_type": "HasPersonalityTag",
            "string0": "casual",
            "boolean": true
          },
          {
            "test_type": "PlanetIsGasGiant",
            "boolean": false
          },
          {
            "test_type": "UnitPoolCount",
            "unit_type_string0": "Orbital & (Recon | Scout) & Mobile",
            "compare0": ">=",
            "value0": 1
          }
        ]
      ],
      "task_type": "OrbitalRecon"
    }
  ]
}
