{
    "context": "server",
    "identifier": "uk.pa.tetctree.server",
    "display_name": "multiple Biomes for System Designers",
    "description": "Oasis, Mountain, Rainforest, ice",
    "author": "TheEffectTheCause",
    "version": "0.4.7",
    "build": "108271",
    "date": "2019-01-10",
    "signature": "not yet implemented",
    "forum": "https://forums.uberent.com/threads/multiple-biomes-for-system-designers.72985/#post-1147105",
    "icon": "http://az592774.vo.msecnd.net/pgl-release/Images/LuxuryImages/36113/36113_36113_A4181494_IMG_01.jpg",
    "scenes": {
        "system_editor": [
            "coui://ui/mods/bm/bm.js"
        ]
    },
    "searchable": [
        "multiple",
        "biomes",
        "system",
        "designers",
        "editor",
        "theeffectthecause"
    ],
    "priority": 100,
    "enabled": true,
    "companions": [
        "uk.pa.tetctree"
    ],
    "dependencies": [
        "uk.pa.tetctree"
    ],
    "url": "https://github.com/Kingy4500/uk.pa.tetctree.server/archive/master.zip",
    "download": "https://cdn.palobby.com/community-mods/downloads/uk.pa.tetctree.server.zip",
    "unitList": false,
    "fileSystem": false,
    "sort": "multiple biomes for system designers",
    "authors": [
        "TheEffectTheCause"
    ],
    "timestamp": 1547078400000,
    "framework": false,
    "available": true,
    "titansOnly": false,
    "classicOnly": false,
    "classic": false,
    "titans": false,
    "conflicts": {}
}