{
    "context": "client",
    "identifier": "com.pa.raevn.rfloatframe",
    "display_name": "Floating Framework",
    "description": "Framework for creating draggable UI containers",
    "author": "LavaSnake, raevn, wondible",
    "version": "2.2",
    "build": "82369",
    "date": "2015-06-07",
    "signature": "not yet implemented",
    "forum": "https://forums.uberent.com/threads/rel-floating-framework-v2-0-73737.65658/",
    "priority": 20,
    "scenes": {
        "global_mod_list": [
            "coui://ui/mods/rfloatframe/rfloatframe.css",
            "coui://ui/mods/rfloatframe/rfloatframe.js"
        ],
        "live_game": [
            "coui://ui/mods/rfloatframe/livegameprep.js"
        ]
    },
    "enabled": true,
    "url": "https://palobby.com/mods/com.pa.raevn.rfloatframe.zip",
    "download": "https://cdn.palobby.com/community-mods/downloads/com.pa.raevn.rfloatframe.zip",
    "unitList": false,
    "fileSystem": false,
    "searchable": [
        "floating",
        "framework",
        "lavasnake",
        "raevn",
        "wondible"
    ],
    "sort": "floating framework",
    "authors": [
        "LavaSnake",
        "raevn",
        "wondible"
    ],
    "icon": "",
    "timestamp": 1433635200000,
    "dependencies": [],
    "companions": [],
    "framework": false,
    "available": true,
    "titansOnly": false,
    "classicOnly": false,
    "classic": false,
    "titans": false,
    "conflicts": {}
}