{
    "author": "nicb1, Crembels, KillerKiwiJuice, mgmetal13, zx0, Alpha2546, PRoeleert, wondible, mikeyh, Quitch, Stuart98, dom314, CptConundrum, Elodea, AndreasG, Clopse, Graushwein, N30N, Qzipco, WPMarshall, xankar",
    "build": "114351",
    "context": "client",
    "date": "2020-05-30",
    "dependencies": [
        "com.pa.legion-expansion-server"
    ],
    "description": "Adds an entirely new faction with over a hundred new units for use in skirmish and multiplayer. Cannot be used in Galactic War.",
    "display_name": "Legion Expansion Client",
    "forum": "https://forums.planetaryannihilation.com/threads/rel-legion-expansion-released.71680/",
    "icon": "https://i.imgur.com/Eal5t9L.png",
    "identifier": "com.pa.legion-expansion-client",
    "scenes": {
        "server_browser": [
            "coui://ui/mods/com.pa.legion-expansion/server_browser.js"
        ],
        "load_planet": [
            "coui://ui/mods/com.pa.legion-expansion/load_planet.js"
        ],
        "settings": [
            "coui://ui/mods/com.pa.legion-expansion/settings.js"
        ],
        "shared_build": [
            "coui://ui/mods/com.pa.legion-expansion/shared_build.js"
        ],
        "live_game_players": [
            "coui://ui/mods/com.pa.legion-expansion/live_game_players.js"
        ],
        "live_game_planets": [
            "coui://ui/mods/com.pa.legion-expansion/live_game_planets.js"
        ],
        "live_game_control_group_bar": [
            "coui://ui/mods/com.pa.legion-expansion/live_game_control_group_bar.js"
        ],
        "live_game_options_bar": [
            "coui://ui/mods/com.pa.legion-expansion/live_game_options_bar.js"
        ],
        "live_game_econ": [
            "coui://ui/mods/com.pa.legion-expansion/live_game_econ.js"
        ],
        "live_game_time_bar": [
            "coui://ui/mods/com.pa.legion-expansion/live_game_time_bar.js"
        ],
        "live_game_build_bar": [
            "coui://ui/mods/com.pa.legion-expansion/live_game_build_bar.js"
        ],
        "live_game_build_hover": [
            "coui://ui/mods/com.pa.legion-expansion/live_game_build_hover.js"
        ],
        "live_game_action_bar": [
            "coui://ui/mods/com.pa.legion-expansion/live_game_action_bar.js"
        ],
        "live_game_selection": [
            "coui://ui/mods/com.pa.legion-expansion/live_game_selection.js"
        ],
        "live_game_sandbox": [
            "coui://ui/mods/com.pa.legion-expansion/live_game_sandbox.js"
        ],
        "live_game_menu": [
            "coui://ui/mods/com.pa.legion-expansion/live_game_menu.js"
        ],
        "new_game": [
            "coui://ui/mods/com.pa.legion-expansion/new_game.js"
        ],
        "start": [
            "coui://ui/mods/com.pa.legion-expansion/start.js"
        ]
    },
    "priority": 100,
    "signature": "(not yet implemented)",
    "version": "1.13.0",
    "titansOnly": true,
    "hidden": true,
    "url": "https://cdn.palobby.com/legion-expansion/builds/Legion-Expansion-Client.zip",
    "download": "https://cdn.palobby.com/community-mods/downloads/com.pa.legion-expansion-client.zip",
    "unitList": false,
    "fileSystem": false,
    "searchable": [
        "legion",
        "expansion",
        "client",
        "titans",
        "units",
        "faction",
        "nicb1",
        "crembels",
        "killerkiwijuice",
        "mgmetal13",
        "zx0",
        "alpha2546",
        "proeleert",
        "wondible",
        "mikeyh",
        "quitch",
        "stuart98",
        "dom314",
        "cptconundrum",
        "elodea",
        "andreasg",
        "clopse",
        "graushwein",
        "n30n",
        "qzipco",
        "wpmarshall",
        "xankar"
    ],
    "sort": "legion expansion client",
    "authors": [
        "nicb1",
        "Crembels",
        "KillerKiwiJuice",
        "mgmetal13",
        "zx0",
        "Alpha2546",
        "PRoeleert",
        "wondible",
        "mikeyh",
        "Quitch",
        "Stuart98",
        "dom314",
        "CptConundrum",
        "Elodea",
        "AndreasG",
        "Clopse",
        "Graushwein",
        "N30N",
        "Qzipco",
        "WPMarshall",
        "xankar"
    ],
    "timestamp": 1590796800000,
    "companions": [],
    "framework": false,
    "available": true,
    "enabled": true,
    "classicOnly": false,
    "classic": false,
    "titans": true,
    "conflicts": {}
}