{
  "TEMP_texelinfo": 26.4567,
  "area_build_type": "Line",
  "atrophy_cool_down": 15.0,
  "atrophy_rate": 7.5,
  "audio": {
    "selection_response": {
      "cue": "/SE/Selection/structure/energy"
    }
  },
  "base_spec": "/pa/units/land/base_structure/base_structure.json",
  "build_metal_cost": 450,
  "description": "!LOC:Manufacturing- Increases maximum energy storage capacity.",
  "display_name": "!LOC:Energy Storage",
  "events": {
    "build_complete": {
      "audio_cue": "/SE/Build_Complete/energy"
    },
    "died": {
      "audio_cue": "/SE/Death/Factory",
      "effect_scale": 0.8
    }
  },
  "headlights": [
    {
      "color": [
        1.0,
        1.0,
        1.0
      ],
      "far_distance": 25.0,
      "gobo": "/pa/effects/textures/gobo/spotlight_gobo.papa",
      "intensity": 1.0,
      "near_distance": 2.5,
      "near_height": 5.5,
      "near_width": 5.5,
      "offset": [
        6.2,
        6.2,
        8.6
      ],
      "orientation": [
        26.33,
        -23.93,
        -50.68
      ]
    },
    {
      "color": [
        1.0,
        1.0,
        1.0
      ],
      "far_distance": 25.0,
      "gobo": "/pa/effects/textures/gobo/spotlight_gobo.papa",
      "intensity": 1.0,
      "near_distance": 2.5,
      "near_height": 5.5,
      "near_width": 5.5,
      "offset": [
        -6.2,
        6.2,
        8.6
      ],
      "orientation": [
        -26.34,
        -23.93,
        50.67
      ]
    },
    {
      "color": [
        1.0,
        1.0,
        1.0
      ],
      "far_distance": 25.0,
      "gobo": "/pa/effects/textures/gobo/spotlight_gobo.papa",
      "intensity": 1.0,
      "near_distance": 2.5,
      "near_height": 5.5,
      "near_width": 5.5,
      "offset": [
        6.2,
        -6.2,
        8.6
      ],
      "orientation": [
        26.33,
        23.92,
        -129.32
      ]
    },
    {
      "color": [
        1.0,
        1.0,
        1.0
      ],
      "far_distance": 25.0,
      "gobo": "/pa/effects/textures/gobo/spotlight_gobo.papa",
      "intensity": 1.0,
      "near_distance": 2.5,
      "near_height": 5.5,
      "near_width": 5.5,
      "offset": [
        -6.2,
        -6.2,
        8.6
      ],
      "orientation": [
        -26.34,
        23.92,
        129.31
      ]
    }
  ],
  "lamps": [
    {
      "color": [
        1.0,
        1.0,
        1.0
      ],
      "intensity": 1.0,
      "offset": [
        6.2,
        6.2,
        8.6
      ],
      "radius": 3.0
    },
    {
      "color": [
        1.0,
        1.0,
        1.0
      ],
      "intensity": 1.0,
      "offset": [
        -6.2,
        6.2,
        8.6
      ],
      "radius": 3.0
    },
    {
      "color": [
        1.0,
        1.0,
        1.0
      ],
      "intensity": 1.0,
      "offset": [
        6.2,
        -6.2,
        8.6
      ],
      "radius": 3.0
    },
    {
      "color": [
        1.0,
        1.0,
        1.0
      ],
      "intensity": 1.0,
      "offset": [
        -6.2,
        -6.2,
        8.6
      ],
      "radius": 3.0
    }
  ],
  "max_health": 7500,
  "mesh_bounds": [
    20,
    20,
    14.2
  ],
  "model": [
    {
      "filename": "/pa/units/land/energy_storage/energy_storage.papa",
      "layer": "WL_LandHorizontal",
      "skirt_decal": "/pa/effects/specs/skirt_energy_adv.json"
    },
    {
      "filename": "/pa/units/sea/sea_energy_storage/sea_energy_storage.papa",
      "layer": "WL_WaterSurface"
    }
  ],
  "placement_size": [
    27,
    27
  ],
  "recon": {
    "observer": {
      "items": [
        {
          "channel": "sight",
          "layer": "surface_and_air",
          "radius": 100,
          "shape": "capsule"
        },
        {
          "channel": "sight",
          "layer": "underwater",
          "radius": 100,
          "shape": "capsule"
        }
      ]
    }
  },
  "selection_icon": {
    "diameter": 31
  },
  "spawn_layers": "WL_AnyHorizontalGroundOrWaterSurface",
  "storage": {
    "energy": 100000
  },
  "unit_types": [
    "UNITTYPE_Structure",
    "UNITTYPE_Basic",
    "UNITTYPE_CmdBuild",
    "UNITTYPE_FabBuild",
    "UNITTYPE_FabAdvBuild",
    "UNITTYPE_Economy"
  ],
  "fx_offsets": [
    {
      "type": "idle",
      "filename": "/pa/units/land/energy_storage/energy_storage.pfx",
      "offset": [
        0,
        0,
        5
      ]
    },
    {
      "type": "idle",
      "bone": "bone_antenna01",
      "filename": "/pa/effects/specs/stable_light_2.pfx",
      "offset": [
        5.15,
        5.15,
        13
      ]
    },
    {
      "type": "idle",
      "bone": "bone_antenna01",
      "filename": "/pa/effects/specs/stable_light_2.pfx",
      "offset": [
        -5.15,
        -5.15,
        13
      ]
    },
    {
      "type": "idle",
      "bone": "bone_antenna01",
      "filename": "/pa/effects/specs/stable_light_2.pfx",
      "offset": [
        -5.15,
        5.15,
        13
      ]
    },
    {
      "type": "idle",
      "bone": "bone_antenna01",
      "filename": "/pa/effects/specs/stable_light_2.pfx",
      "offset": [
        5.15,
        -5.15,
        13
      ]
    }
  ]
}