{
  "base_spec": "/pa/ammo/torpedo/torpedo.json",
  "cruise_height": 2,
  "damage": 250,
  "events": {
    "died": {
      "effect_spec": "/pa/units/sea/nuclear_sub/nuclear_sub_ammo_hit.pfx"
    }
  },
  "fx_trail": {
    "filename": "/pa/units/sea/nuclear_sub/nuclear_sub_ammo_trail.pfx"
  },
  "initial_velocity": 5.0,
  "lifetime": 4.0,
  "max_velocity": 50.0,
  "model": {
    "filename": "/pa/units/sea/torpedo/torpedo.papa"
  },
  "physics": {
    "add_to_spatial_db": true
  },
  "turn_rate": 120
}
