{
  "display_name": "!LOC:Thor",
  "description": "!LOC:Siege Titan- Equipped with an arsenal of highly destructive weapons. Attacks land, sea, seabed and undersea targets.",
  "TEMP_texelinfo": 35.2973,
  "atrophy_cool_down": 15.0,
  "atrophy_rate": 200.0,
  "attack_range_frac": 0.625,
  "audio": {
    "loops": {
      "move": {
        "cue": "",
        "flag": "vel_changed",
        "should_start_func": "is_moving",
        "should_stop_func": "is_not_moving"
      }
    },
    "selection_response": {
      "cue": "/SE/Selection/titan/bot"
    }
  },
  "base_spec": "/pa/units/land/base_bot/base_bot.json",
  "build_metal_cost": 30000,
  "command_caps": [
    "ORDER_Move",
    "ORDER_Patrol",
    "ORDER_Attack",
    "ORDER_Assist"
  ],
  "death": {
    "decals": [
      "/pa/effects/specs/scorch_titan_01.json"
    ]
  },
  "death_weapon": {
    "ground_ammo_spec": "/pa/units/land/titan_bot/titan_bot_ammo_death.json"
  },
  "events": {
    "build_complete": {
      "audio_cue": "/SE/Build_Complete/Titan_Complete"
    },
    "died": {
      "audio_cue": "",
      "effect_scale": 1.0,
      "effect_spec": "/pa/units/land/l_titan_bot/titan_bot_death.pfx"
    },
    "fired0": {
      "audio_cue": "/SE/Weapons/sea/T2_battleship_fire",
      "effect_spec": "/pa/effects/specs/big_gun_smoke.pfx socket_muzzleLeftBottom /pa/effects/specs/big_gun_smoke.pfx socket_muzzleLeftTop /pa/units/land/titan_vehicle/titan_vehicle_main_muzzle_flash.pfx socket_muzzleLeftTop"
    },
    "fired1": {
      "audio_cue": "/SE/Weapons/bot/sniper_fire",
      "effect_spec": "/pa/units/land/l_titan_bot/muzzle_flash.pfx socket_rightMuzzle"
    },
    "fired2": {
      "audio_cue": "/SE/Weapons/structure/tact_mis_launcher_catapult_fire",
      "effect_spec": "/pa/units/land/l_titan_bot/vent_smoke.pfx rocket004 /pa/units/land/l_titan_bot/vent_smoke.pfx rocket014"
    },
    "fired3": {
      "audio_cue": "/SE/Weapons/sea/T2_battleship_fire",
      "effect_scale": 0.2
    }
  },
  "fx_offsets": [
    {
      "bone": "socket_rightMuzzle",
      "filename": "/pa/units/land/l_titan_bot/electricity_field.pfx",
      "offset": [
        0,
        -3,
        0
      ],
      "type": "idle"
    },
    {
      "bone": "socket_rightMuzzle",
      "filename": "/pa/units/land/l_titan_bot/back_smoke.pfx",
      "offset": [
        20,
        35.5,
        15
      ],
      "type": "idle"
    },
    {
      "bone": "socket_rightMuzzle",
      "filename": "/pa/units/land/l_titan_bot/back_fire.pfx",
      "offset": [
        20,
        36.5,
        15
      ],
      "type": "moving_forward"
    }
  ],
  "guard_layer": "WL_AnySurface",
  "has_death_effects": true,
  "max_health": 80000,
  "mesh_bounds": [
    25,
    25,
    60
  ],
  "model": {
    "animations": {
      "walk": "/pa/units/land/l_titan_bot/l_titan_bot_walk.papa"
    },
    "animtree": "/pa/anim/anim_trees/l_titan_bot_anim_tree.json",
    "filename": "/pa/units/land/l_titan_bot/l_titan_bot.papa",
    "walk_speed": 15
  },
  "navigation": {
    "acceleration": 10,
    "brake": 10,
    "maintain_priority_target": true,
    "move_speed": 11,
    "park_stamp": {
      "cost": 10,
      "shape": "sphere",
      "type_data": [
        {
          "move_type": "land-small",
          "stamp_type": "structure"
        },
        {
          "move_type": "amphibious",
          "stamp_type": "structure"
        },
        {
          "move_type": "amphibious-large",
          "stamp_type": "simple"
        },
        {
          "move_type": "hover",
          "stamp_type": "structure"
        },
        {
          "move_type": "hover-large",
          "stamp_type": "simple"
        },
        {
          "move_type": "deepwater",
          "stamp_type": "structure"
        },
        {
          "move_type": "underwater",
          "stamp_type": "structure"
        }
      ]
    },
    "turn_accel": 40,
    "turn_in_place": true,
    "turn_speed": 50,
    "type": "amphibious-large"
  },
  "physics": {
    "orient_interp_rate": 50.0,
    "radius": 7
  },
  "recon": {
    "observer": {
      "items": [
        {
          "channel": "sight",
          "layer": "surface_and_air",
          "radius": 200,
          "shape": "capsule"
        },
        {
          "channel": "sight",
          "layer": "underwater",
          "radius": 200,
          "shape": "capsule"
        }
      ]
    }
  },
  "selection_icon": {
    "diameter": -68.0
  },
  "teleportable": null,
  "tools": [
    {
      "aim_bone": "bone_turret",
      "fire_event": "fired0",
      "muzzle_bone": [
        "socket_muzzleLeftBottom",
        "socket_muzzleLeftTop"
      ],
      "projectiles_per_fire": 2,
      "record_index": 0,
      "spec_id": "/pa/units/land/l_titan_bot/l_titan_bot_cannon_tool_weapon.json"
    },
    {
      "aim_bone": "bone_turret",
      "fire_event": "fired1",
      "muzzle_bone": "socket_rightMuzzle",
      "record_index": 1,
      "spec_id": "/pa/units/land/l_titan_bot/l_titan_bot_mega_laser_tool_weapon.json"
    },
    {
      "aim_bone": "bone_turret",
      "fire_event": "fired2",
      "muzzle_bone": [
        "rocket004",
        "rocket004",
        "rocket004",
        "rocket004",
        "rocket004",
        "rocket004",
        "rocket004",
        "rocket004",
        "rocket014",
        "rocket014",
        "rocket014",
        "rocket014",
        "rocket014",
        "rocket014",
        "rocket014",
        "rocket014"
      ],
      "projectiles_per_fire": 16,
      "record_index": 2,
      "spec_id": "/pa/units/land/l_titan_bot/l_titan_bot_rocket_tool_weapon.json"
    },
    {
      "aim_bone": "bone_rightFoot",
      "fire_event": "fired3",
      "muzzle_bone": "bone_rightFoot",
      "record_index": -1,
      "spec_id": "/pa/units/land/l_titan_bot/l_titan_bot_stomp_tool_weapon.json"
    },
    {
      "aim_bone": "bone_leftFoot",
      "fire_event": "fired3",
      "muzzle_bone": "bone_leftFoot",
      "record_index": -1,
      "spec_id": "/pa/units/land/l_titan_bot/l_titan_bot_stomp_tool_weapon.json"
    }
  ],
  "unit_types": [
    "UNITTYPE_Bot",
    "UNITTYPE_Mobile",
    "UNITTYPE_Offense",
    "UNITTYPE_Land",
    "UNITTYPE_Advanced",
    "UNITTYPE_Titan",
    "UNITTYPE_Important",
    "UNITTYPE_FabOrbBuild",
    "UNITTYPE_Custom1"
  ],
  "wreckage_health_frac": 0.7
}
