{
  "audio_loop": "/SE/Movement/missile/catapult_missile_fly_loop",
  "base_spec": "/pa/ammo/base_missiles/base_missile_tactical.json",
  "cruise_height": 75,
  "damage": 100,
  "events": {
    "died": {
      "audio_cue": "/SE/Impacts/missile_catapult",
      "effect_spec": "/pa/effects/specs/default_proj_area_explosion.pfx"
    }
  },
  "flight_type": "Staged",
  "fx_trail": {
    "filename": "/pa/units/land/l_titan_bot/trail.pfx"
  },
  "influence_radius": 400,
  "initial_velocity": 50.0,
  "lifetime": 10,
  "max_velocity": 200.0,
  "model": {
    "filename": "/pa/units/air/missile_tactical/missile_tactical.papa"
  },
  "physics": {
    "add_to_spatial_db": false,
    "gravity_scalar": 5,
    "ignore_gravity": true,
    "radius": 1
  },
  "splash_damage": 100,
  "splash_radius": 12,
  "stages": [
    {
      "ignores_LOS": true,
      "ignores_gravity": true,
      "rotates_to_velocity": true,
      "stage_duration": 250,
      "stage_turn_rate": 50
    },
    {
      "ignores_LOS": true,
      "ignores_gravity": true,
      "rotates_to_velocity": true,
      "stage_change_range": 60,
      "stage_duration": 0,
      "stage_turn_rate": 310
    },
    {
      "ignores_LOS": false,
      "ignores_gravity": false,
      "rotates_to_velocity": true,
      "stage_duration": 5000,
      "stage_turn_rate": 190
    }
  ],
  "turn_rate": 360
}
