{
  "build_list": [
    {
      "name": "Platinum - Air Scout Platoon",
      "to_build": "Air_Scout_Queller",
      "instance_count": -1,
      "priority": 200,
      "build_conditions": [
        [
          {
            "test_type": "HasPersonalityTag",
            "string0": "platinum",
            "boolean": true
          },
          {
            "test_type": "UnitCountOnPlanet",
            "unit_type_string0": "Air & Scout",
            "compare0": ">=",
            "value0": 1
          }
        ]
      ],
      "task_type": "Scout"
    },
    {
      "name": "Platinum - Fighter Scout Platoon",
      "to_build": "Fighter_Scout_Queller",
      "instance_count": 1,
      "priority": 200,
      "build_conditions": [
        [
          {
            "test_type": "HasPersonalityTag",
            "string0": "platinum",
            "boolean": true
          },
          {
            "test_type": "EnemyAirPresenceOnPlanet",
            "boolean": true
          },
          {
            "test_type": "PlanetHighestEnemyArmyThreat",
            "string0": "Air",
            "compare0": ">",
            "value0": 0
          },
          {
            "test_type": "UnitCountOnPlanet",
            "unit_type_string0": "Air & Fighter & Basic",
            "compare0": ">=",
            "value0": 1
          },
          {
            "test_type": "UnitCountPerPlanetRadius",
            "unit_type_string0": "Air & Fighter & Basic",
            "compare0": "<",
            "value0": 250
          }
        ]
      ],
      "task_type": "Scout"
    },
    {
      "name": "Platinum - Land Scout Platoon",
      "to_build": "Land_Scout_Queller",
      "instance_count": 2,
      "priority": 200,
      "build_conditions": [
        [
          {
            "test_type": "HasPersonalityTag",
            "string0": "platinum",
            "boolean": true
          },
          {
            "test_type": "HaveFullPlanetIntel",
            "boolean": false
          },
          {
            "test_type": "UnitPoolCount",
            "unit_type_string0": "Land & Scout",
            "compare0": ">=",
            "value0": 1
          },
          {
            "test_type": "UnitCountOnPlanet",
            "unit_type_string0": "Air & Scout",
            "compare0": "<",
            "value0": 1
          }
        ],
        [
          {
            "test_type": "HasPersonalityTag",
            "string0": "platinum",
            "boolean": true
          },
          {
            "test_type": "ThisPlanetNeedsReconAssistance",
            "boolean": true
          },
          {
            "test_type": "UnitPoolCount",
            "unit_type_string0": "Land & Scout",
            "compare0": ">=",
            "value0": 1
          }
        ]
      ],
      "task_type": "Scout"
    },
    {
      "name": "Platinum - Bot Scout Platoon",
      "to_build": "Bot_Scout_Queller",
      "instance_count": 3,
      "priority": 200,
      "build_conditions": [
        [
          {
            "test_type": "HasPersonalityTag",
            "string0": "platinum",
            "boolean": true
          },
          {
            "test_type": "HaveFullPlanetIntel",
            "boolean": false
          },
          {
            "test_type": "UnitCountOnPlanet",
            "unit_type_string0": "Air & Scout",
            "compare0": "<",
            "value0": 1
          },
          {
            "test_type": "UnitPoolCount",
            "unit_type_string0": "Bot & Mobile & Basic - Fabber - AirDefense - Construction - Artillery - Tactical - Heavy - SelfDestruct - Deconstruction - Titan",
            "compare0": ">=",
            "value0": 1
          }
        ],
        [
          {
            "test_type": "HasPersonalityTag",
            "string0": "platinum",
            "boolean": true
          },
          {
            "test_type": "HaveFullPlanetIntel",
            "boolean": false
          },
          {
            "test_type": "UnitPoolCount",
            "unit_type_string0": "Bot & Scout",
            "compare0": ">=",
            "value0": 1
          },
          {
            "test_type": "UnitCountOnPlanet",
            "unit_type_string0": "Air & Scout",
            "compare0": "<",
            "value0": 1
          }
        ],
        [
          {
            "test_type": "HasPersonalityTag",
            "string0": "platinum",
            "boolean": true
          },
          {
            "test_type": "ThisPlanetNeedsReconAssistance",
            "boolean": true
          },
          {
            "test_type": "UnitPoolCount",
            "unit_type_string0": "Bot & Scout",
            "compare0": ">=",
            "value0": 1
          }
        ]
      ],
      "task_type": "Scout"
    },
    {
      "name": "Platinum - Stryker Scout Platoon",
      "to_build": "Stryker_Scout_Queller",
      "instance_count": 5,
      "priority": 200,
      "build_conditions": [
        [
          {
            "test_type": "HasPersonalityTag",
            "string0": "platinum",
            "boolean": true
          },
          {
            "test_type": "AloneOnPlanet",
            "boolean": false
          },
          {
            "test_type": "EnemyPresenceOnPlanet",
            "boolean": false
          },
          {
            "test_type": "HaveFullPlanetIntel",
            "boolean": false
          },
          {
            "test_type": "UnitPoolCount",
            "unit_type_string0": "(Tank & Basic & Mobile) - Hover - Fabber - AirDefense - Construction - Artillery - Heavy - Scout - SelfDestruct - Deconstruction - Titan",
            "compare0": ">=",
            "value0": 1
          }
        ]
      ],
      "task_type": "Scout"
    },
    {
      "name": "Platinum - Naval Scout Platoon",
      "to_build": "Naval_Scout_Queller",
      "instance_count": 2,
      "priority": 200,
      "build_conditions": [
        [
          {
            "test_type": "HasPersonalityTag",
            "string0": "platinum",
            "boolean": true
          },
          {
            "test_type": "HaveFullPlanetIntel",
            "boolean": false
          },
          {
            "test_type": "UnitPoolCount",
            "unit_type_string0": "Naval & Scout",
            "compare0": ">=",
            "value0": 1
          }
        ]
      ],
      "task_type": "Scout"
    },
    {
      "name": "Platinum - Orbital Recon Platoon",
      "to_build": "Orbital_Scout_Queller",
      "instance_count": -1,
      "priority": 200,
      "build_conditions": [
        [
          {
            "test_type": "HasPersonalityTag",
            "string0": "platinum",
            "boolean": true
          },
          {
            "test_type": "PlanetIsGasGiant",
            "boolean": false
          },
          {
            "test_type": "UnitPoolCount",
            "unit_type_string0": "Orbital & (Recon | Scout) & Mobile",
            "compare0": ">=",
            "value0": 1
          }
        ]
      ],
      "task_type": "OrbitalRecon"
    }
  ]
}
