{
    "context": "client",
    "identifier": "com.pa.trialq.tinfinitebuild",
    "display_name": "Infinite Build",
    "description": "Sets all factories to infinite build by default",
    "author": "trialq, Captain Conundrum",
    "version": "2.0.0",
    "build": "89755",
    "date": "2016-03-31",
    "signature": "not yet implemented",
    "forum": "https://forums.uberent.com/threads/64417/",
    "icon": "http://pa-mods.com/misc/tInfiniteBuild.png",
    "scenes": {
        "live_game": [
            "coui://ui/mods/tInfiniteBuild/live_game/init.js"
        ]
    },
    "priority": 100,
    "enabled": true,
    "url": "https://github.com/pamods/mods-conundrum/raw/master/zips/com.pa.trialq.tinfinitebuild_v2.0.0.zip",
    "download": "https://cdn.palobby.com/community-mods/downloads/com.pa.trialq.tinfinitebuild.zip",
    "unitList": false,
    "fileSystem": false,
    "searchable": [
        "infinite",
        "build",
        "in-game",
        "ui",
        "trialq",
        "captain conundrum"
    ],
    "sort": "infinite build",
    "authors": [
        "trialq",
        "Captain Conundrum"
    ],
    "timestamp": 1459382400000,
    "dependencies": [],
    "companions": [],
    "framework": false,
    "available": true,
    "titansOnly": false,
    "classicOnly": false,
    "classic": false,
    "titans": false,
    "conflicts": {}
}