{
  "build_list": [
    {
      "name": "Legion - Platinum - Theodor",
      "to_build": "LegionDefenseBasicArtillery",
      "instance_count": 1,
      "min_num_assisters": 1,
      "max_num_assisters": 3,
      "priority": 255,
      "base_sort": "FromPerimeter",
      "builders": ["AnyLegionFabberBasic", "AnyLegionFabberAdvanced"],
      "build_conditions": [
        [
          {
            "test_type": "HasPersonalityTag",
            "string0": "platinum",
            "boolean": true
          },
          {
            "test_type": "EnemySurfacePresenceOnPlanet",
            "boolean": true
          },
          {
            "test_type": "PlanetIsRespawnable",
            "boolean": false
          },
          {
            "test_type": "CanAffordBuildDemand"
          },
          {
            "test_type": "UnitCountInBase",
            "unit_type_string0": "Structure & Artillery & Basic",
            "compare0": "<",
            "value0": 1
          },
          {
            "test_type": "UnitCountInBase",
            "unit_type_string0": "Structure & (EnergyProduction | Factory)",
            "compare0": ">=",
            "value0": 3
          },
          {
            "test_type": "UnitCountAroundBase",
            "unit_type_string0": "Structure - MetalProduction",
            "string0": "Enemy",
            "value0": 245,
            "compare0": ">=",
            "value1": 1
          },
          {
            "test_type": "CanFindPlaceToBuild",
            "string0": "LegionDefenseBasicArtillery"
          }
        ]
      ],
      "placement_rules": {
        "placement_type": "FromBaseCenter",
        "threat": {
          "influence_type": "AntiSurface",
          "compare_type": "<",
          "radius": 10,
          "value": 50
        }
      }
    },
    {
      "name": "Legion - Platinum - Gustav",
      "to_build": "LegionDefenseAdvancedArtillery",
      "instance_count": 1,
      "shared_instance_count": "Artillery",
      "min_num_assisters": 3,
      "max_num_assisters": 6,
      "priority": 360,
      "base_sort": "FromPerimeter",
      "builders": ["AnyLegionFabberAdvanced"],
      "build_conditions": [
        [
          {
            "test_type": "HasPersonalityTag",
            "string0": "platinum",
            "boolean": true
          },
          {
            "test_type": "EnemySurfacePresenceOnPlanet",
            "boolean": true
          },
          {
            "test_type": "PlanetIsRespawnable",
            "boolean": false
          },
          {
            "test_type": "CanAffordBuildDemand"
          },
          {
            "test_type": "UnitCountInBase",
            "unit_type_string0": "Structure & (EnergyProduction | Factory)",
            "compare0": ">=",
            "value0": 3
          },
          {
            "test_type": "UnitCountInBase",
            "unit_type_string0": "Structure & Artillery & Advanced",
            "compare0": "<",
            "value0": 1
          },
          {
            "test_type": "UnitCountAroundBase",
            "unit_type_string0": "Structure - MetalProduction",
            "string0": "Enemy",
            "value0": 375,
            "compare0": ">=",
            "value1": 10
          },
          {
            "test_type": "CanFindPlaceToBuild",
            "string0": "LegionDefenseAdvancedArtillery"
          }
        ]
      ],
      "placement_rules": {
        "buffer": 2,
        "placement_type": "FromBaseCenter",
        "threat": {
          "influence_type": "AntiSurface",
          "compare_type": "<",
          "radius": 10,
          "value": 50
        }
      }
    },
    {
      "name": "Legion - Platinum - Gustav - Shield",
      "to_build": "LegionDefenseAdvancedArtillery",
      "instance_count": 1,
      "shared_instance_count": "Artillery",
      "min_num_assisters": 3,
      "max_num_assisters": 6,
      "priority": 360,
      "base_sort": "FromPerimeter",
      "builders": ["AnyLegionFabberAdvanced"],
      "build_conditions": [
        [
          {
            "test_type": "HasPersonalityTag",
            "string0": "platinum",
            "boolean": true
          },
          {
            "test_type": "EnemySurfacePresenceOnPlanet",
            "boolean": true
          },
          {
            "test_type": "PlanetIsRespawnable",
            "boolean": false
          },
          {
            "test_type": "CanAffordBuildDemand"
          },
          {
            "test_type": "UnitCountInBase",
            "unit_type_string0": "Structure & Advanced & SurfaceDefense & CombatFabAdvBuild & Custom1",
            "compare0": ">=",
            "value0": 1
          },
          {
            "test_type": "UnitCountInBase",
            "unit_type_string0": "Structure & Artillery & Advanced",
            "compare0": "<",
            "value0": 1
          },
          {
            "test_type": "CanFindPlaceToBuild",
            "string0": "LegionDefenseAdvancedArtillery"
          }
        ]
      ],
      "placement_rules": {
        "buffer": 2,
        "placement_type": "FromBaseCenter",
        "unit_count_rules": [
          {
            "unit_type_string": "Structure & Advanced & SurfaceDefense & CombatFabAdvBuild & Custom1",
            "alliance": "Ally",
            "compare_type": ">=",
            "range": 100,
            "count": 1
          }
        ]
      }
    },
    {
      "name": "Legion - Platinum - Supernova",
      "to_build": "LegionDefenseAdvancedNukeSilo",
      "instance_count": 1,
      "shared_instance_count": "NukeSilo",
      "min_num_assisters": 3,
      "max_num_assisters": 12,
      "priority": 360,
      "builders": ["AnyLegionFabberAdvanced"],
      "build_conditions": [
        [
          {
            "test_type": "HasPersonalityTag",
            "string0": "platinum",
            "boolean": true
          },
          {
            "test_type": "AloneOnPlanet",
            "boolean": false
          },
          {
            "test_type": "PlanetIsRespawnable",
            "boolean": false
          },
          {
            "test_type": "PlanetHighestEnemyArmyThreatRatio",
            "string0": "Land",
            "string1": "AntiSurface",
            "compare0": "<",
            "value0": 1
          },
          {
            "test_type": "CanAffordPotentialDrain",
            "string0": "LegionDefenseAdvancedNukeSilo"
          },
          {
            "test_type": "UnitCountOnPlanet",
            "unit_type_string0": "Fabber - Orbital",
            "compare0": ">=",
            "value0": 20
          },
          {
            "test_type": "CanFindPlaceToBuild",
            "string0": "LegionDefenseAdvancedNukeSilo"
          }
        ]
      ],
      "placement_rules": {
        "buffer": 2,
        "threat": {
          "influence_type": "AntiSurface",
          "compare_type": "<",
          "radius": 10,
          "value": 50
        }
      }
    },
    {
      "name": "Legion - Platinum - Supernova - Rush",
      "to_build": "LegionDefenseAdvancedNukeSilo",
      "instance_count": 1,
      "shared_instance_count": "NukeSilo",
      "min_num_assisters": 3,
      "max_num_assisters": 12,
      "priority": 508,
      "builders": ["AnyLegionFabberAdvanced"],
      "build_conditions": [
        [
          {
            "test_type": "HasPersonalityTag",
            "string0": "platinum",
            "boolean": true
          },
          {
            "test_type": "AloneOnPlanet",
            "boolean": true
          },
          {
            "test_type": "PlanetIsRespawnable",
            "boolean": false
          },
          {
            "test_type": "CanAffordPotentialDrain",
            "string0": "LegionDefenseAdvancedNukeSilo"
          },
          {
            "test_type": "UnitCountOnPlanet",
            "unit_type_string0": "Fabber - Orbital",
            "compare0": ">=",
            "value0": 20
          },
          {
            "test_type": "CanFindPlaceToBuild",
            "string0": "LegionDefenseAdvancedNukeSilo"
          }
        ],
        [
          {
            "test_type": "HasPersonalityTag",
            "string0": "platinum",
            "boolean": true
          },
          {
            "test_type": "PlanetIsRespawnable",
            "boolean": false
          },
          {
            "test_type": "CanAffordPotentialDrain",
            "string0": "LegionDefenseAdvancedNukeSilo"
          },
          {
            "test_type": "PlanetHighestEnemyArmyThreatRatio",
            "string0": "Land",
            "string1": "AntiSurface",
            "compare0": "<",
            "value0": 1
          },
          {
            "test_type": "FocusTargetThreat",
            "string0": "AntiNuke",
            "compare0": "<=",
            "value0": 0
          },
          {
            "test_type": "UnitCountOnPlanet",
            "unit_type_string0": "Structure & Nuke",
            "compare0": "<",
            "value0": 1
          },
          {
            "test_type": "UnitCountOnPlanet",
            "unit_type_string0": "Fabber - Orbital",
            "compare0": ">=",
            "value0": 20
          },
          {
            "test_type": "CanFindPlaceToBuild",
            "string0": "LegionDefenseAdvancedNukeSilo"
          }
        ]
      ],
      "placement_rules": {
        "buffer": 2,
        "threat": {
          "influence_type": "AntiSurface",
          "compare_type": "<",
          "radius": 10,
          "value": 50
        }
      }
    },
    {
      "name": "Legion - Platinum - Diplomat",
      "to_build": "LegionDefenseAdvancedEngine",
      "instance_count": 1,
      "min_num_assisters": 8,
      "max_num_assisters": 45,
      "priority": 509,
      "builders": ["AnyLegionFabberAdvanced"],
      "build_conditions": [
        [
          {
            "test_type": "HasPersonalityTag",
            "string0": "platinum",
            "boolean": true
          },
          {
            "test_type": "AloneOnPlanet",
            "boolean": true
          },
          {
            "test_type": "PlanetIsMainEcoBase",
            "boolean": false
          },
          {
            "test_type": "PlanetIsRespawnable",
            "boolean": false
          },
          {
            "test_type": "PlanetCanBeUsedAsKineticWeapon",
            "boolean": true
          },
          {
            "test_type": "PlanetHasUseablePlanetWeapon",
            "boolean": false
          },
          {
            "test_type": "HaveThrustToMovePlanet",
            "boolean": false
          },
          {
            "test_type": "CanAffordBuildDemand"
          },
          {
            "test_type": "PlanetCount",
            "compare0": ">",
            "value0": 2
          },
          {
            "test_type": "AlliedUnitCountOnPlanet",
            "unit_type_string0": "PlanetEngine",
            "compare0": "<",
            "boolean": true,
            "value0": 1
          },
          {
            "test_type": "UnitCountOnPlanet",
            "unit_type_string0": "Factory - Orbital",
            "compare0": ">=",
            "value0": 1
          },
          {
            "test_type": "CanFindPlaceToBuild",
            "string0": "LegionDefenseAdvancedEngine"
          }
        ],
        [
          {
            "test_type": "HasPersonalityTag",
            "string0": "platinum",
            "boolean": true
          },
          {
            "test_type": "PlanetIsMainEcoBase",
            "boolean": false
          },
          {
            "test_type": "PlanetIsRespawnable",
            "boolean": true
          },
          {
            "test_type": "PlanetCanBeUsedAsKineticWeapon",
            "boolean": true
          },
          {
            "test_type": "PlanetHasUseablePlanetWeapon",
            "boolean": false
          },
          {
            "test_type": "HaveThrustToMovePlanet",
            "boolean": false
          },
          {
            "test_type": "AloneOnPlanet",
            "boolean": true
          },
          {
            "test_type": "PlanetCount",
            "compare0": ">",
            "value0": 2
          },
          {
            "test_type": "AlliedUnitCountOnPlanet",
            "unit_type_string0": "PlanetEngine",
            "compare0": "<",
            "boolean": true,
            "value0": 1
          },
          {
            "test_type": "UnitCountOnPlanet",
            "unit_type_string0": "Factory - Orbital",
            "compare0": ">=",
            "value0": 1
          },
          {
            "test_type": "CanFindPlaceToBuild",
            "string0": "LegionDefenseAdvancedEngine"
          }
        ]
      ],
      "placement_rules": {
        "buffer": 3
      }
    },
    {
      "name": "Legion - Platinum - Catalyst",
      "to_build": "LegionDefenseAdvancedModule",
      "instance_count": 1,
      "min_num_assisters": 13,
      "max_num_assisters": 100,
      "priority": 512,
      "base_sort": "FromBuilder",
      "builders": ["AnyLegionFabberAdvanced"],
      "build_conditions": [
        [
          {
            "test_type": "HasPersonalityTag",
            "string0": "platinum",
            "boolean": true
          },
          {
            "test_type": "PlanetHasUseablePlanetWeapon",
            "boolean": true
          },
          {
            "test_type": "AloneOnPlanet",
            "boolean": true
          },
          {
            "test_type": "CanAffordBuildDemand"
          },
          {
            "test_type": "PlanetCount",
            "compare0": ">",
            "value0": 1
          },
          {
            "test_type": "UnitCountOnPlanet",
            "unit_type_string0": "Fabber - Orbital",
            "compare0": ">=",
            "value0": 10
          },
          {
            "test_type": "AlliedUnitCountOnPlanet",
            "unit_type_string0": "ControlModule",
            "compare0": "<",
            "boolean": true,
            "value0": 1
          },
          {
            "test_type": "CanFindControlPointToBuild",
            "boolean": true
          }
        ]
      ]
    }
  ]
}
