{
  "build_list": [
    {
      "name": "Legion - Platinum - Radar",
      "to_build": "LegionIntelBasicRadar",
      "instance_count": 1,
      "shared_instance_count": "BasicRadar",
      "priority": 90,
      "base_sort": "FromBuilder",
      "builders": ["AnyLegionFabberBasic"],
      "build_conditions": [
        [
          {
            "test_type": "HasPersonalityTag",
            "string0": "platinum",
            "boolean": true
          },
          {
            "test_type": "AloneOnPlanet",
            "boolean": false
          },
          {
            "test_type": "CanAffordBuildDemand"
          },
          {
            "test_type": "CanAffordPotentialDrain",
            "string0": "LegionIntelBasicRadar"
          },
          {
            "test_type": "UnitCountOnPlanet",
            "unit_type_string0": "Structure & Recon",
            "compare0": "<",
            "value0": 1
          },
          {
            "test_type": "CanFindPlaceToBuild",
            "string0": "LegionIntelBasicRadar"
          }
        ]
      ],
      "placement_rules": {
        "buffer": 2,
        "placement_type": "FromBaseCenter",
        "threat": {
          "influence_type": "AntiSurface",
          "compare_type": "<",
          "radius": 10,
          "value": 50
        }
      }
    },
    {
      "name": "Legion - Platinum - Radar - Have none",
      "to_build": "LegionIntelBasicRadar",
      "instance_count": 1,
      "shared_instance_count": "BasicRadar",
      "priority": 260,
      "builders": ["AnyLegionFabberBasic"],
      "build_conditions": [
        [
          {
            "test_type": "HasPersonalityTag",
            "string0": "platinum",
            "boolean": true
          },
          {
            "test_type": "CanAffordBuildDemand"
          },
          {
            "test_type": "CanAffordPotentialDrain",
            "string0": "LegionIntelBasicRadar"
          },
          {
            "test_type": "UnitCountOnPlanet",
            "unit_type_string0": "Recon & Structure",
            "compare0": "<",
            "value0": 1
          },
          {
            "test_type": "CanFindPlaceToBuild",
            "string0": "LegionIntelBasicRadar"
          }
        ]
      ],
      "placement_rules": {
        "buffer": 2,
        "threat": {
          "influence_type": "AntiSurface",
          "compare_type": "<",
          "radius": 10,
          "value": 50
        }
      }
    },
    {
      "name": "Legion - Platinum - Overseer - Need for Ranged",
      "to_build": "LegionIntelAdvancedRadar",
      "instance_count": 1,
      "shared_instance_count": "AdvancedRadar",
      "priority": 247,
      "base_sort": "FromBuilder",
      "builders": ["AnyLegionFabberAdvanced"],
      "build_conditions": [
        [
          {
            "test_type": "HasPersonalityTag",
            "string0": "platinum",
            "boolean": true
          },
          {
            "test_type": "AloneOnPlanet",
            "boolean": false
          },
          {
            "test_type": "CanAffordBuildDemand"
          },
          {
            "test_type": "CanAffordPotentialDrain",
            "string0": "LegionIntelAdvancedRadar"
          },
          {
            "test_type": "UnitCountInBase",
            "unit_type_string0": "Land & Structure & Recon & Advanced",
            "compare0": "<",
            "value0": 1
          },
          {
            "test_type": "UnitCountInBase",
            "unit_type_string0": "Advanced & Structure & Artillery - Factory",
            "compare0": ">",
            "value0": 0
          },
          {
            "test_type": "UnitCountAroundBase",
            "unit_type_string0": "Land & Structure & Recon & Advanced",
            "string0": "Ally",
            "value0": 300,
            "compare0": "<",
            "value1": 1
          },
          {
            "test_type": "CanFindPlaceToBuild",
            "string0": "LegionIntelAdvancedRadar"
          }
        ]
      ],
      "placement_rules": {
        "buffer": 2,
        "placement_type": "FromBaseCenter",
        "threat": {
          "influence_type": "AntiSurface",
          "compare_type": "<",
          "radius": 10,
          "value": 50
        }
      }
    },
    {
      "name": "Legion - Platinum - Overseer - Have none",
      "to_build": "LegionIntelAdvancedRadar",
      "instance_count": 1,
      "shared_instance_count": "AdvancedRadar",
      "priority": 500,
      "builders": ["AnyLegionFabberAdvanced"],
      "build_conditions": [
        [
          {
            "test_type": "HasPersonalityTag",
            "string0": "platinum",
            "boolean": true
          },
          {
            "test_type": "CanAffordBuildDemand"
          },
          {
            "test_type": "CanAffordPotentialDrain",
            "string0": "LegionIntelAdvancedRadar"
          },
          {
            "test_type": "UnitCountOnPlanet",
            "unit_type_string0": "Recon & ((Structure - Basic) | Orbital)",
            "compare0": "<",
            "value0": 1
          },
          {
            "test_type": "CanFindPlaceToBuild",
            "string0": "LegionIntelAdvancedRadar"
          }
        ]
      ],
      "placement_rules": {
        "buffer": 2,
        "threat": {
          "influence_type": "AntiSurface",
          "compare_type": "<",
          "radius": 10,
          "value": 50
        }
      }
    }
  ]
}
