{
  "build_list": [
    {
      "name": "Legion - Platinum - Centurion - Mex",
      "to_build": "LegionDefenseBasicOrbitalII",
      "instance_count": 1,
      "max_num_assisters": 1,
      "priority": 251,
      "base_sort": "FromPerimeter",
      "builders": ["LegionOrbitalBasicFabber"],
      "build_conditions": [
        [
          {
            "test_type": "HasPersonalityTag",
            "string0": "platinum",
            "boolean": true
          },
          {
            "test_type": "CanAffordBuildDemand"
          },
          {
            "test_type": "SystemThreat",
            "string0": "Orbital",
            "compare0": ">",
            "value0": 0
          },
          {
            "test_type": "DistFromMainBase",
            "compare0": ">=",
            "value0": 200
          },
          {
            "test_type": "UnitCountInBase",
            "unit_type_string0": "Structure & Defense - Artillery - SurfaceDefense - AirDefense - Naval",
            "compare0": "<",
            "value0": 1
          },
          {
            "test_type": "UnitCountInBase",
            "unit_type_string0": "Structure & MetalProduction",
            "compare0": ">=",
            "value0": 1
          },
          {
            "test_type": "CanFindPlaceToBuild",
            "string0": "LegionDefenseBasicOrbitalII"
          }
        ]
      ],
      "placement_rules": {
        "placement_type": "FromBaseCenter",
        "unit_count_rules": [
          {
            "unit_type_string": "Structure & MetalProduction",
            "alliance": "Ally",
            "compare_type": ">=",
            "range": 50,
            "count": 1
          },
          {
            "unit_type_string": "Structure & OrbitalDefense",
            "alliance": "Ally",
            "compare_type": "<",
            "range": 100,
            "count": 1
          }
        ]
      }
    },
    {
      "name": "Legion - Platinum - Centurion - Base",
      "to_build": "LegionDefenseBasicOrbitalII",
      "instance_count": 1,
      "max_num_assisters": 1,
      "priority": 252,
      "base_sort": "FromMainBase",
      "builders": ["LegionOrbitalBasicFabber"],
      "build_conditions": [
        [
          {
            "test_type": "HasPersonalityTag",
            "string0": "platinum",
            "boolean": true
          },
          {
            "test_type": "CanAffordBuildDemand"
          },
          {
            "test_type": "SystemThreat",
            "string0": "Orbital",
            "compare0": ">",
            "value0": 0
          },
          {
            "test_type": "UnitCountInBase",
            "unit_type_string0": "Orbital & OrbitalDefense",
            "compare0": "<",
            "value0": 6
          },
          {
            "test_type": "UnitCountInBase",
            "unit_type_string0": "Structure & (EnergyProduction | Factory)",
            "compare0": ">=",
            "value0": 3
          },
          {
            "test_type": "CanFindPlaceToBuild",
            "string0": "LegionDefenseBasicOrbitalII"
          }
        ]
      ],
      "placement_rules": {
        "placement_type": "FromBaseCenter",
        "unit_count_rules": [
          {
            "unit_type_string": "Structure & (EnergyProduction | Factory)",
            "alliance": "Ally",
            "compare_type": ">=",
            "range": 50,
            "count": 1
          },
          {
            "unit_type_string": "Structure & OrbitalDefense",
            "alliance": "Ally",
            "compare_type": "<",
            "range": 100,
            "count": 1
          }
        ]
      }
    },
    {
      "name": "Legion - Platinum - Tola - Base",
      "to_build": "LegionDefenseBasicOrbital",
      "instance_count": 1,
      "priority": 356,
      "min_num_assisters": 1,
      "max_num_assisters": 3,
      "base_sort": "FromMainBase",
      "builders": ["AnyLegionFabberBasic", "AnyLegionFabberAdvanced"],
      "build_conditions": [
        [
          {
            "test_type": "HasPersonalityTag",
            "string0": "platinum",
            "boolean": true
          },
          {
            "test_type": "CanAffordBuildDemand"
          },
          {
            "test_type": "SystemThreat",
            "string0": "Orbital",
            "compare0": ">",
            "value0": 0
          },
          {
            "test_type": "UnitCountInBase",
            "unit_type_string0": "Structure & Defense - Artillery - SurfaceDefense - AirDefense - Naval",
            "compare0": "<",
            "value0": 2
          },
          {
            "test_type": "UnitCountInBase",
            "unit_type_string0": "Structure & ((EnergyProduction & Advanced) | Factory | PlanetEngine | ControlModule)",
            "compare0": ">=",
            "value0": 1
          },
          {
            "test_type": "CanFindPlaceToBuild",
            "string0": "LegionDefenseBasicOrbital"
          }
        ],
        [
          {
            "test_type": "HasPersonalityTag",
            "string0": "platinum",
            "boolean": true
          },
          {
            "test_type": "CanAffordBuildDemand"
          },
          {
            "test_type": "HaveSeenEnemyUnits",
            "unit_type_string0": "Factory & Artillery",
            "boolean": true
          },
          {
            "test_type": "PlanetThreat",
            "string0": "Artillery",
            "compare0": ">",
            "value0": 0
          },
          {
            "test_type": "UnitCountInBase",
            "unit_type_string0": "Structure & ((EnergyProduction & Advanced) | Factory | PlanetEngine | ControlModule)",
            "compare0": ">=",
            "value0": 1
          },
          {
            "test_type": "UnitCountInBase",
            "unit_type_string0": "Structure & Defense - Artillery - SurfaceDefense - AirDefense - Naval",
            "compare0": "<",
            "value0": 2
          },
          {
            "test_type": "CanFindPlaceToBuild",
            "string0": "LegionDefenseBasicOrbital"
          }
        ]
      ],
      "placement_rules": {
        "placement_type": "FromBaseCenter",
        "unit_count_rules": [
          {
            "unit_type_string": "Commander | (Structure & ((EnergyProduction & Advanced) | Factory | PlanetEngine | ControlModule))",
            "alliance": "Ally",
            "compare_type": ">=",
            "range": 50,
            "count": 1
          },
          {
            "unit_type_string": "Structure & Defense - Artillery - SurfaceDefense - AirDefense - Naval",
            "alliance": "Ally",
            "compare_type": "<",
            "range": 75,
            "count": 1
          }
        ]
      }
    },
    {
      "name": "Legion - Platinum - Tola - Lock Down The Planet",
      "to_build": "LegionDefenseBasicOrbital",
      "instance_count": 1,
      "priority": 355,
      "min_num_assisters": 1,
      "max_num_assisters": 3,
      "base_sort": "FromBuilder",
      "builders": ["AnyLegionFabberBasic", "AnyLegionFabberAdvanced"],
      "build_conditions": [
        [
          {
            "test_type": "HasPersonalityTag",
            "string0": "platinum",
            "boolean": true
          },
          {
            "test_type": "AloneOnPlanet",
            "boolean": true
          },
          {
            "test_type": "CanAffordBuildDemand"
          },
          {
            "test_type": "SystemThreat",
            "string0": "Orbital",
            "compare0": ">",
            "value0": 0
          },
          {
            "test_type": "UnitCountInBase",
            "unit_type_string0": "Structure & Defense - Artillery - SurfaceDefense - AirDefense - Naval",
            "compare0": "<",
            "value0": 1
          },
          {
            "test_type": "UnitCountInBase",
            "unit_type_string0": "Structure",
            "compare0": ">",
            "value0": 0
          },
          {
            "test_type": "CanFindPlaceToBuild",
            "string0": "LegionDefenseBasicOrbital"
          }
        ]
      ],
      "placement_rules": {
        "placement_type": "FromBaseCenter",
        "unit_count_rules": [
          {
            "unit_type_string": "Structure - Defense",
            "alliance": "Ally",
            "compare_type": ">=",
            "range": 100,
            "count": 1
          },
          {
            "unit_type_string": "Structure & Defense - Artillery - SurfaceDefense - AirDefense - Naval",
            "alliance": "Ally",
            "compare_type": "<",
            "range": 100,
            "count": 1
          }
        ]
      }
    }
  ]
}
