{
  "build_list": [
    {
      "name": "Platinum - Orbital Launcher - Alone/Rush",
      "to_build": "OrbitalLauncher",
      "instance_count": 1,
      "shared_instance_count": "OrbitalLauncher",
      "priority": 479,
      "min_num_assisters": 3,
      "max_num_assisters": 5,
      "base_sort": "FromMainBase",
      "builders": ["AnyUberBasicFabber", "AnyUberAdvancedFabber"],
      "build_conditions": [
        [
          {
            "test_type": "HasPersonalityTag",
            "string0": "platinum",
            "boolean": true
          },
          {
            "test_type": "AloneOnPlanet",
            "boolean": true
          },
          {
            "test_type": "PlanetWithoutPresence",
            "boolean": true
          },
          {
            "test_type": "PresenceOnOtherPlanet",
            "boolean": false
          },
          {
            "test_type": "UnitCountOnPlanet",
            "unit_type_string0": "Factory & Orbital",
            "compare0": "<",
            "value0": 1
          },
          {
            "test_type": "CanFindPlaceToBuild",
            "string0": "OrbitalLauncher"
          }
        ],
        [
          {
            "test_type": "HasPersonalityTag",
            "string0": "platinum",
            "boolean": true
          },
          {
            "test_type": "PlanetIsRespawnable",
            "boolean": false
          },
          {
            "test_type": "UnableToExpand",
            "boolean": true
          },
          {
            "test_type": "PlanetWithoutPresence",
            "boolean": true
          },
          {
            "test_type": "UnitCount",
            "unit_type_string0": "Factory & Orbital",
            "compare0": "<",
            "value0": 1
          },
          {
            "test_type": "CanFindPlaceToBuild",
            "string0": "OrbitalLauncher"
          }
        ],
        [
          {
            "test_type": "HasPersonalityTag",
            "string0": "platinum",
            "boolean": true
          },
          {
            "test_type": "PlanetWithoutPresence",
            "boolean": true
          },
          {
            "test_type": "HaveEcoForAdvanced",
            "boolean": true
          },
          {
            "test_type": "CanAffordPotentialDrain",
            "string0": "OrbitalLauncher"
          },
          {
            "test_type": "UnitCountOnPlanet",
            "unit_type_string0": "Fabber - Orbital - Naval",
            "compare0": ">=",
            "value0": 5
          },
          {
            "test_type": "UnitCount",
            "unit_type_string0": "Factory & Orbital",
            "compare0": "<",
            "value0": 1
          },
          {
            "test_type": "CanFindPlaceToBuild",
            "string0": "OrbitalLauncher"
          }
        ],
        [
          {
            "test_type": "HasPersonalityTag",
            "string0": "platinum",
            "boolean": true
          },
          {
            "test_type": "PlanetIsRespawnable",
            "boolean": false
          },
          {
            "test_type": "HaveEcoForAdvanced",
            "boolean": true
          },
          {
            "test_type": "SystemThreat",
            "string0": "Orbital",
            "compare0": ">",
            "value0": 0
          },
          {
            "test_type": "CanAffordPotentialDrain",
            "string0": "OrbitalLauncher"
          },
          {
            "test_type": "UnitCountOnPlanet",
            "unit_type_string0": "Fabber - Orbital - Naval",
            "compare0": ">=",
            "value0": 5
          },
          {
            "test_type": "UnitCount",
            "unit_type_string0": "Factory & Orbital",
            "compare0": "<",
            "value0": 1
          },
          {
            "test_type": "CanFindPlaceToBuild",
            "string0": "OrbitalLauncher"
          }
        ]
      ],
      "placement_rules": {
        "buffer": 3,
        "placement_type": "FromBaseCenter"
      }
    },
    {
      "name": "Platinum - Orbital Launcher - Response",
      "to_build": "OrbitalLauncher",
      "instance_count": 1,
      "shared_instance_count": "OrbitalLauncher",
      "priority": 377,
      "min_num_assisters": 3,
      "max_num_assisters": 5,
      "base_sort": "FromMainBase",
      "builders": ["AnyUberBasicFabber", "AnyUberAdvancedFabber"],
      "build_conditions": [
        [
          {
            "test_type": "HasPersonalityTag",
            "string0": "platinum",
            "boolean": true
          },
          {
            "test_type": "PlanetIsRespawnable",
            "boolean": false
          },
          {
            "test_type": "HaveEcoForAdvanced",
            "boolean": true
          },
          {
            "test_type": "PlanetThreat",
            "string0": "Orbital",
            "compare0": ">",
            "value0": 0
          },
          {
            "test_type": "CanAffordPotentialDrain",
            "string0": "OrbitalLauncher"
          },
          {
            "test_type": "UnitCountOnPlanet",
            "unit_type_string0": "Fabber - Orbital - Naval",
            "compare0": ">=",
            "value0": 5
          },
          {
            "test_type": "UnitCountOnPlanet",
            "unit_type_string0": "Factory & Orbital",
            "compare0": "<",
            "value0": 1
          },
          {
            "test_type": "CanFindPlaceToBuild",
            "string0": "OrbitalLauncher"
          }
        ]
      ],
      "placement_rules": {
        "buffer": 3,
        "placement_type": "FromBaseCenter"
      }
    },
    {
      "name": "Platinum - Orbital Launcher",
      "to_build": "OrbitalLauncher",
      "instance_count": 1,
      "shared_instance_count": "BasicFactory",
      "priority": 260,
      "min_num_assisters": 3,
      "max_num_assisters": 5,
      "base_sort": "FromMainBase",
      "builders": ["AnyUberBasicFabber", "AnyUberAdvancedFabber"],
      "build_conditions": [
        [
          {
            "test_type": "HasPersonalityTag",
            "string0": "platinum",
            "boolean": true
          },
          {
            "test_type": "PlanetIsRespawnable",
            "boolean": false
          },
          {
            "test_type": "CanAffordPotentialDrain",
            "string0": "OrbitalLauncher"
          },
          {
            "test_type": "PlanetCount",
            "compare0": ">",
            "value0": 1
          },
          {
            "test_type": "UnitCountOnPlanet",
            "unit_type_string0": "Fabber - Orbital - Naval",
            "compare0": ">=",
            "value0": 5
          },
          {
            "test_type": "UnitRatioOnPlanet",
            "unit_type_string0": "Factory & Orbital",
            "unit_type_string1": "Factory - Orbital",
            "compare0": "<",
            "value0": 0.05
          },
          {
            "test_type": "CanFindPlaceToBuild",
            "string0": "OrbitalLauncher"
          }
        ]
      ],
      "placement_rules": {
        "buffer": 3,
        "placement_type": "FromBaseCenter"
      }
    },
    {
      "name": "Platinum - Orbital Factory",
      "to_build": "OrbitalFactory",
      "instance_count": 1,
      "shared_instance_count": "OrbitalFactory",
      "priority": 477,
      "max_num_assisters": 5,
      "base_sort": "FromBuilder",
      "builders": ["OrbitalFabber"],
      "build_conditions": [
        [
          {
            "test_type": "HasPersonalityTag",
            "string0": "platinum",
            "boolean": true
          },
          {
            "test_type": "PlanetIsRespawnable",
            "boolean": false
          },
          {
            "test_type": "CanAffordPotentialDrain",
            "string0": "OrbitalFactory"
          },
          {
            "test_type": "CanFindPlaceToBuild",
            "string0": "OrbitalFactory"
          }
        ]
      ],
      "placement_rules": {
        "buffer": 3,
        "placement_type": "FromBaseCenter"
      }
    }
  ]
}
