{
    "context": "server",
    "identifier": "com.pa.quitch.qQuellerAI",
    "display_name": "Queller AI",
    "description": "A smarter and more humanlike non-cheating AI for all ability levels for TITANS and Legion Expansion. Easier and harder difficulties than vanilla, select one of the difficulties prefixed with a Q to play against Queller. See the forum thread below for more information on the differences between difficulties. Doesn't affect Galactic War.",
    "author": "Quitch",
    "version": "4.66.0",
    "build": "114351",
    "date": "2020-05-30",
    "signature": " ",
    "forum": "https://forums.planetaryannihilation.com/threads/server-queller-ai.65795/",
    "icon": "https://raw.githubusercontent.com/Quitch/Queller-AI/develop/images/icon.gif",
    "scenes": {
        "new_game": [
            "coui://ui/mods/com.pa.quitch.qquellerai/new_game.js"
        ]
    },
    "dependencies": [
        "com.pa.quitch.qAIModCompatibilityPatch"
    ],
    "priority": 100,
    "titansOnly": true,
    "url": "https://github.com/Quitch/Queller-AI/archive/master.zip",
    "download": "https://cdn.palobby.com/community-mods/downloads/com.pa.quitch.qQuellerAI.zip",
    "unitList": false,
    "fileSystem": false,
    "searchable": [
        "queller",
        "ai",
        "ki",
        "ia",
        "si",
        "ии",
        "电脑",
        "電腦",
        "titans",
        "skirmish",
        "quitch"
    ],
    "sort": "queller ai",
    "authors": [
        "Quitch"
    ],
    "timestamp": 1590796800000,
    "companions": [],
    "framework": false,
    "available": true,
    "enabled": true,
    "classicOnly": false,
    "classic": false,
    "titans": true,
    "conflicts": {}
}