{
    "name": "grassbm",
    "color": [0.34, 0.34, 0.14, 1],
    "base_texture": "/pa/terrain/grass/textures/base/grass_tile_diffuse.papa",
    "normal_texture": "/pa/terrain/grass/textures/base/grass_tile_normal.papa",
    "layers": [{
        "note": "0",
        "disable": true
    }, {
        "note": "1",
        "noise": {
            "scale": 4,
            "zoom": 12,
            "type": "simplex"
        }
    }, {
        "note": "2",
        "disable": false,
        "noise": {
            "scale": 2,
            "zoom": 10,
            "type": "simplex"
        },
        "inherit_weight": true
    }, {
        "note": "3",
        "noise": {
            "scale": 10,
            "zoom": 2,
            "type": "simplex"
        }
    }, {
        "note": "4",
        "inherit_noise": true
    }, {
        "note": "5",
        "inherit_noise": true
    }, {
        "note": "6",
        "inherit_noise": true
    }, {
        "note": "7",
        "inherit_noise": true
    }, {
        "note": "8",
        "inherit_noise": true
    }, {
        "note": "9",
        "inherit_noise": true
    }, {
        "note": "10",
        "inherit_noise": true
    }, {
        "note": "11",
        "inherit_noise": true
    }, {
        "note": "12",
        "inherit_noise": true
    }, {
        "note": "13",
        "inherit_noise": true
    }, {
        "note": "14",
        "inherit_noise": true
    }, {
        "note": "15",
        "inherit_noise": true
    }, {
        "note": "16",
        "inherit_noise": true
    }, {
        "note": "17",
        "inherit_noise": true
    }, {
        "note": "18",
        "inherit_noise": true
    }, {
        "note": "19",
        "inherit_noise": true
    }, {
        "note": "20",
        "inherit_noise": true
    }, {
        "note": "21",
        "inherit_noise": true
    }, {
        "note": "22",
        "inherit_noise": true
    }, {
        "note": "23",
        "inherit_noise": true
    }],
    "brushes": [{
        "layer": 0,
        "brush_spec": "/pa/terrain/grass/brushes/grass_hill_01.json",
        "op": "BO_Add",
        "proj": "BP_Bend",
        "noise_range": [0.2, 0.21],
        "threshold": 1,
        "weight": 1.0,
        "bias": 1,
        "scale": [1, 1, 1]
    }, {
        "layer": 0,
        "brush_spec": "/pa/terrain/grass/brushes/grass_hill_02.json",
        "op": "BO_Add",
        "proj": "BP_Bend",
        "noise_range": [0.3, 0.31],
        "threshold": 1,
        "weight": 1.0,
        "bias": 1,
        "scale": [1, 1, 1]
    }, {
        "layer": 0,
        "brush_spec": "/pa/terrain/grass/brushes/grass_hill_03.json",
        "op": "BO_Add",
        "proj": "BP_Bend",
        "noise_range": [0.4, 0.41],
        "threshold": 1,
        "weight": 1.0,
        "bias": 1,
        "scale": [1, 1, 1]
    }, {
        "layer": 0,
        "brush_spec": "/pa/terrain/grass/brushes/grass_hill_04.json",
        "op": "BO_Add",
        "proj": "BP_Bend",
        "noise_range": [0.5, 0.51],
        "threshold": 1,
        "weight": 1.0,
        "bias": 1,
        "scale": [1, 1, 1]
    }, {
        "layer": 0,
        "brush_spec": "/pa/terrain/grass/brushes/grass_hill_05.json",
        "op": "BO_Add",
        "proj": "BP_Bend",
        "noise_range": [0.6, 0.61],
        "threshold": 1,
        "weight": 1.0,
        "bias": 1,
        "scale": [1, 1, 1]
    }, {
        "layer": 0,
        "brush_spec": "/pa/terrain/grass/brushes/grass_hill_06.json",
        "op": "BO_Add",
        "proj": "BP_Bend",
        "noise_range": [0.7, 0.71],
        "threshold": 1,
        "weight": 1.0,
        "bias": 1,
        "scale": [1, 1, 1]
    }, {
        "layer": 0,
        "brush_spec": "/pa/terrain/grass/brushes/grass_hill_07.json",
        "op": "BO_Subtract",
        "proj": "BP_Bend",
        "noise_range": [0.8, 0.81],
        "threshold": 1,
        "weight": 1.0,
        "bias": 1,
        "scale": [1, 1, 1]
    }, {
        "layer": 0,
        "brush_spec": "/pa/terrain/grass/brushes/grass_hill_08.json",
        "op": "BO_Subtract",
        "proj": "BP_Bend",
        "noise_range": [0.9, 0.91],
        "threshold": 1,
        "weight": 1.0,
        "bias": 1,
        "scale": [1, 1, 1]
    }, {
        "note": "(Landmark - occurs only once on a planet, set to layer 3)",
        "layer": 0,
        "brush_spec": "/pa/terrain/jungle/brushes/jungle_temple.json",
        "op": "BO_Add",
        "proj": "BP_Bend",
        "noise_range": [0.2, 0.4],
        "biome_distance_range": [160, null],
        "threshold": 0,
        "weight": 1,
        "bias": 1,
        "scale": [1, 1, 1],
        "max_instances": 1,
        "planet_size_range": [400, 1000],
        "elevation_range": [0.0, 0.2]
    }],
    "features": [{
        "layer": 0	,
        "noise_range": [0.1, 2],
        "cluster_size": 13,
        "cluster_count_range": [0, 3],
		"water_distance_range": [20, 80],
        "elevation_range": [-1, 1],
        "feature_spec": "/pa/terrain/jungle/features/jungle_fern_09.json",
        "scale": [1.5, 1.5, 1.5]
    }, {
        "layer": 0,
        "noise_range": [0.4, 1.4],
        "cluster_size": 10,
        "cluster_count_range": [0, 1],
		"water_distance_range": [10, 40],
        "feature_spec": "/pa/terrain/jungle/features/jungle_fern_03.json",
        "scale": [1.4, 1.4, 1.4]
    }, {
        "layer": 5,
        "noise_range": [0.2, 1.0],
        "cluster_size": 10,
        "cluster_count_range": [0, 1],
		"water_distance_range": [20, 60],
        "elevation_range": [-1, 1],
        "feature_spec": "/pa/terrain/jungle/features/jungle_palm_02.json",
        "scale": [1, 1, 1]
    }, {
	    "layer": 6,
        "noise_range": [0.2, 1.0],
        "cluster_size": 5,
        "cluster_count_range": [0, 5],
		"water_distance_range": [20, 150],
        "elevation_range": [-1, 1],
        "feature_spec": "/pa/terrain/jungle/features/jungle_tree_02.json",
        "scale": [1, 1, 1]
    }, {
        "layer": 4,
        "noise_range": [0.0, 1],
        "cluster_size": 7,
        "cluster_count_range": [0.0, 5],
		"water_distance_range": [20, 100],
        "elevation_range": [-1, 1],
        "feature_spec": "/pa/terrain/jungle/features/jungle_tree_05.json",
        "scale": [1, 1, 1]
	 }, {
        "layer": 0,
        "noise_range": [0.1, 1.2],
        "cluster_size": 7,
        "cluster_count_range": [1, 3],
		"water_distance_range": [50, 100],
        "elevation_range": [-1, 1],
        "feature_spec": "/pa/terrain/jungle/features/jungle_fern_09.json",
        "scale": [1.4, 1.4, 1.4]
    }, {
        "layer": 14,
        "noise_range": [0.4, 0.6],
        "cluster_size": 10,
        "cluster_count_range": [0, 5],
        "elevation_range": [-1, 1],
        "feature_spec": "/pa/terrain/grass/features/grass_rock_02.json",
        "scale": [1.0, 1.0, 1.0]
    }, {
        "layer": 15,
        "noise_range": [0.4, 0.6],
        "cluster_size": 10,
        "cluster_count_range": [0, 5],
        "elevation_range": [-1, 1],
        "feature_spec": "/pa/terrain/grass/features/grass_rock_03.json",
        "scale": [1.0, 1.0, 1.0]
    }, {
        "layer": 15,
        "noise_range": [0.4, 0.6],
        "cluster_size": 4,
        "cluster_count_range": [0, 5],
        "elevation_range": [-1, 1],
        "feature_spec": "/pa/terrain/grass/features/grass_rock_04.json",
        "scale": [1.0, 1.0, 1.0]
    }, {
        "layer": 15,
        "noise_range": [0.4, 0.6],
        "cluster_size": 2,
        "cluster_count_range": [0, 5],
        "elevation_range": [-1, 1],
        "feature_spec": "/pa/terrain/grass/features/grass_rock_05.json",
        "scale": [1.0, 1.0, 1.0]
    }, {
        "layer": 18,
        "noise_range": [0.4, 0.6],
        "cluster_size": 10,
        "cluster_count_range": [0, 5],
        "elevation_range": [-1, 1],
        "feature_spec": "/pa/terrain/grass/features/grass_rock_06.json",
        "scale": [1.0, 1.0, 1.0]
    }, {
        "layer": 19,
        "noise_range": [0.4, 0.6],
        "cluster_size": 10,
        "cluster_count_range": [0, 3],
        "elevation_range": [-1, 1],
        "feature_spec": "/pa/terrain/grass/features/grass_rock_07.json",
        "scale": [1.0, 1.0, 1.0]
    }, {
        "layer": 20,
        "noise_range": [0.4, 0.6],
        "cluster_size": 10,
        "cluster_count_range": [0, 3],
        "feature_spec": "/pa/terrain/grass/features/grass_rock_08.json",
        "scale": [1.0, 1.0, 1.0]
    }, {
        "layer": 10,
        "noise_range": [0.4, 0.6],
        "cluster_size": 10,
        "cluster_count_range": [0, 3],
        "elevation_range": [-1, 1],
        "feature_spec": "/pa/terrain/grass/features/grass_rock_09.json",
        "scale": [1.0, 1.0, 1.0]
    }, {
        "layer": 22,
        "noise_range": [0.4, 0.6],
        "cluster_size": 10,
        "cluster_count_range": [0, 1],
        "elevation_range": [-1, 1],
        "feature_spec": "/pa/terrain/grass/features/grass_rock_10.json",
        "scale": [1.0, 1.0, 1.0]
    }, {
        "layer": 23,
        "noise_range": [0.4, 0.6],
        "cluster_size": 10,
        "cluster_count_range": [0, 1],
        "elevation_range": [-1, 1],
        "feature_spec": "/pa/terrain/grass/features/grass_rock_11.json",
        "scale": [1.0, 1.0, 1.0]
    }, {
        "layer": 10,
        "noise_range": [0.4, 0.6],
        "cluster_size": 10,
        "cluster_count_range": [0, 1],
        "elevation_range": [-1, 1],
        "feature_spec": "/pa/terrain/grass/features/grass_rock_12.json",
        "scale": [1.0, 1.0, 1.0]
    }],
    "decals": [{
        "layer": 8,
        "bias": 100,
        "noise_range": [0.0, 1.0],
        "pos_range": [0.0, 0.0],
        "elevation_range": [-1.0, 1.0],
        "scale": [40, 40, 1],
        "scale_variation": 0,
        "count": 1,
        "material_spec": "/pa/terrain/grass/decals/grass_decal_01.json"
    }, {
        "layer": 9,
        "bias": 200,
        "noise_range": [0.0, 1.0],
        "pos_range": [0.2, 0.2],
        "biome_distance_range": [0, 5],
        "elevation_range": [-1.0, 1.0],
        "scale": [60, 60, 1],
        "scale_variation": 0.2,
        "count": 1,
        "material_spec": "/pa/terrain/grass/decals/grass_decal_02.json"
    }, {
        "layer": 10,
        "bias": 200,
        "noise_range": [0.4, 0.5],
        "pos_range": [0.0, 0.0],
        "biome_distance_range": [70, null],
        "elevation_range": [-1.0, 1.0],
        "scale": [60, 60, 1],
        "scale_variation": 0.0,
        "count": 1,
        "material_spec": "/pa/terrain/grass/decals/grass_decal_03.json"
    }, {
        "layer": 11,
        "bias": 300,
        "noise_range": [0.0, 1.0],
        "pos_range": [0, 0],
        "elevation_range": [-1.0, 1.0],
        "water_distance_range": [-100.0, -60.0],
        "scale": [50, 50, 1],
        "scale_variation": 0,
        "count": 1,
        "material_spec": "/pa/terrain/grass/decals/grass_decal_water_01.json"
    }, {
        "layer": 12,
        "bias": 300,
        "noise_range": [0.0, 1.0],
        "pos_range": [0, 0],
        "elevation_range": [-1.0, 1.0],
        "water_distance_range": [null, -100.0],
        "scale": [50, 50, 1],
        "scale_variation": 0,
        "count": 1,
        "material_spec": "/pa/terrain/grass/decals/grass_decal_water_02.json"
    }]
}