{
  "build_list": [
    {
      "name": "Legion - Casual - Fabrication Starship",
      "to_build": "LegionOrbitalBasicFabber",
      "instance_count": 1,
      "max_num_assisters": 10,
      "priority": 97,
      "builders": ["AnyLegionFactoryOrbital"],
      "build_conditions": [
        [
          {
            "test_type": "HasPersonalityTag",
            "string0": "casual",
            "boolean": true
          },
          {
            "test_type": "UnitCountOnPlanet",
            "unit_type_string0": "Orbital & Fabber",
            "compare0": "<",
            "value0": 2
          }
        ],
        [
          {
            "test_type": "HasPersonalityTag",
            "string0": "casual",
            "boolean": true
          },
          {
            "test_type": "CanAffordPotentialDrain",
            "string0": "LegionOrbitalBasicFabber"
          },
          {
            "test_type": "UnitRatioOnPlanet",
            "unit_type_string0": "Fabber & Orbital",
            "unit_type_string1": "Factory & Orbital",
            "compare0": "<",
            "value0": 5
          }
        ]
      ]
    },
    {
      "name": "Legion - Casual - Sputnik - This Planet",
      "to_build": "LegionOrbitalBasicRadar",
      "instance_count": 1,
      "max_num_assisters": 10,
      "priority": 97,
      "builders": ["LegionFactoryBasicOrbital"],
      "build_conditions": [
        [
          {
            "test_type": "HasPersonalityTag",
            "string0": "casual",
            "boolean": true
          },
          {
            "test_type": "ThisPlanetNeedsReconAssistance",
            "boolean": true
          }
        ],
        [
          {
            "test_type": "HasPersonalityTag",
            "string0": "casual",
            "boolean": true
          },
          {
            "test_type": "AloneOnPlanet",
            "boolean": false
          },
          {
            "test_type": "UnitCountonPlanet",
            "unit_type_string0": "Orbital & (Recon | Scout) & Mobile",
            "compare0": "<",
            "value0": 1
          }
        ]
      ]
    },
    {
      "name": "Legion - Casual - Sputnik - Other Planet",
      "to_build": "LegionOrbitalBasicRadar",
      "instance_count": 1,
      "shared_instance_count": "ReconAssistance",
      "max_num_assisters": 10,
      "priority": 97,
      "builders": ["AnyLegionFactoryOrbital"],
      "build_conditions": [
        [
          {
            "test_type": "HasPersonalityTag",
            "string0": "casual",
            "boolean": true
          },
          {
            "test_type": "OtherPlanetNeedsReconAssistance",
            "boolean": true
          },
          {
            "test_type": "UnitCountInCelestialTransit",
            "unit_type_string0": "Orbital & (Recon | Scout)",
            "compare0": "<",
            "value0": 1
          }
        ]
      ]
    },
    {
      "name": "Legion - Casual - Spectre - This Planet",
      "to_build": "LegionOrbitalBasicScout",
      "instance_count": 1,
      "priority": 97,
      "builders": ["AnyLegionFactoryOrbital"],
      "build_conditions": [
        [
          {
            "test_type": "HasPersonalityTag",
            "string0": "casual",
            "boolean": true
          },
          {
            "test_type": "ThisPlanetNeedsReconAssistance",
            "boolean": true
          }
        ],
        [
          {
            "test_type": "HasPersonalityTag",
            "string0": "casual",
            "boolean": true
          },
          {
            "test_type": "AloneOnPlanet",
            "boolean": false
          },
          {
            "test_type": "UnitCountonPlanet",
            "unit_type_string0": "Orbital & (Recon | Scout) & Mobile",
            "compare0": "<",
            "value0": 1
          }
        ]
      ]
    },
    {
      "name": "Legion - Casual - Spectre - Other Planet",
      "to_build": "LegionOrbitalBasicScout",
      "instance_count": 1,
      "shared_instance_count": "ReconAssistance",
      "priority": 97,
      "builders": ["AnyLegionFactoryOrbital"],
      "build_conditions": [
        [
          {
            "test_type": "HasPersonalityTag",
            "string0": "casual",
            "boolean": true
          },
          {
            "test_type": "OtherPlanetNeedsReconAssistance",
            "boolean": true
          },
          {
            "test_type": "UnitCountInCelestialTransit",
            "unit_type_string0": "Orbital & (Recon | Scout)",
            "compare0": "<",
            "value0": 1
          }
        ]
      ]
    },
    {
      "name": "Legion - Casual - Viper",
      "to_build": "LegionOrbitalBasicFighter",
      "instance_count": -1,
      "max_num_assisters": 10,
      "priority": 97,
      "builders": ["AnyLegionFactoryOrbital"],
      "build_conditions": [
        [
          {
            "test_type": "HasPersonalityTag",
            "string0": "casual",
            "boolean": true
          }
        ]
      ]
    },
    {
      "name": "Legion - Casual - Chariot",
      "to_build": "LegionOrbitalBasicTransport",
      "instance_count": 1,
      "max_num_assisters": 10,
      "priority": 0,
      "builders": ["LegionFactoryAdvancedOrbital"],
      "build_conditions": [
        [
          {
            "test_type": "HasPersonalityTag",
            "string0": "casual",
            "boolean": true
          },
          {
            "test_type": "PlanetWithoutPresence",
            "boolean": true
          },
          {
            "test_type": "PlanetIsGasGiant",
            "boolean": false
          },
          {
            "test_type": "UnitCountOnPlanet",
            "unit_type_string0": "Orbital & Transport",
            "compare0": "<",
            "value0": 1
          }
        ]
      ]
    },
    {
      "name": "Legion - Casual - Black Knight",
      "to_build": "LegionOrbitalAdvancedLaser",
      "instance_count": -1,
      "max_num_assisters": 10,
      "priority": 97,
      "builders": ["LegionFactoryAdvancedOrbital"],
      "build_conditions": [
        [
          {
            "test_type": "HasPersonalityTag",
            "string0": "casual",
            "boolean": true
          }
        ]
      ]
    },
    {
      "name": "Legion - Casual - Kosmos - This Planet",
      "to_build": "LegionOrbitalAdvancedRadar",
      "instance_count": 1,
      "max_num_assisters": 10,
      "priority": 97,
      "builders": ["LegionFactoryAdvancedOrbital"],
      "build_conditions": [
        [
          {
            "test_type": "HasPersonalityTag",
            "string0": "casual",
            "boolean": true
          },
          {
            "test_type": "ThisPlanetNeedsReconAssistance",
            "boolean": true
          }
        ]
      ]
    },
    {
      "name": "Legion - Casual - Kosmos - Other Planet",
      "to_build": "LegionOrbitalAdvancedRadar",
      "instance_count": 1,
      "shared_instance_count": "ReconAssistance",
      "max_num_assisters": 10,
      "priority": 97,
      "builders": ["LegionFactoryAdvancedOrbital"],
      "build_conditions": [
        [
          {
            "test_type": "HasPersonalityTag",
            "string0": "casual",
            "boolean": true
          },
          {
            "test_type": "OtherPlanetNeedsReconAssistance",
            "boolean": true
          },
          {
            "test_type": "UnitCountInCelestialTransit",
            "unit_type_string0": "Orbital & Recon",
            "compare0": "<",
            "value0": 1
          }
        ]
      ]
    },
    {
      "name": "Legion - Casual - Excalibur",
      "to_build": "LegionOrbitalAdvancedSniper",
      "instance_count": -1,
      "max_num_assisters": 5,
      "priority": 97,
      "builders": ["LegionFactoryAdvancedOrbital"],
      "build_conditions": [
        [
          {
            "test_type": "HasPersonalityTag",
            "string0": "casual",
            "boolean": true
          }
        ]
      ]
    },
    {
      "name": "Legion - Casual - Imperator",
      "to_build": "LegionOrbitalAdvancedBattleship",
      "instance_count": -1,
      "max_num_assisters": 5,
      "priority": 97,
      "builders": ["LegionFactoryAdvancedOrbital"],
      "build_conditions": [
        [
          {
            "test_type": "HasPersonalityTag",
            "string0": "casual",
            "boolean": true
          }
        ]
      ]
    }
  ]
}
