{
  "build_list": [
    {
      "name": "Legion - Casual - Fabrication Barge",
      "to_build": "LegionNavalBasicFabber",
      "instance_count": 1,
      "max_num_assisters": 10,
      "priority": 100,
      "builders": ["LegionFactoryBasicNaval"],
      "build_conditions": [
        [
          {
            "test_type": "HasPersonalityTag",
            "string0": "casual",
            "boolean": true
          },
          {
            "test_type": "UnitCountOnPlanet",
            "unit_type_string0": "Fabber & Basic",
            "compare0": "<",
            "value0": 2
          }
        ],
        [
          {
            "test_type": "HasPersonalityTag",
            "string0": "casual",
            "boolean": true
          },
          {
            "test_type": "CanDeployNavalFromBase",
            "boolean": true
          },
          {
            "test_type": "CanAffordPotentialDrain",
            "string0": "LegionNavalBasicFabber"
          },
          {
            "test_type": "UnitRatioOnPlanet",
            "unit_type_string0": "Fabber & Basic & Naval",
            "unit_type_string1": "Factory & Basic & Naval",
            "compare0": "<",
            "value0": 10
          }
        ]
      ]
    },
    {
      "name": "Legion - Casual - Catfish",
      "to_build": "LegionNavalBasicScout",
      "instance_count": -1,
      "max_num_assisters": 10,
      "priority": 97,
      "builders": ["LegionFactoryBasicNaval"],
      "build_conditions": [
        [
          {
            "test_type": "HasPersonalityTag",
            "string0": "casual",
            "boolean": true
          },
          {
            "test_type": "AloneOnPlanet",
            "boolean": false
          },
          {
            "test_type": "EnemySurfacePresenceOnPlanet",
            "boolean": false
          },
          {
            "test_type": "EnemyAirPresenceOnPlanet",
            "boolean": false
          },
          {
            "test_type": "EnemyOrbitalPresenceOnPlanet",
            "boolean": false
          },
          {
            "test_type": "HaveFullPlanetIntel",
            "boolean": false
          }
        ],
        [
          {
            "test_type": "HasPersonalityTag",
            "string0": "casual",
            "boolean": true
          },
          {
            "test_type": "EnemySurfacePresenceOnPlanet",
            "boolean": true
          },
          {
            "test_type": "CanDeployNavalFromBase",
            "boolean": true
          }
        ]
      ]
    },
    {
      "name": "Legion - Casual - Bowhead",
      "to_build": "LegionNavalBasicDestroyer",
      "instance_count": -1,
      "max_num_assisters": 10,
      "priority": 97,
      "builders": ["LegionFactoryBasicNaval"],
      "build_conditions": [
        [
          {
            "test_type": "HasPersonalityTag",
            "string0": "casual",
            "boolean": true
          },
          {
            "test_type": "AloneOnPlanet",
            "boolean": false
          },
          {
            "test_type": "EnemySurfacePresenceOnPlanet",
            "boolean": false
          },
          {
            "test_type": "EnemyAirPresenceOnPlanet",
            "boolean": false
          },
          {
            "test_type": "EnemyOrbitalPresenceOnPlanet",
            "boolean": false
          },
          {
            "test_type": "HaveFullPlanetIntel",
            "boolean": false
          }
        ],
        [
          {
            "test_type": "HasPersonalityTag",
            "string0": "casual",
            "boolean": true
          },
          {
            "test_type": "EnemySurfacePresenceOnPlanet",
            "boolean": true
          },
          {
            "test_type": "CanDeployNavalFromBase",
            "boolean": true
          }
        ]
      ]
    },
    {
      "name": "Legion - Casual - Talos",
      "to_build": "LegionNavalBasicAA",
      "instance_count": -1,
      "max_num_assisters": 10,
      "priority": 97,
      "builders": ["LegionFactoryBasicNaval"],
      "build_conditions": [
        [
          {
            "test_type": "HasPersonalityTag",
            "string0": "casual",
            "boolean": true
          },
          {
            "test_type": "EnemyAirPresenceOnPlanet",
            "boolean": true
          },
          {
            "test_type": "CanDeployNavalFromBase",
            "boolean": true
          },
          {
            "test_type": "UnitRatioOnPlanet",
            "unit_type_string0": "Naval & Mobile & AirDefense",
            "unit_type_string1": "Naval & Mobile - Fabber - Hover",
            "compare0": "<",
            "value0": 0.2
          }
        ]
      ]
    },
    {
      "name": "Legion - Casual - Akula",
      "to_build": "LegionNavalBasicSub",
      "instance_count": -1,
      "max_num_assisters": 10,
      "priority": 97,
      "builders": ["LegionFactoryBasicNaval"],
      "build_conditions": [
        [
          {
            "test_type": "HasPersonalityTag",
            "string0": "casual",
            "boolean": true
          },
          {
            "test_type": "EnemySurfacePresenceOnPlanet",
            "boolean": true
          },
          {
            "test_type": "CanDeployNavalFromBase",
            "boolean": true
          }
        ]
      ]
    },
    {
      "name": "Legion - Casual - Advanced Fabrication Barge",
      "to_build": "LegionNavalAdvancedFabber",
      "instance_count": 1,
      "max_num_assisters": 10,
      "priority": 200,
      "builders": ["LegionFactoryAdvancedNaval"],
      "build_conditions": [
        [
          {
            "test_type": "HasPersonalityTag",
            "string0": "casual",
            "boolean": true
          },
          {
            "test_type": "UnitCountOnPlanet",
            "unit_type_string0": "Fabber & Advanced & Naval",
            "compare0": "<",
            "value0": 3
          }
        ],
        [
          {
            "test_type": "HasPersonalityTag",
            "string0": "casual",
            "boolean": true
          },
          {
            "test_type": "CanAffordPotentialDrain",
            "string0": "LegionNavalAdvancedFabber"
          },
          {
            "test_type": "UnitRatioOnPlanet",
            "unit_type_string0": "Fabber & Advanced & Naval",
            "unit_type_string1": "Factory & Advanced & Naval",
            "compare0": "<",
            "value0": 5
          }
        ]
      ]
    },
    {
      "name": "Legion - Casual - Remora",
      "to_build": "LegionNavalAdvancedFabberSub",
      "instance_count": 1,
      "priority": 199,
      "builders": ["LegionFactoryAdvancedNaval"],
      "build_conditions": [
        [
          {
            "test_type": "HasPersonalityTag",
            "string0": "casual",
            "boolean": true
          },
          {
            "test_type": "EnemySurfacePresenceOnPlanet",
            "boolean": true
          },
          {
            "test_type": "CanDeployNavalFromBase",
            "boolean": true
          },
          {
            "test_type": "UnitRatioOnPlanet",
            "unit_type_string0": "(Naval & Mobile & Construction) - Fabber",
            "unit_type_string1": "Naval & Mobile & Offense",
            "compare0": "<",
            "value0": 0.05
          }
        ]
      ]
    },
    {
      "name": "Legion - Casual - Epoch",
      "to_build": "LegionNavalAdvancedBattleship",
      "instance_count": -1,
      "max_num_assisters": 10,
      "priority": 199,
      "builders": ["LegionFactoryAdvancedNaval"],
      "build_conditions": [
        [
          {
            "test_type": "HasPersonalityTag",
            "string0": "casual",
            "boolean": true
          },
          {
            "test_type": "EnemySurfacePresenceOnPlanet",
            "boolean": true
          },
          {
            "test_type": "CanDeployNavalFromBase",
            "boolean": true
          }
        ]
      ]
    },
    {
      "name": "Legion - Casual - Manta",
      "to_build": "LegionNavalAdvancedTactical",
      "instance_count": 1,
      "max_num_assisters": 10,
      "priority": 199,
      "builders": ["LegionFactoryAdvancedNaval"],
      "build_conditions": [
        [
          {
            "test_type": "HasPersonalityTag",
            "string0": "casual",
            "boolean": true
          },
          {
            "test_type": "EnemySurfacePresenceOnPlanet",
            "boolean": true
          },
          {
            "test_type": "CanDeployNavalFromBase",
            "boolean": true
          }
        ]
      ]
    },
    {
      "name": "Legion - Casual - Hammerhead",
      "to_build": "LegionNavalAdvancedDestroyer",
      "instance_count": 1,
      "max_num_assisters": 10,
      "priority": 199,
      "builders": ["LegionFactoryAdvancedNaval"],
      "build_conditions": [
        [
          {
            "test_type": "HasPersonalityTag",
            "string0": "casual",
            "boolean": true
          },
          {
            "test_type": "EnemySurfacePresenceOnPlanet",
            "boolean": true
          },
          {
            "test_type": "CanDeployNavalFromBase",
            "boolean": true
          }
        ]
      ]
    },
    {
      "name": "Legion - Casual - Jaeger",
      "to_build": "LegionNavalAdvancedHover",
      "instance_count": 1,
      "max_num_assisters": 10,
      "priority": 199,
      "builders": ["LegionFactoryAdvancedNaval"],
      "build_conditions": [
        [
          {
            "test_type": "HasPersonalityTag",
            "string0": "casual",
            "boolean": true
          },
          {
            "test_type": "EnemySurfacePresenceOnPlanet",
            "boolean": true
          }
        ]
      ]
    }
  ]
}
