{
  "build_list": [
    {
      "name": "Casual - Orbital Fabber",
      "to_build": "OrbitalFabber",
      "instance_count": 1,
      "max_num_assisters": 10,
      "priority": 97,
      "builders": ["AnyUberOrbitalFactory"],
      "build_conditions": [
        [
          {
            "test_type": "HasPersonalityTag",
            "string0": "casual",
            "boolean": true
          },
          {
            "test_type": "UnitCountOnPlanet",
            "unit_type_string0": "Orbital & Fabber",
            "compare0": "<",
            "value0": 2
          }
        ],
        [
          {
            "test_type": "HasPersonalityTag",
            "string0": "casual",
            "boolean": true
          },
          {
            "test_type": "CanAffordPotentialDrain",
            "string0": "OrbitalFabber"
          },
          {
            "test_type": "UnitRatioOnPlanet",
            "unit_type_string0": "Fabber & Orbital",
            "unit_type_string1": "Factory & Orbital",
            "compare0": "<",
            "value0": 5
          }
        ]
      ]
    },
    {
      "name": "Casual - ARKYD - This Planet",
      "to_build": "BasicRadarSattelite",
      "instance_count": 1,
      "max_num_assisters": 10,
      "priority": 97,
      "builders": ["OrbitalLauncher"],
      "build_conditions": [
        [
          {
            "test_type": "HasPersonalityTag",
            "string0": "casual",
            "boolean": true
          },
          {
            "test_type": "ThisPlanetNeedsReconAssistance",
            "boolean": true
          }
        ],
        [
          {
            "test_type": "HasPersonalityTag",
            "string0": "casual",
            "boolean": true
          },
          {
            "test_type": "AloneOnPlanet",
            "boolean": false
          },
          {
            "test_type": "UnitCountonPlanet",
            "unit_type_string0": "Orbital & (Recon | Scout) & Mobile",
            "compare0": "<",
            "value0": 1
          }
        ]
      ]
    },
    {
      "name": "Casual - ARKYD - Other Planet",
      "to_build": "BasicRadarSattelite",
      "instance_count": 1,
      "shared_instance_count": "ReconAssistance",
      "max_num_assisters": 10,
      "priority": 97,
      "builders": ["OrbitalLauncher"],
      "build_conditions": [
        [
          {
            "test_type": "HasPersonalityTag",
            "string0": "casual",
            "boolean": true
          },
          {
            "test_type": "OtherPlanetNeedsReconAssistance",
            "boolean": true
          },
          {
            "test_type": "UnitCountInCelestialTransit",
            "unit_type_string0": "Orbital & (Recon | Scout)",
            "compare0": "<",
            "value0": 1
          }
        ]
      ]
    },
    {
      "name": "Casual - Hermes - This Planet",
      "to_build": "OrbitalProbe",
      "instance_count": 1,
      "priority": 97,
      "builders": ["OrbitalLauncher"],
      "build_conditions": [
        [
          {
            "test_type": "HasPersonalityTag",
            "string0": "casual",
            "boolean": true
          },
          {
            "test_type": "ThisPlanetNeedsReconAssistance",
            "boolean": true
          }
        ],
        [
          {
            "test_type": "HasPersonalityTag",
            "string0": "casual",
            "boolean": true
          },
          {
            "test_type": "AloneOnPlanet",
            "boolean": false
          },
          {
            "test_type": "UnitCountonPlanet",
            "unit_type_string0": "Orbital & (Recon | Scout) & Mobile",
            "compare0": "<",
            "value0": 1
          }
        ]
      ]
    },
    {
      "name": "Casual - Hermes - Other Planet",
      "to_build": "OrbitalProbe",
      "instance_count": 1,
      "shared_instance_count": "ReconAssistance",
      "priority": 97,
      "builders": ["OrbitalLauncher"],
      "build_conditions": [
        [
          {
            "test_type": "HasPersonalityTag",
            "string0": "casual",
            "boolean": true
          },
          {
            "test_type": "OtherPlanetNeedsReconAssistance",
            "boolean": true
          },
          {
            "test_type": "UnitCountInCelestialTransit",
            "unit_type_string0": "Orbital & (Recon | Scout)",
            "compare0": "<",
            "value0": 1
          }
        ]
      ]
    },
    {
      "name": "Casual - Avenger",
      "to_build": "OrbitalFighter",
      "instance_count": -1,
      "max_num_assisters": 10,
      "priority": 97,
      "builders": ["AnyUberOrbitalFactory"],
      "build_conditions": [
        [
          {
            "test_type": "HasPersonalityTag",
            "string0": "casual",
            "boolean": true
          }
        ]
      ]
    },
    {
      "name": "Casual - Astraeus",
      "to_build": "OrbitalLander",
      "instance_count": 1,
      "max_num_assisters": 10,
      "priority": 97,
      "builders": ["AnyUberOrbitalFactory"],
      "build_conditions": [
        [
          {
            "test_type": "HasPersonalityTag",
            "string0": "casual",
            "boolean": true
          },
          {
            "test_type": "PlanetWithoutPresence",
            "boolean": true
          },
          {
            "test_type": "PlanetIsGasGiant",
            "boolean": false
          },
          {
            "test_type": "UnitCountOnPlanet",
            "unit_type_string0": "Orbital & Transport",
            "compare0": "<",
            "value0": 1
          }
        ]
      ]
    },
    {
      "name": "Casual - Solar Array",
      "to_build": "SolarArray",
      "instance_count": 1,
      "max_num_assisters": 10,
      "priority": 97,
      "builders": ["OrbitalFactory"],
      "build_conditions": [
        [
          {
            "test_type": "HasPersonalityTag",
            "string0": "casual",
            "boolean": true
          },
          {
            "test_type": "PotentialEnergyEfficiency",
            "compare0": "<",
            "value0": 1
          }
        ],
        [
          {
            "test_type": "HasPersonalityTag",
            "string0": "casual",
            "boolean": true
          },
          {
            "test_type": "DesireEnergy"
          }
        ]
      ]
    },
    {
      "name": "Casual - SXX-1304 Laser Platform",
      "to_build": "OrbitalDeathLaser",
      "instance_count": -1,
      "max_num_assisters": 10,
      "priority": 97,
      "builders": ["OrbitalFactory"],
      "build_conditions": [
        [
          {
            "test_type": "HasPersonalityTag",
            "string0": "casual",
            "boolean": true
          }
        ]
      ]
    },
    {
      "name": "Casual - Advanced Radar Satellite - This Planet",
      "to_build": "AdvancedRadarSattelite",
      "instance_count": 1,
      "max_num_assisters": 10,
      "priority": 97,
      "builders": ["OrbitalFactory"],
      "build_conditions": [
        [
          {
            "test_type": "HasPersonalityTag",
            "string0": "casual",
            "boolean": true
          },
          {
            "test_type": "ThisPlanetNeedsReconAssistance",
            "boolean": true
          }
        ]
      ]
    },
    {
      "name": "Casual - Advanced Radar Satellite - Other Planet",
      "to_build": "AdvancedRadarSattelite",
      "instance_count": 1,
      "shared_instance_count": "ReconAssistance",
      "max_num_assisters": 10,
      "priority": 97,
      "builders": ["OrbitalFactory"],
      "build_conditions": [
        [
          {
            "test_type": "HasPersonalityTag",
            "string0": "casual",
            "boolean": true
          },
          {
            "test_type": "OtherPlanetNeedsReconAssistance",
            "boolean": true
          },
          {
            "test_type": "UnitCountInCelestialTransit",
            "unit_type_string0": "Orbital & Recon",
            "compare0": "<",
            "value0": 1
          }
        ]
      ]
    },
    {
      "name": "Casual - Artemis",
      "to_build": "OrbitalRailgun",
      "instance_count": -1,
      "max_num_assisters": 5,
      "priority": 97,
      "builders": ["OrbitalFactory"],
      "build_conditions": [
        [
          {
            "test_type": "HasPersonalityTag",
            "string0": "casual",
            "boolean": true
          }
        ]
      ]
    },
    {
      "name": "Casual - Omega",
      "to_build": "OrbitalBattleShip",
      "instance_count": -1,
      "max_num_assisters": 5,
      "priority": 97,
      "builders": ["OrbitalFactory"],
      "build_conditions": [
        [
          {
            "test_type": "HasPersonalityTag",
            "string0": "casual",
            "boolean": true
          }
        ]
      ]
    }
  ]
}
