{
    "context": "client",
    "identifier": "com.exodusesports.tournamentmappack",
    "display_name": "eXodus eSports Map Pack",
    "description": "A hand-picked selection of the best maps the community has to offer. Maps are divided between 1v1, 2v2, 3v3+ and FFA. The number of custom landing zones a system has is the maximum number of supported armies. Multiple players on a shared army count as one army. Some maps have recommended player counts as well.",
    "author": "AndreasG, Quitch",
    "version": "1.4.1",
    "build": "110069",
    "date": "2018-09-28",
    "signature": " ",
    "forum": "https://forums.planetaryannihilation.com/threads/exodus-esports-map-pack.71887/",
    "icon": "http://i.imgur.com/gx0DSMK.png",
    "priority": 100,
    "dependencies": [
        "com.pa.conundrum.cShareSystems"
    ],
    "url": "https://github.com/eXodus-eSports/exodus_esports_tournament_map_pack/archive/master.zip",
    "download": "https://cdn.palobby.com/community-mods/downloads/com.exodusesports.tournamentmappack.zip",
    "unitList": false,
    "fileSystem": false,
    "searchable": [
        "exodus",
        "esports",
        "map",
        "pack",
        "maps",
        "tournaments",
        "andreasg",
        "quitch"
    ],
    "sort": "exodus esports map pack",
    "authors": [
        "AndreasG",
        "Quitch"
    ],
    "timestamp": 1538092800000,
    "companions": [],
    "scenes": {
        "load_planet": [
            "coui://ui/mods/maps/maplist.js"
        ]
    },
    "framework": false,
    "available": true,
    "enabled": true,
    "titansOnly": false,
    "classicOnly": false,
    "classic": false,
    "titans": false,
    "conflicts": {}
}