{
  "ammo_type": "PBAOE",
  "armor_damage_map": {
    "AT_Air": 0,
    "AT_Bot": 1.0,
    "AT_Commander": 1.0,
    "AT_Hover": 1.0,
    "AT_Naval": 1.0,
    "AT_Orbital": 0.0,
    "AT_Structure": 3.0,
    "AT_Vehicle": 1.0
  },
  "damage": 500,
  "damage_volume": {
    "initial_radius": 10.0
  },
  "full_splash_damage_radius": 5,
  "impact_decals": [
    "/pa/effects/specs/scorch_b_01.json"
  ],
  "sim_fire_effect": "/pa/units/land/l_bot_artillery/bomb/bomb_ammo_explosion_ent.json",
  "splash_damage": 250,
  "splash_damages_allies": false,
  "splash_radius": 15
}
