{
  "TEMP_texelinfo": 17.7177,
  "attachable": {
    "offsets": {
      "root": [
        0,
        0,
        0
      ]
    }
  },
  "base_spec": "/pa/units/orbital/base_orbital/base_orbital.json",
  "build_metal_cost": 800,
  "command_caps": [
    "ORDER_Move",
    "ORDER_Patrol",
    "ORDER_Attack",
    "ORDER_Assist"
  ],
  "description": "!LOC:Orbital fighter- Fast moving orbital fighter for offense and defense.",
  "display_name": "!LOC:Avenger",
  "events": {
    "build_complete": {
      "audio_cue": "/SE/Build_Complete/orbital"
    },
    "died": {
      "audio_cue": "/SE/Death/orbital"
    },
    "fired": {
      "audio_cue": "/SE/Weapons/orb/orb_fighter_fire",
      "effect_spec": "/pa/effects/specs/default_muzzle_flash.pfx socket_muzzle"
    }
  },
  "fx_offsets": [
    {
      "bone": "bone_body",
      "filename": "/pa/units/air/gunship/gunship_jets.pfx",
      "offset": [
        0,
        8.9,
        0
      ],
      "orientation": [
        0,
        0,
        0
      ],
      "type": "moving"
    },
    {
      "label": "Solar Wing - Moving",
      "type": "moving",
      "bone": "bone_solarPanel",
      "filename": "/pa/effects/specs/light_2_4_1_2.pfx",
      "offset": [
        -0.3,
        -8.5,
        -1.3
      ]
    },
    {
      "label": "Solar Wing",
      "type": "idle",
      "bone": "bone_solarPanel",
      "filename": "/pa/effects/specs/light_2_4_2_2.pfx",
      "offset": [
        -0.3,
        -8.5,
        -1.3
      ]
    },
    {
      "label": "Left Wing - Moving",
      "type": "moving",
      "bone": "bone_wingTip",
      "filename": "/pa/effects/specs/light_2_4_4_2.pfx",
      "offset": [
        -0.9,
        3.2,
        -2.6
      ]
    },
    {
      "label": "Left Wing",
      "type": "idle",
      "bone": "bone_wingTip",
      "filename": "/pa/effects/specs/light_2_4_3_2.pfx",
      "offset": [
        -0.9,
        3.2,
        -2.6
      ]
    },
    {
      "label": "Antenna",
      "type": "build",
      "bone": "bone_body",
      "filename": "/pa/effects/specs/light_2_4_1_2.pfx",
      "offset": [
        0,
        0.15,
        3.9
      ]
    }
  ],
  "gravwell_velocity_multiplier": 6.0,
  "guard_layer": "WL_Orbital",
  "max_health": 250,
  "mesh_bounds": [
    20,
    16,
    5.3
  ],
  "model": {
    "animations": {
      "closed": "/pa/units/orbital/orbital_fighter/orbital_fighter_anim_closed.papa",
      "deploy": "/pa/units/orbital/orbital_fighter/orbital_fighter_anim_deploy.papa"
    },
    "animtree": "/pa/anim/anim_trees/orbital_fighter_anim_tree.json",
    "filename": "/pa/units/orbital/orbital_fighter/orbital_fighter.papa"
  },
  "navigation": {
    "acceleration": 50,
    "aggressive_behavior": "circle",
    "aggressive_distance": 150,
    "bank_factor": 1,
    "brake": 50,
    "circle_max_time": 4,
    "circle_min_time": 2,
    "hover_time": -1.0,
    "move_speed": 50,
    "turn_speed": 90,
    "type": "orbital"
  },
  "physics": {
    "gravity_scalar": 0.001,
    "radius": 5
  },
  "recon": {
    "observer": {
      "items": [
        {
          "channel": "sight",
          "layer": "orbital",
          "radius": 400,
          "shape": "sphere"
        }
      ]
    }
  },
  "selection_icon": {
    "diameter": 26.0
  },
  "spawn_layers": "WL_Orbital",
  "tools": [
    {
      "aim_bone": "bone_body",
      "muzzle_bone": "bone_recoil01",
      "spec_id": "/pa/units/orbital/orbital_fighter/orbital_fighter_tool_weapon.json"
    }
  ],
  "unit_types": [
    "UNITTYPE_Mobile",
    "UNITTYPE_Offense",
    "UNITTYPE_Orbital",
    "UNITTYPE_Fighter",
    "UNITTYPE_Basic",
    "UNITTYPE_FactoryBuild"
  ],
  "wreckage_health_frac": 0.0
}