[
    {
      "spec" : {
        "shader" : "particle_add",
        "red" : 1,
        "green" : 2,
        "blue" : 30,
        "alpha" : [[0, 0], [0.5, 1], [0.7, 1], [1, 0]],
        "sizeX" : 1,
        "sizeY" : 1,
        "baseTexture" : "/pa/effects/textures/particles/softdot.papa",
        "dataChannelFormat" : "PositionColorAndAlignVector"
      },
      "type" : "SHELL",
      "sizeX" : 1,
      "sizeY" : 1,
      "offsetRangeX" : 0.01,
      "offsetRangeY" : 0.01,
      "offsetRangeZ" : 0.01,
      "gravity": -19,
      "drag" : 0.987,
      "velocity" : 70,
      "velocityRange" : 10,
      "lifetime" : 2.4,
      "useRadialVelocityDir" : true,
      "emissionBursts" : 83,
      "emitterLifetime" : 5,
      "endDistance" : -1,
      "bLoop" : false
    },
    {
      "spec" : {
        "shader" : "particle_add_ramp",
        "red" : 1,
        "green" : 2,
        "blue" : 30,
        "alpha" : [[0, 10], [1, 0.5]],
        "sizeX" : 1,
        "sizeY" : 1,
        "rampV" : [[0, 0], [1, 1]],
        "baseTexture" : "/pa/effects/textures/particles/dot.papa",
        "rampTexture" : "/pa/effects/textures/particles/uncompressed/flicker_ramp.papa",
        "dataChannelFormat" : "PositionColorAndAlignVector"
      },
      "rampRangeV" : 0.5,
      "sizeX" : 0.2,
      "sizeY" : 0.2,
      "sizeRangeX" : 0.1,
      "sizeRangeY" : 0.1,
      "type" : "SHELL",
      "offsetRangeX" : 0.01,
      "offsetRangeY" : 0.01,
      "offsetRangeZ" : 0.01,
      "gravity": -4,
      "drag" : 0.97,
      "velocity" : 100,
      "velocityRange": 50,
      "lifetime" : 3,
      "lifetimeRange" : 2,
      "useRadialVelocityDir" : true,
      "offsetAllowNegZ" : false,
      "emissionBursts" : 300,
      "emitterLifetime" : 5,
      "endDistance" : -1,
      "bLoop" : false
    },
    {
      "spec": {
        "shader": "meshParticle_fresnel_ramp_add",
        "shape": "mesh",
        "facing": "EmitterZ",
        "red": [[0, 10], [0.6, 1.5]],
        "green": [[0, 5], [0.6, 1]],
        "blue": [[0, 100], [0.6, 20]],
        "alpha": [[0, 1], [0.8, 0.5], [1, 0]],
        "size": [[0, 1], [0.1, 1], [0.2, 1.8], [0.3, 1.9], [0.4, 1.2], [1, 0]],
        "papa": "/pa/effects/fbx/particles/sphere_ico16seg.papa",
        "materialProperties": {
          "Texture": "/pa/effects/textures/particles/uncompressed/fresnel_horizon.papa",
          "Ramp": "/pa/effects/textures/particles/uncompressed/fresnel_ramp.papa"
        }
      },
      "sizeX": 20,
      "sizeY": 20,
      "rotationRange": 3.2,
      "lifetime": 0.9,
      "emissionBursts": 1,
      "bLoop": false,
      "endDistance": 2000
    },
    {
      "spec": {
        "shader": "meshParticle_add",
        "shape": "mesh",
        "facing": "EmitterZ",
        "red": [[0, 10], [0.6, 1.5]],
        "green": [[0, 5], [0.6, 1]],
        "blue": [[0, 100], [0.6, 20]],
        "alpha": [[0, 1], [0.8, 0.5], [1, 0]],
        "size": [[0, 1], [0.1, 1], [0.2, 1.8], [0.3, 1.9], [0.4, 1.2], [1, 0]],
        "papa": "/pa/effects/fbx/particles/sphere_ico16seg.papa",
        "materialProperties": {
            "Texture": "/pa/effects/textures/particles/flat.papa"
        }
      },
      "alpha": 1.5,
      "sizeX": 15,
      "sizeY": 15,
      "rotationRange": 3.2,
      "lifetime": 0.9,
      "emissionBursts": 1,
      "bLoop": false,
      "endDistance": 2000
    },
    {
      "label": "flare a",
      "spec": {
        "shader": "particle_add",
        "facing": "EmitterZ",
        "red": 0.5,
        "green": 0.1,
        "blue": 0.7,
        "alpha": [[0, 0.4], [1, 0]],
        "sizeX": [[0, 0.875], [1, 1]],
        "cameraPush": 0.02,
        "baseTexture": "/pa/effects/textures/particles/soft_flare.papa"
      },
      "cameraPush": 10,
      "sizeX": 80,
      "emissionBursts": 1,
      "maxParticles": 3,
      "rotationRange": 3.1416,
      "lifetime": 1.1,
      "bLoop": false,
      "endDistance": 2000
    },
    {
      "label": "flare b",
      "spec": {
        "shader": "particle_add",
        "facing": "EmitterZ",
        "red": 0.1,
        "green": 0.1,
        "blue": 1.0,
        "alpha": [[0, 0.4], [1, 0]],
        "sizeX": [[0, 0.875], [1, 1]],
        "cameraPush": 0.02,
        "baseTexture": "/pa/effects/textures/particles/soft_flare.papa"
      },
      "cameraPush": 10,
      "sizeX": 90,
      "emissionBursts": 1,
      "maxParticles": 3,
      "rotationRange": 3.1416,
      "lifetime": 1.0,
      "bLoop": false,
      "endDistance": 2000
    },
    {
      "spec": {
        "shader": "meshParticle_ring_wave_add",
        "shape": "mesh",
        "facing": "EmitterZ",
        "sizeX": [[0, 0 ], [0.1, 0.185 ], [0.2, 0.344 ], [0.3, 0.48 ], [0.4, 0.597 ], [0.5, 0.697 ], [0.6, 0.782 ], [0.7, 0.854 ], [0.8, 0.914 ], [0.9, 0.962 ], [1, 1 ] ],
        "sizeY": [[0, 0 ], [1, 1 ] ],
        "red": 1,
        "green": 0.5,
        "blue": 80,
        "alpha": [[0, 1 ], [0.3, 0.5 ], [0.6, 0.01 ], [1, 0 ] ],
        "papa": "/pa/effects/fbx/particles/ringWave_highpoly.papa",
        "materialProperties": {
          "Texture": "/pa/effects/textures/particles/explosionRingEdge.papa"
        }
      },
      "delay": 0.1,
      "offsetZ": 1,
      "sizeX": 120,
      "sizeRangeX": 10,
      "emissionBursts": 1,
      "rotationRange": 3.1415,
      "lifetime": 2.4,
      "emitterLifetime": 1,
      "bLoop": false,
      "endDistance": 1000
    },
    {
      "spec": {
        "shader": "meshParticle_add",
        "shape": "mesh",
        "facing": "EmitterZ",
        "red": [[0, 10 ], [0.35, 2 ] ],
        "green": [[0, 10 ], [0.35, 2 ] ],
        "blue": [[0, 100 ], [0.35, 20 ] ],
        "alpha": [[0.65, 1.1 ], [1, 0 ] ],
        "size": [[0, 0 ], [0.01, 1.0 ], [0.5, 1 ], [0.6, 0.975 ], [0.7, 0.915 ], [0.8, 0.82 ], [0.9, 0.7 ], [1, 0.5 ] ],
        "papa": "/pa/effects/fbx/particles/sphere_24sides.papa",
        "materialProperties": {
          "Texture": "/pa/effects/textures/particles/nuke_shell_clip.papa"
        }
      },
      "offsetZ": 9,
      "sizeX": 35,
      "sizeY": 35,
      "lifetime": 2,
      "emissionBursts": 0,
      "bLoop": false,
      "delay": 5,
      "endDistance": -1
    },
    {
      "spec": {
        "shader": "meshParticle_ring_wave_add",
        "shape": "mesh",
        "facing": "EmitterZ",
        "sizeX": [[0, 0 ], [0.1, 0.185 ], [0.2, 0.344 ], [0.3, 0.48 ], [0.4, 0.597 ], [0.5, 0.697 ], [0.6, 0.782 ], [0.7, 0.854 ], [0.8, 0.914 ], [0.9, 0.962 ], [1, 1 ] ],
        "sizeY": [[0, 0 ], [1, 1 ] ],
        "rgb": [[0.0, 4, [125, 229, 255 ] ] ],
        "red": 2,
        "green": 2,
        "blue": 20,
        "alpha": [[0, 1 ], [0.3, 0.5 ], [0.6, 0.01 ], [1, 0 ] ],
        "papa": "/pa/effects/fbx/particles/ringWave_highpoly.papa",
        "materialProperties": {
          "Texture": "/pa/effects/textures/particles/explosionRingEdge.papa"
        }
      },
      "sizeX": 120.0,
      "offsetZ": 10.0,
      "emissionBursts": 1,
      "rotationRange": 3.15,
      "lifetime": 1.5,
      "emitterLifetime": 4,
      "bLoop": false,
      "sort": "NoSort",
      "delay": 5,
      "endDistance": -1
    },
    {
      "spec": {
        "shader": "particle_transparent_lit",
        "size": [[0, 0.5 ], [0.05, 1 ], [0.6, 2 ], [1.0, 2.5 ] ],
        "rgb": [[0.0, 2, [125, 229, 255 ] ], [0.25, 1, [200, 200, 255 ] ] ],
        "alpha": [[0, 0 ], [0.25, 1 ], [1, 0 ] ],
        "cameraPush": 0.5,
        "baseTexture": "/pa/effects/textures/particles/softSmoke.papa"
      },
      "alpha": [[1, 1 ], [2, 0 ] ],
      "type": "Cylinder_Z",
      "useArcLengthSpace": true,
      "snapToSurface": true,
      "offsetX": [[0, 0 ], [0.3, 20.35 ], [0.6, 37.84 ], [0.9, 52.8 ], [1.2, 65.67 ], [1.5, 76.67 ], [1.8, 86.02 ], [2.1, 93.94 ], [2.4, 100.54 ], [2.7, 105.82 ], [3.0, 110 ] ],
      "offsetY": [[0, 0 ], [0.3, 20.35 ], [0.6, 37.84 ], [0.9, 52.8 ], [1.2, 65.67 ], [1.5, 76.67 ], [1.8, 86.02 ], [2.1, 93.94 ], [2.4, 100.54 ], [2.7, 105.82 ], [3.0, 110 ] ],
      "offsetRangeX": [[0, 10 ], [2.0, 5 ] ],
      "offsetRangeY": [[0, 10 ], [2.0, 5 ] ],
      "offsetZ": 2,
      "offsetAllowNegZ": false,
      "velocityZ": [[0, 3.0 ], [2.0, 0.15 ] ],
      "useRadialVelocityDir": true,
      "velocity": 10.25,
      "sizeX": 15.5,
      "sizeRangeX": 2.5,
      "rotationRange": 3.2,
      "rampV": [[0, 0.25 ], [1.0, 0.75 ] ],
      "gravity": -1,
      "emissionRate": [[0, 100 ], [2.0, 250 ] ],
      "lifetime": 1.5,
      "lifetimeRange": 0.25,
      "emitterLifetime": 3,
      "delay": 5,
      "bLoop": false,
      "endDistance": -1
    }/*,
    {
      "spec": {
        "shader": "particle_transparent",
        "facing": "velocity",
        "flipBookColumns": 4,
        "flipBookRows": 1,
        "frameCurve": [[0, 0 ], [1, 0.75 ] ],
        "flipBookRandomStart": true,
        "polyAdjustCenter": 0.5,
        "sizeX": [[0, 1 ], [1, 1.2 ] ],
        "sizeY": [[0, -1 ], [1, -1.02 ] ],
        "red": 1.2,
        "green": 1.1,
        "blue": 10,
        "alpha": [[0.5, 1.0 ], [1, 0.0 ] ],
        "baseTexture": "/pa/effects/textures/particles/metalControlCoreSpark.papa"
      },
      "alpha": [[1, 1 ], [2, 0 ] ],
      "type": "Cylinder_Z",
      "useArcLengthSpace": true,
      "snapToSurface": true,
      "offsetX": [[0, 0 ], [0.3, 20.35 ], [0.6, 37.84 ], [0.9, 52.8 ], [1.2, 65.67 ], [1.5, 76.67 ], [1.8, 86.02 ], [2.1, 93.94 ], [2.4, 100.54 ], [2.7, 105.82 ], [3.0, 110 ] ],
      "offsetY": [[0, 0 ], [0.3, 20.35 ], [0.6, 37.84 ], [0.9, 52.8 ], [1.2, 65.67 ], [1.5, 76.67 ], [1.8, 86.02 ], [2.1, 93.94 ], [2.4, 100.54 ], [2.7, 105.82 ], [3.0, 110 ] ],
      "offsetRangeX": [[0, 0 ], [0.3, 20.35 ], [0.6, 37.84 ], [0.9, 52.8 ], [1.2, 65.67 ], [1.5, 76.67 ], [1.8, 86.02 ], [2.1, 93.94 ], [2.4, 100.54 ], [2.7, 105.82 ], [3.0, 110 ] ],
      "offsetRangeY": [[0, 0 ], [0.3, 20.35 ], [0.6, 37.84 ], [0.9, 52.8 ], [1.2, 65.67 ], [1.5, 76.67 ], [1.8, 86.02 ], [2.1, 93.94 ], [2.4, 100.54 ], [2.7, 105.82 ], [3.0, 110 ] ],
      "offsetZ": 2,
      "offsetAllowNegZ": false,
      "useRadialVelocityDir": true,
      "velocity": 10.25,
      "sizeX": [[0, 5], [3, 2]],
      "sizeY": [[0, 18], [2, 5]],
      "sizeRangeX": 0.5,
      "sizeRangeY": [[0, 5], [3, 0.2]],
      "velocityRangeX" : 1,
      "velocityRangeY" : 1,
      "rotationRange": 3.2,
      "rampV": [[0, 0.25 ], [1.0, 0.75 ] ],
      "emissionRate": [[0, 120 ], [2.0, 10 ] ],
      "lifetime": [[0, 0.8], [3, 0.4]],
      "lifetimeRange": 0.25,
      "emitterLifetime": 1,
      "delay": 5,
      "bLoop": false,
      "endDistance": -1
    }*/
  ]