[
  {
    "label": "sound sync explosion ring",
    "spec": {
      "shader": "particle_add",
      "facing": "EmitterZ",
      "red": 0.2,
      "green": 0.1,
      "blue": 5,
      "alpha": [[0, 1], [1, 0]],
      "sizeX": [[0, 0.5], [0.5, 1], [1, 2]],
      "cameraPush": 0.02,
      "baseTexture": "/pa/effects/textures/particles/simpleExplosionRing.papa"
    },
    "sizeX": 70,
    "emissionBursts": 1,
    "maxParticles": 3,
    "rotationRange": 3.1416,
    "lifetime": 1.6,
    "delay" : 1.8,
    "bLoop": false,
    "endDistance": 2000
  },
  {
    "label": "sound sync explosion ring",
    "spec": {
      "shader": "particle_add",
      "facing": "EmitterZ",
      "red": 0.2,
      "green": 2,
      "blue": 5,
      "alpha": [[0, 1], [1, 0]],
      "sizeX": [[0, 0.5], [0.5, 1], [1, 2]],
      "cameraPush": 0.02,
      "baseTexture": "/pa/effects/textures/particles/simpleExplosionRing.papa"
    },
    "sizeX": 40,
    "emissionBursts": 1,
    "maxParticles": 3,
    "rotationRange": 3.1416,
    "lifetime": 0.6,
    "delay" : 2,
    "bLoop": false,
    "endDistance": 2000
  },
  {
    "spec": {
      "shape": "pointlight",
      "red": 1,
      "green": 1,
      "blue": 1,
      "alpha": [[0, 0 ], [0.5, 5 ], [1, 0 ] ]
    },
    "offsetZ": 20,
    "sizeX": 100,
    "emissionBursts": 1,
    "lifetime": 1,
    "emitterLifetime": 2,
    "delay" : 1.75,
    "bLoop": false,
    "endDistance": -1
  }
]