{
  "label": "ground smoke wave",
  "spec": {
    "shader": "particle_transparent_lit",
    "size": [[0, 0.25 ], [0.05, 1 ], [1, 1.25 ] ],
    "red": [[0.0, 0.2 ], [1, 0.5 ] ],
    "green": [[0.0, 0.5 ], [1, 0.5 ] ],
    "blue": [[0.0, 5 ], [1, 0.5 ] ],
    "alpha": [[0, 0 ], [0.3, 1 ], [0.6, 1.0 ], [1, 0 ] ],
    "cameraPush": 0.25,
    "baseTexture": "/pa/effects/textures/particles/softBrownSmoke.papa",
    "dataChannelFormat": "PositionAndColor"
  },
  "type": "CYLINDER_Z",
  "offsetX": [[0.0, 0.0 ], [0.15, 11.379 ], [0.3, 22.7545 ], [0.45, 34.123 ], [0.6, 45.4812 ], [0.75, 56.8255 ], [0.9, 68.1526 ], [1.05, 79.4588 ], [1.2, 90.7409 ], [1.35, 101.995 ], [1.5, 113.219 ] ],
  "offsetY": [[0.0, 0.0 ], [0.15, 11.379 ], [0.3, 22.7545 ], [0.45, 34.123 ], [0.6, 45.4812 ], [0.75, 56.8255 ], [0.9, 68.1526 ], [1.05, 79.4588 ], [1.2, 90.7409 ], [1.35, 101.995 ], [1.5, 113.219 ] ],
  "useArcLengthSpace": true,
  "velocityY": -1.0,
  "velocityZ": 0.25,
  "velocityRangeX": 0.1,
  "velocityRangeY": 0.1,
  "velocity": -5,
  "snapToSurface": true,
  "snapToSurfaceOffset": 0,
  "alignVelocityToSurface": true,
  "sizeX": 24,
  "accelZ": -0.2,
  "drag": 1.001,
  "alpha": [[0.5, 1 ], [1.0, 0.25 ], [1, 0.001 ] ],
  "emissionRate": [[0.15, 0 ], [1, 500 ] ],
  "maxParticles": 750,
  "rotationRange": 3.15,
  "rotationRateRange": 0.025,
  "lifetime": [[0.0, 3.5 ], [1, 1 ] ],
  "lifetimeRange": [[0.0, 0.5 ], [1, 0.25 ] ],
  "emitterLifetime": 1,
  "bLoop": false,
  "delay": 1.5,
  "endDistance": -1
}