{
	"spec" : {
	  "shader" : "particle_add",
	  "facing" : "velocity",
      "polyAdjustCenter": -0.5,
	  "red" : 1,
	  "green" : 2,
	  "blue" : 10,
	  "alpha" : [[0, 0], [0.5, 1], [0.7, 1], [1, 0]],
	  "sizeX" : 1,
	  "sizeY" : [[0, 0.05], [0.8, 0.09], [1, 1]],
	  "baseTexture" : "/pa/effects/textures/particles/softdot.papa",
	  "dataChannelFormat" : "PositionColorAndAlignVector"
	},
	"red" : [[0, 1], [4, 0.2]],
	"green" : [[0, 1], [4, 3]],
	"blue" : [[0, 10], [4, 10]],
	"type" : "SHELL",
	"sizeX" : 1,
	"sizeY" : [[0, 30]],
	"velocityZ" : -0.05,
	"offsetRangeX" : 60,
	"offsetRangeY" : 60,
	"offsetRangeZ" : 60,
	"drag" : [[0, 1], [4.1, 1], [4.5, 1.1]],
	"velocity" : [[0, -3]],
	"lifetime" : [[0, 3], [5, 0]],
	"useRadialVelocityDir" : true,
	"emissionRate" : [[0.1, 0], [4, 50], [5, 400]],
	"emitterLifetime" : 5,
	"endDistance" : -1,
	"bLoop" : false
}