{
    "spec": {
        "shader": "particle_clip",
        "shape": "mesh",
        "facing": "EmitterZ",
        "red": [[0, 100], [0.35, 4]],
        "green": [[0, 10], [0.35, 2]],
        "blue": [[0, 100], [0.35, 20]],
        "alpha": [[0.0, 0.4], [1, 0]],
        "size": [[0, 0], [0.1, 0.5], [0.2, 0.75], [0.3, 0.87], [0.4, 0.95], [0.5, 1]],
        "papa": "/pa/effects/fbx/particles/sphere_ico16seg.papa",
        "materialProperties": {
            "Texture": "/pa/effects/textures/particles/fire_puff.papa"
        }
    },
    "alpha": [[0, 1], [1, 1], [8, 0]],
    "offsetZ" : 3,
    "red" : 0.1,
    "green": 1.3,
    "blue" : 15,
    "sizeX": 7,
    "sizeRangeX": 10,
    "emissionRate": 5,
    "rotationRange": 6.28,
    "lifetime": 0.8,
    "lifetimeRange": 0.15,
    "emitterLifetime": 5,
    "bLoop" : false,
    "endDistance": -1
}