{
    "spec": {
        "shader": "particle_transparent",
        "facing": "velocity",
        "flipBookColumns": 4,
        "flipBookRows": 1,
        "frameCurve": [[0, 0 ], [1, 0.75 ] ],
        "flipBookRandomStart": true,
        "polyAdjustCenter": 0.5,
        "sizeX": [[0, 1 ], [1, 1.2 ] ],
        "sizeY": [[0, -1 ], [1, -1.02 ] ],
        "red": 1.2,
        "green": 1.1,
        "blue": 10,
        "alpha": [[0.5, 1.0 ], [1, 0.0 ] ],
        "baseTexture": "/pa/effects/textures/particles/metalControlCoreSpark.papa"
    },
    "offsetRangeX": 8,
    "offsetRangeY": 8,
    "offsetRangeZ": 8,
    "velocity": 0.1,
    "velocityRangeX": 1,
    "velocityRangeZ": 1,
    "velocityRangeY": 1,
    "sizeX": 4,
    "sizeRangeX": 1,
    "sizeY": 20,
    "sizeRangeY": 10,
    "lifetime": 0.3,
    "lifetimeRange": 0.125,
    "emissionRate": [[0, 100], [5, 50], [7, 0]],
    "emitterLifetime": 7,
    "bLoop": false,
    "endDistance": -1
}