{
  "build_list": [
    {
      "name": "Gold - Basic Vehicle Fabber",
      "to_build": "BasicVehicleFabber",
      "instance_count": 1,
      "max_num_assisters": 10,
      "priority": 100,
      "builders": ["BasicVehicleFactory"],
      "build_conditions": [
        [
          {
            "test_type": "HasPersonalityTag",
            "string0": "gold",
            "boolean": true
          },
          {
            "test_type": "BaseThreatened",
            "boolean": false
          },
          {
            "test_type": "MetMinBasicFabberCount",
            "boolean": false
          }
        ],
        [
          {
            "test_type": "HasPersonalityTag",
            "string0": "gold",
            "boolean": true
          },
          {
            "test_type": "BaseThreatened",
            "boolean": false
          },
          {
            "test_type": "AloneOnPlanet",
            "boolean": false
          },
          {
            "test_type": "CanDeployLandFromBase",
            "boolean": true
          },
          {
            "test_type": "CanAffordPotentialDrain",
            "string0": "BasicVehicleFabber"
          },
          {
            "test_type": "UnitRatioOnPlanet",
            "unit_type_string0": "Fabber & Basic & Land",
            "unit_type_string1": "Factory & Basic & Land",
            "compare0": "<",
            "value0": 0.5
          }
        ],
        [
          {
            "test_type": "HasPersonalityTag",
            "string0": "gold",
            "boolean": true
          },
          {
            "test_type": "AloneOnPlanet",
            "boolean": true
          },
          {
            "test_type": "CanAffordPotentialDrain",
            "string0": "BasicVehicleFabber"
          },
          {
            "test_type": "UnitCountPerPlanetRadius",
            "unit_type_string0": "Fabber & Basic",
            "compare0": "<",
            "value0": 30
          }
        ]
      ]
    },
    {
      "name": "Gold - Skitter - Intel",
      "to_build": "LandScout",
      "instance_count": 1,
      "max_num_assisters": 10,
      "shared_instance_count": "LandScout",
      "priority": 98,
      "builders": ["BasicVehicleFactory"],
      "build_conditions": [
        [
          {
            "test_type": "HasPersonalityTag",
            "string0": "gold",
            "boolean": true
          },
          {
            "test_type": "AloneOnPlanet",
            "boolean": false
          },
          {
            "test_type": "BaseThreatened",
            "boolean": false
          },
          {
            "test_type": "CanDeployLandFromBase",
            "boolean": true
          },
          {
            "test_type": "HaveFullPlanetIntel",
            "boolean": false
          },
          {
            "test_type": "UnitCountOnPlanet",
            "unit_type_string0": "Air & Factory",
            "compare0": "<",
            "value0": 1
          },
          {
            "test_type": "UnitCountOnPlanet",
            "unit_type_string0": "Land & Scout",
            "compare0": "<",
            "value0": 1
          },
          {
            "test_type": "UnitCountPerPlanetRadius",
            "unit_type_string0": "Scout - Naval",
            "compare0": "<",
            "value0": 400
          }
        ],
        [
          {
            "test_type": "HasPersonalityTag",
            "string0": "gold",
            "boolean": true
          },
          {
            "test_type": "BaseThreatened",
            "boolean": false
          },
          {
            "test_type": "OtherPlanetNeedsReconAssistance",
            "boolean": true
          },
          {
            "test_type": "OtherPlanetCanReceiveLandUnitAssistance",
            "boolean": true
          },
          {
            "test_type": "OtherPlanetNeedsLandUnitAssistance",
            "boolean": true
          },
          {
            "test_type": "CanProvideLandUnitAssistance",
            "boolean": true
          },
          {
            "test_type": "UnitCountOnPlanet",
            "unit_type_string0": "Land & Scout",
            "compare0": "<",
            "value0": 1
          }
        ]
      ]
    },
    {
      "name": "Gold - Skitter - Mines",
      "to_build": "LandScout",
      "instance_count": 1,
      "max_num_assisters": 10,
      "priority": 97,
      "builders": ["BasicVehicleFactory"],
      "build_conditions": [
        [
          {
            "test_type": "HasPersonalityTag",
            "string0": "gold",
            "boolean": true
          },
          {
            "test_type": "AloneOnPlanet",
            "boolean": false
          },
          {
            "test_type": "BaseThreatened",
            "boolean": false
          },
          {
            "test_type": "CanDeployLandFromBase",
            "boolean": true
          },
          {
            "test_type": "HaveSeenEnemyUnits",
            "unit_type_string0": "((Construction & Mobile) - Fabber - Commander) | (CombatFabBuild & Defense)",
            "boolean": true
          },
          {
            "test_type": "UnitRatioOnPlanet",
            "unit_type_string0": "Land & Scout",
            "unit_type_string1": "Land & Mobile & Offense",
            "compare0": "<",
            "value0": 0.05
          }
        ]
      ]
    },
    {
      "name": "Gold - Ant",
      "to_build": "LightLaserTank",
      "instance_count": -1,
      "max_num_assisters": 10,
      "priority": 97,
      "builders": ["BasicVehicleFactory"],
      "build_conditions": [
        [
          {
            "test_type": "HasPersonalityTag",
            "string0": "gold",
            "boolean": true
          },
          {
            "test_type": "AloneOnPlanet",
            "boolean": false
          },
          {
            "test_type": "CanDeployLandFromBase",
            "boolean": true
          }
        ],
        [
          {
            "test_type": "HasPersonalityTag",
            "string0": "gold",
            "boolean": true
          },
          {
            "test_type": "AloneOnPlanet",
            "boolean": true
          },
          {
            "test_type": "OtherPlanetCanReceiveLandUnitAssistance",
            "boolean": true
          },
          {
            "test_type": "OtherPlanetNeedsLandUnitAssistance",
            "boolean": true
          }
        ]
      ]
    },
    {
      "name": "Gold - Inferno",
      "to_build": "BasicArmorTank",
      "instance_count": -1,
      "max_num_assisters": 10,
      "priority": 97,
      "builders": ["BasicVehicleFactory"],
      "build_conditions": [
        [
          {
            "test_type": "HasPersonalityTag",
            "string0": "gold",
            "boolean": true
          },
          {
            "test_type": "AloneOnPlanet",
            "boolean": false
          },
          {
            "test_type": "CanDeployLandFromBase",
            "boolean": true
          },
          {
            "test_type": "UnitRatioOnPlanet",
            "unit_type_string0": "Land & Mobile & (Heavy - (Bot & Basic))",
            "unit_type_string1": "Land & Mobile & Offense - Deconstruction - Fabber",
            "compare0": "<",
            "value0": 0.2
          }
        ],
        [
          {
            "test_type": "HasPersonalityTag",
            "string0": "gold",
            "boolean": true
          },
          {
            "test_type": "AloneOnPlanet",
            "boolean": true
          },
          {
            "test_type": "UnitRatioOnPlanet",
            "unit_type_string0": "Land & Mobile & (Heavy - (Bot & Basic))",
            "unit_type_string1": "Land & Mobile & Offense - Deconstruction - Fabber",
            "compare0": "<",
            "value0": 0.2
          },
          {
            "test_type": "OtherPlanetCanReceiveLandUnitAssistance",
            "boolean": true
          },
          {
            "test_type": "OtherPlanetNeedsLandUnitAssistance",
            "boolean": true
          }
        ]
      ]
    },
    {
      "name": "Gold - Spinner",
      "to_build": "BasicAAVehicle",
      "instance_count": -1,
      "max_num_assisters": 10,
      "priority": 97,
      "builders": ["BasicVehicleFactory"],
      "build_conditions": [
        [
          {
            "test_type": "HasPersonalityTag",
            "string0": "gold",
            "boolean": true
          },
          {
            "test_type": "EnemyAirPresenceOnPlanet",
            "boolean": true
          },
          {
            "test_type": "CanDeployLandFromBase",
            "boolean": true
          },
          {
            "test_type": "UnitRatioOnPlanet",
            "unit_type_string0": "Land & Mobile & AirDefense",
            "unit_type_string1": "Land & Mobile & Offense - Deconstruction - Fabber",
            "compare0": "<",
            "value0": 0.2
          }
        ],
        [
          {
            "test_type": "HasPersonalityTag",
            "string0": "gold",
            "boolean": true
          },
          {
            "test_type": "AloneOnPlanet",
            "boolean": true
          },
          {
            "test_type": "UnitRatioOnPlanet",
            "unit_type_string0": "Land & Mobile & AirDefense",
            "unit_type_string1": "Land & Mobile & Offense - Deconstruction - Fabber",
            "compare0": "<",
            "value0": 0.2
          },
          {
            "test_type": "OtherPlanetCanReceiveLandUnitAssistance",
            "boolean": true
          },
          {
            "test_type": "OtherPlanetNeedsLandUnitAssistance",
            "boolean": true
          }
        ]
      ]
    },
    {
      "name": "Gold - Drifter",
      "to_build": "HoverTank",
      "instance_count": -1,
      "max_num_assisters": 10,
      "priority": 96,
      "builders": ["BasicVehicleFactory"],
      "build_conditions": [
        [
          {
            "test_type": "HasPersonalityTag",
            "string0": "gold",
            "boolean": true
          },
          {
            "test_type": "AloneOnPlanet",
            "boolean": false
          }
        ]
      ]
    },
    {
      "name": "Gold - Advanced Vehicle Fabber",
      "to_build": "AdvancedVehicleFabber",
      "instance_count": 1,
      "max_num_assisters": 10,
      "priority": 200,
      "builders": ["AdvancedVehicleFactory"],
      "build_conditions": [
        [
          {
            "test_type": "HasPersonalityTag",
            "string0": "gold",
            "boolean": true
          },
          {
            "test_type": "BaseThreatened",
            "boolean": false
          },
          {
            "test_type": "MetMinAdvancedFabberCount",
            "boolean": false
          }
        ],
        [
          {
            "test_type": "HasPersonalityTag",
            "string0": "gold",
            "boolean": true
          },
          {
            "test_type": "AloneOnPlanet",
            "boolean": false
          },
          {
            "test_type": "BaseThreatened",
            "boolean": false
          },
          {
            "test_type": "CanAffordPotentialDrain",
            "string0": "AdvancedVehicleFabber"
          },
          {
            "test_type": "UnitRatioOnPlanet",
            "unit_type_string0": "Fabber & Advanced & Land",
            "unit_type_string1": "Factory & Advanced & Land",
            "compare0": "<",
            "value0": 1
          }
        ],
        [
          {
            "test_type": "HasPersonalityTag",
            "string0": "gold",
            "boolean": true
          },
          {
            "test_type": "AloneOnPlanet",
            "boolean": true
          },
          {
            "test_type": "CanAffordPotentialDrain",
            "string0": "AdvancedVehicleFabber"
          },
          {
            "test_type": "UnitCountPerPlanetRadius",
            "unit_type_string0": "Fabber & Advanced",
            "compare0": "<",
            "value0": 30
          }
        ]
      ]
    },
    {
      "name": "Gold - Leveler",
      "to_build": "AdvancedLaserTank",
      "instance_count": -1,
      "max_num_assisters": 10,
      "priority": 199,
      "builders": ["AdvancedVehicleFactory"],
      "build_conditions": [
        [
          {
            "test_type": "HasPersonalityTag",
            "string0": "gold",
            "boolean": true
          },
          {
            "test_type": "AloneOnPlanet",
            "boolean": false
          },
          {
            "test_type": "CanDeployLandFromBase",
            "boolean": true
          }
        ],
        [
          {
            "test_type": "HasPersonalityTag",
            "string0": "gold",
            "boolean": true
          },
          {
            "test_type": "AloneOnPlanet",
            "boolean": true
          },
          {
            "test_type": "OtherPlanetCanReceiveLandUnitAssistance",
            "boolean": true
          },
          {
            "test_type": "OtherPlanetNeedsLandUnitAssistance",
            "boolean": true
          }
        ]
      ]
    },
    {
      "name": "Gold - Vanguard",
      "to_build": "AdvancedArmorTank",
      "instance_count": 1,
      "max_num_assisters": 10,
      "priority": 199,
      "builders": ["AdvancedVehicleFactory"],
      "build_conditions": [
        [
          {
            "test_type": "HasPersonalityTag",
            "string0": "gold",
            "boolean": true
          },
          {
            "test_type": "AloneOnPlanet",
            "boolean": false
          },
          {
            "test_type": "CanDeployLandFromBase",
            "boolean": true
          },
          {
            "test_type": "UnitRatioOnPlanet",
            "unit_type_string0": "Land & Mobile & (Heavy - (Bot & Basic))",
            "unit_type_string1": "Land & Mobile & Offense - Deconstruction - Fabber",
            "compare0": "<",
            "value0": 0.2
          }
        ],
        [
          {
            "test_type": "HasPersonalityTag",
            "string0": "gold",
            "boolean": true
          },
          {
            "test_type": "AloneOnPlanet",
            "boolean": true
          },
          {
            "test_type": "UnitRatioOnPlanet",
            "unit_type_string0": "Land & Mobile & (Heavy - (Bot & Basic))",
            "unit_type_string1": "Land & Mobile & Offense - Deconstruction - Fabber",
            "compare0": "<",
            "value0": 0.2
          },
          {
            "test_type": "OtherPlanetCanReceiveLandUnitAssistance",
            "boolean": true
          },
          {
            "test_type": "OtherPlanetNeedsLandUnitAssistance",
            "boolean": true
          }
        ]
      ]
    },
    {
      "name": "Gold - Sheller",
      "to_build": "AdvancedArtilleryVehicle",
      "instance_count": 1,
      "max_num_assisters": 10,
      "priority": 199,
      "builders": ["AdvancedVehicleFactory"],
      "build_conditions": [
        [
          {
            "test_type": "HasPersonalityTag",
            "string0": "gold",
            "boolean": true
          },
          {
            "test_type": "AloneOnPlanet",
            "boolean": false
          },
          {
            "test_type": "CanDeployLandFromBase",
            "boolean": true
          },
          {
            "test_type": "UnitRatioOnPlanet",
            "unit_type_string0": "Land & Artillery & Mobile",
            "unit_type_string1": "Land & Mobile & Offense - Deconstruction - Fabber",
            "compare0": "<",
            "value0": 0.1
          }
        ],
        [
          {
            "test_type": "HasPersonalityTag",
            "string0": "gold",
            "boolean": true
          },
          {
            "test_type": "AloneOnPlanet",
            "boolean": true
          },
          {
            "test_type": "UnitRatioOnPlanet",
            "unit_type_string0": "Land & Artillery & Mobile",
            "unit_type_string1": "Land & Mobile & Offense - Deconstruction - Fabber",
            "compare0": "<",
            "value0": 0.1
          },
          {
            "test_type": "OtherPlanetCanReceiveLandUnitAssistance",
            "boolean": true
          },
          {
            "test_type": "OtherPlanetNeedsLandUnitAssistance",
            "boolean": true
          }
        ]
      ]
    },
    {
      "name": "Gold - Storm",
      "to_build": "FlakTank",
      "instance_count": -1,
      "max_num_assisters": 10,
      "priority": 199,
      "builders": ["AdvancedVehicleFactory"],
      "build_conditions": [
        [
          {
            "test_type": "HasPersonalityTag",
            "string0": "gold",
            "boolean": true
          },
          {
            "test_type": "EnemyAirPresenceOnPlanet",
            "boolean": true
          },
          {
            "test_type": "CanDeployLandFromBase",
            "boolean": true
          },
          {
            "test_type": "UnitRatioOnPlanet",
            "unit_type_string0": "Land & Mobile & AirDefense",
            "unit_type_string1": "Land & Mobile & Offense - Deconstruction - Fabber",
            "compare0": "<",
            "value0": 0.2
          }
        ],
        [
          {
            "test_type": "HasPersonalityTag",
            "string0": "gold",
            "boolean": true
          },
          {
            "test_type": "AloneOnPlanet",
            "boolean": true
          },
          {
            "test_type": "UnitRatioOnPlanet",
            "unit_type_string0": "Land & Mobile & AirDefense",
            "unit_type_string1": "Land & Mobile & Offense - Deconstruction - Fabber",
            "compare0": "<",
            "value0": 0.2
          },
          {
            "test_type": "OtherPlanetCanReceiveLandUnitAssistance",
            "boolean": true
          },
          {
            "test_type": "OtherPlanetNeedsLandUnitAssistance",
            "boolean": true
          }
        ]
      ]
    }
  ]
}
