{
  "build_list": [
    {
      "name": "Gold - Basic Naval Fabber",
      "to_build": "BasicNavalFabber",
      "instance_count": 1,
      "max_num_assisters": 10,
      "priority": 100,
      "builders": ["BasicNavalFactory"],
      "build_conditions": [
        [
          {
            "test_type": "HasPersonalityTag",
            "string0": "gold",
            "boolean": true
          },
          {
            "test_type": "BaseThreatened",
            "boolean": false
          },
          {
            "test_type": "UnitCountOnPlanet",
            "unit_type_string0": "Fabber & Basic",
            "compare0": "<",
            "value0": 2
          }
        ],
        [
          {
            "test_type": "HasPersonalityTag",
            "string0": "gold",
            "boolean": true
          },
          {
            "test_type": "BaseThreatened",
            "boolean": false
          },
          {
            "test_type": "UnitCountOnPlanet",
            "unit_type_string0": "Fabber & Basic & Naval",
            "compare0": "<",
            "value0": 1
          }
        ],
        [
          {
            "test_type": "HasPersonalityTag",
            "string0": "gold",
            "boolean": true
          },
          {
            "test_type": "BaseThreatened",
            "boolean": false
          },
          {
            "test_type": "CanDeployNavalFromBase",
            "boolean": true
          },
          {
            "test_type": "CanAffordPotentialDrain",
            "string0": "BasicNavalFabber"
          },
          {
            "test_type": "UnitRatioOnPlanet",
            "unit_type_string0": "Fabber & Basic & Naval",
            "unit_type_string1": "Factory & Basic & Naval",
            "compare0": "<",
            "value0": 0.5
          }
        ]
      ]
    },
    {
      "name": "Gold - Barnacle",
      "to_build": "SupportBarge",
      "instance_count": 1,
      "priority": 97,
      "builders": ["BasicNavalFactory"],
      "build_conditions": [
        [
          {
            "test_type": "HasPersonalityTag",
            "string0": "gold",
            "boolean": true
          },
          {
            "test_type": "AloneOnPlanet",
            "boolean": false
          },
          {
            "test_type": "CanDeployNavalFromBase",
            "boolean": true
          },
          {
            "test_type": "HaveSeenEnemyUnits",
            "unit_type_string0": "(Naval & Mobile & Construction) - Fabber",
            "boolean": true
          },
          {
            "test_type": "UnitRatioOnPlanet",
            "unit_type_string0": "(Naval & Mobile & Construction) - Fabber",
            "unit_type_string1": "Naval & Mobile & Offense",
            "compare0": "<",
            "value0": 0.01
          }
        ]
      ]
    },
    {
      "name": "Gold - Piranha",
      "to_build": "SeaScout",
      "instance_count": 1,
      "max_num_assisters": 10,
      "priority": 97,
      "builders": ["BasicNavalFactory"],
      "build_conditions": [
        [
          {
            "test_type": "HasPersonalityTag",
            "string0": "gold",
            "boolean": true
          },
          {
            "test_type": "AloneOnPlanet",
            "boolean": false
          },
          {
            "test_type": "BaseThreatened",
            "boolean": false
          },
          {
            "test_type": "HaveFullPlanetIntel",
            "boolean": false
          },
          {
            "test_type": "UnitCountPerPlanetRadius",
            "unit_type_string0": "Air & Scout",
            "compare0": "<",
            "value0": 400
          },
          {
            "test_type": "UnitCountOnPlanet",
            "unit_type_string0": "Naval & Scout",
            "compare0": "<",
            "value0": 2
          }
        ],
        [
          {
            "test_type": "HasPersonalityTag",
            "string0": "gold",
            "boolean": true
          },
          {
            "test_type": "AloneOnPlanet",
            "boolean": false
          },
          {
            "test_type": "BaseThreatened",
            "boolean": false
          },
          {
            "test_type": "CanDeployNavalFromBase",
            "boolean": false
          },
          {
            "test_type": "UnitCountOnPlanet",
            "unit_type_string0": "Naval & Scout",
            "compare0": "<",
            "value0": 2
          }
        ],
        [
          {
            "test_type": "HasPersonalityTag",
            "string0": "gold",
            "boolean": true
          },
          {
            "test_type": "EnemySurfacePresenceOnPlanet",
            "boolean": true
          },
          {
            "test_type": "CanDeployNavalFromBase",
            "boolean": true
          },
          {
            "test_type": "PlanetHighestEnemyArmyThreat",
            "string0": "Naval",
            "compare0": ">",
            "value0": 0
          }
        ]
      ]
    },
    {
      "name": "Gold - Orca",
      "to_build": "Destroyer",
      "instance_count": -1,
      "max_num_assisters": 10,
      "priority": 97,
      "builders": ["BasicNavalFactory"],
      "build_conditions": [
        [
          {
            "test_type": "HasPersonalityTag",
            "string0": "gold",
            "boolean": true
          },
          {
            "test_type": "AloneOnPlanet",
            "boolean": false
          },
          {
            "test_type": "EnemySurfacePresenceOnPlanet",
            "boolean": false
          },
          {
            "test_type": "EnemyAirPresenceOnPlanet",
            "boolean": false
          },
          {
            "test_type": "EnemyOrbitalPresenceOnPlanet",
            "boolean": false
          },
          {
            "test_type": "HaveFullPlanetIntel",
            "boolean": false
          }
        ],
        [
          {
            "test_type": "HasPersonalityTag",
            "string0": "gold",
            "boolean": true
          },
          {
            "test_type": "EnemySurfacePresenceOnPlanet",
            "boolean": true
          },
          {
            "test_type": "CanDeployNavalFromBase",
            "boolean": true
          }
        ]
      ]
    },
    {
      "name": "Gold - Narwhal",
      "to_build": "Frigate",
      "instance_count": -1,
      "max_num_assisters": 10,
      "priority": 97,
      "builders": ["BasicNavalFactory"],
      "build_conditions": [
        [
          {
            "test_type": "HasPersonalityTag",
            "string0": "gold",
            "boolean": true
          },
          {
            "test_type": "AloneOnPlanet",
            "boolean": false
          },
          {
            "test_type": "EnemySurfacePresenceOnPlanet",
            "boolean": false
          },
          {
            "test_type": "EnemyAirPresenceOnPlanet",
            "boolean": false
          },
          {
            "test_type": "EnemyOrbitalPresenceOnPlanet",
            "boolean": false
          },
          {
            "test_type": "HaveFullPlanetIntel",
            "boolean": false
          }
        ],
        [
          {
            "test_type": "HasPersonalityTag",
            "string0": "gold",
            "boolean": true
          },
          {
            "test_type": "EnemyAirPresenceOnPlanet",
            "boolean": true
          },
          {
            "test_type": "CanDeployNavalFromBase",
            "boolean": true
          },
          {
            "test_type": "PlanetHighestEnemyArmyThreatRatio",
            "string0": "Air",
            "string1": "AntiAir",
            "compare0": ">",
            "value0": 1
          }
        ]
      ]
    },
    {
      "name": "Gold - Barracuda",
      "to_build": "Sub",
      "instance_count": -1,
      "max_num_assisters": 10,
      "priority": 97,
      "builders": ["BasicNavalFactory"],
      "build_conditions": [
        [
          {
            "test_type": "HasPersonalityTag",
            "string0": "gold",
            "boolean": true
          },
          {
            "test_type": "EnemySurfacePresenceOnPlanet",
            "boolean": true
          },
          {
            "test_type": "CanDeployNavalFromBase",
            "boolean": true
          },
          {
            "test_type": "PlanetHighestEnemyArmyThreatRatio",
            "string0": "Naval",
            "string1": "Naval",
            "compare0": ">",
            "value0": 1
          }
        ],
        [
          {
            "test_type": "HasPersonalityTag",
            "string0": "gold",
            "boolean": true
          },
          {
            "test_type": "EnemySurfacePresenceOnPlanet",
            "boolean": true
          },
          {
            "test_type": "CanDeployNavalFromBase",
            "boolean": true
          },
          {
            "test_type": "PlanetHighestEnemyArmyThreatRatio",
            "string0": "Sub",
            "string1": "AntiSub",
            "compare0": ">",
            "value0": 1
          }
        ]
      ]
    },
    {
      "name": "Gold - Advanced Naval Fabber",
      "to_build": "AdvancedNavalFabber",
      "instance_count": 1,
      "max_num_assisters": 10,
      "priority": 200,
      "builders": ["AdvancedNavalFactory"],
      "build_conditions": [
        [
          {
            "test_type": "HasPersonalityTag",
            "string0": "gold",
            "boolean": true
          },
          {
            "test_type": "BaseThreatened",
            "boolean": false
          },
          {
            "test_type": "UnitCountOnPlanet",
            "unit_type_string0": "Fabber & Advanced",
            "compare0": "<",
            "value0": 2
          }
        ],
        [
          {
            "test_type": "HasPersonalityTag",
            "string0": "gold",
            "boolean": true
          },
          {
            "test_type": "BaseThreatened",
            "boolean": false
          },
          {
            "test_type": "CanAffordPotentialDrain",
            "string0": "AdvancedNavalFabber"
          },
          {
            "test_type": "UnitRatioOnPlanet",
            "unit_type_string0": "Fabber & Advanced & Naval",
            "unit_type_string1": "Factory & Advanced & Naval",
            "compare0": "<",
            "value0": 1
          }
        ]
      ]
    },
    {
      "name": "Gold - Leviathan",
      "to_build": "Battleship",
      "instance_count": -1,
      "max_num_assisters": 10,
      "priority": 199,
      "builders": ["AdvancedNavalFactory"],
      "build_conditions": [
        [
          {
            "test_type": "HasPersonalityTag",
            "string0": "gold",
            "boolean": true
          },
          {
            "test_type": "EnemySurfacePresenceOnPlanet",
            "boolean": true
          },
          {
            "test_type": "CanDeployNavalFromBase",
            "boolean": true
          }
        ]
      ]
    },
    {
      "name": "Gold - Stingray",
      "to_build": "MissleShip",
      "instance_count": -1,
      "max_num_assisters": 10,
      "priority": 199,
      "builders": ["AdvancedNavalFactory"],
      "build_conditions": [
        [
          {
            "test_type": "HasPersonalityTag",
            "string0": "gold",
            "boolean": true
          },
          {
            "test_type": "EnemySurfacePresenceOnPlanet",
            "boolean": true
          },
          {
            "test_type": "EnemyOrbitalPresenceOnPlanet",
            "boolean": true
          },
          {
            "test_type": "CanDeployNavalFromBase",
            "boolean": true
          },
          {
            "test_type": "PlanetHighestEnemyArmyThreat",
            "string0": "Orbital",
            "compare0": ">",
            "value0": 0
          },
          {
            "test_type": "UnitRatioOnPlanet",
            "unit_type_string0": "Naval & Mobile & Tactical",
            "unit_type_string1": "(Naval & Mobile) - Fabber - Hover",
            "compare0": "<",
            "value0": 0.1
          }
        ],
        [
          {
            "test_type": "HasPersonalityTag",
            "string0": "gold",
            "boolean": true
          },
          {
            "test_type": "CanDeployNavalFromBase",
            "boolean": true
          },
          {
            "test_type": "UnitRatioOnPlanet",
            "unit_type_string0": "Naval & Mobile & (AirDefense | Tactical)",
            "unit_type_string1": "(Naval & Mobile) - Fabber - Hover",
            "compare0": "<",
            "value0": 0.1
          }
        ]
      ]
    },
    {
      "name": "Gold - Kraken",
      "to_build": "MissileSub",
      "instance_count": -1,
      "max_num_assisters": 10,
      "priority": 199,
      "builders": ["AdvancedNavalFactory"],
      "build_conditions": [
        [
          {
            "test_type": "HasPersonalityTag",
            "string0": "gold",
            "boolean": true
          },
          {
            "test_type": "EnemySurfacePresenceOnPlanet",
            "boolean": true
          },
          {
            "test_type": "CanDeployNavalFromBase",
            "boolean": true
          },
          {
            "test_type": "PlanetHighestEnemyArmyThreat",
            "string0": "Naval",
            "compare0": ">",
            "value0": 0
          }
        ]
      ]
    },
    {
      "name": "Gold - Typhoon",
      "to_build": "DroneCarrier",
      "instance_count": -1,
      "max_num_assisters": 10,
      "priority": 199,
      "builders": ["AdvancedNavalFactory"],
      "build_conditions": [
        [
          {
            "test_type": "HasPersonalityTag",
            "string0": "gold",
            "boolean": true
          },
          {
            "test_type": "EnemySurfacePresenceOnPlanet",
            "boolean": true
          },
          {
            "test_type": "CanDeployNavalFromBase",
            "boolean": true
          },
          {
            "test_type": "PlanetHighestEnemyArmyThreat",
            "string0": "Sub",
            "compare0": ">",
            "value0": 0
          }
        ]
      ]
    },
    {
      "name": "Gold - Kaiju",
      "to_build": "HoverShip",
      "instance_count": -1,
      "max_num_assisters": 10,
      "priority": 199,
      "builders": ["AdvancedNavalFactory"],
      "build_conditions": [
        [
          {
            "test_type": "HasPersonalityTag",
            "string0": "gold",
            "boolean": true
          },
          {
            "test_type": "EnemySurfacePresenceOnPlanet",
            "boolean": true
          },
          {
            "test_type": "PlanetHighestEnemyArmyThreat",
            "string0": "Naval",
            "compare0": "==",
            "value0": 0
          }
        ],
        [
          {
            "test_type": "HasPersonalityTag",
            "string0": "gold",
            "boolean": true
          },
          {
            "test_type": "EnemySurfacePresenceOnPlanet",
            "boolean": true
          },
          {
            "test_type": "CanDeployNavalFromBase",
            "boolean": false
          }
        ]
      ]
    }
  ]
}
