{
  "build_list": [
    {
      "name": "Gold - Stitch - Unit Cannon",
      "to_build": "BasicBotCombatFabber",
      "instance_count": 1,
      "priority": 97,
      "builders": ["UnitCannon"],
      "build_conditions": [
        [
          {
            "test_type": "HasPersonalityTag",
            "string0": "gold",
            "boolean": true
          }
        ]
      ]
    },
    {
      "name": "Gold - Slammer - Unit Cannon",
      "to_build": "AdvancedAssaultBot",
      "instance_count": -1,
      "max_num_assisters": 10,
      "priority": 97,
      "builders": ["UnitCannon"],
      "build_conditions": [
        [
          {
            "test_type": "HasPersonalityTag",
            "string0": "gold",
            "boolean": true
          }
        ]
      ]
    }
  ]
}
