{
  "ammo_capacity": 450,
  "ammo_demand": 30,
  "ammo_id": "/pa/units/air/l_firestarter/l_firestarter_turret_ammo.json",
  "ammo_per_shot": 450,
  "ammo_source": "metal",
  "auto_attack": true,
  "base_spec": "/pa/tools/base_bomb_bay/base_bomb_bay.json",
  "carpet_fire": true,
  "firing_arc_pitch": 360,
  "firing_arc_yaw": 360,
  "max_range": 15,
  "pitch_range": 180,
  "pitch_rate": 3600,
  "rate_of_fire": 7.5,
  "target_layers": [
    "WL_LandHorizontal",
    "WL_WaterSurface"
  ],
  "target_priorities": [
    "Commander",
    "AirDefense & (Land | Naval)",
    "Titan & (Land | Naval)",
    "Artillery & Advanced & (Land | Naval)",
    "Nuke | NukeDefense"
  ],
  "yaw_range": 180,
  "yaw_rate": 3600
}
