{
  "TEMP_texelinfo": 72.293,
  "area_build_separation": 100,
  "area_build_type": "Sphere",
  "atrophy_cool_down": 15.0,
  "atrophy_rate": 50.0,
  "audio": {
    "loops": {
      "enabled": {
        "cue": "/SE/Celestial/Planet_Engines_Loop",
        "flag": "enable_changed",
        "should_start_func": "is_enabled",
        "should_stop_func": "is_disabled"
      }
    }
  },
  "base_spec": "/pa/units/orbital/base_orbital_structure/base_orbital_structure.json",
  "build_metal_cost": 3000,
  "build_restrictions": "Terrainless",
  "death_weapon": {
    "ground_ammo_spec": "/pa/ammo/nuke_pbaoe/nuke_orbitalpbaoe.json"
  },
  "description": "!LOC:Gas mining and metal creation satellite. Only works above gas giant planets.",
  "display_name": "Jig",
  "events": {
    "build_complete": {
      "audio_cue": "/SE/Build_Complete/orbital_platform"
    },
    "died": {
      "audio_cue": "/SE/Death/orbital",
      "effect_scale": 1.0,
      "effect_spec": "/pa/effects/specs/mining_platform_orbital_explosion.pfx"
    }
  },
  "fx_offsets": [
    {
      "filename": "/pa/units/orbital/mining_platform/mining_platform_idle.pfx",
      "offset": [
        0,
        0,
        15.875
      ],
      "type": "idle"
    },
    {
      "bone": "bone_hose07",
      "filename": "/pa/units/orbital/mining_platform/mining_platform_idle_tip.pfx",
      "offset": [
        0,
        0,
        52.5
      ],
      "type": "idle"
    },
    {
      "label": "Straw 1",
      "type": "idle",
      "bone": "bone_hose07",
      "filename": "/pa/units/orbital/mining_platform/straw_2_8_1.pfx",
      "offset": [
        0,
        -2,
        0
      ]
    },
    {
      "label": "Straw 2",
      "type": "idle",
      "bone": "bone_hose06",
      "filename": "/pa/units/orbital/mining_platform/straw_2_8_2.pfx",
      "offset": [
        0,
        -8,
        0
      ]
    },
    {
      "label": "Straw 3",
      "type": "idle",
      "bone": "bone_hose05",
      "filename": "/pa/units/orbital/mining_platform/straw_2_8_3.pfx",
      "offset": [
        0,
        -3,
        0
      ]
    },
    {
      "label": "Straw 4",
      "type": "idle",
      "bone": "bone_hose04",
      "filename": "/pa/units/orbital/mining_platform/straw_2_8_4.pfx",
      "offset": [
        0,
        0,
        0
      ]
    },
    {
      "label": "Straw 5",
      "type": "idle",
      "bone": "bone_hose03",
      "filename": "/pa/units/orbital/mining_platform/straw_2_8_5.pfx",
      "offset": [
        0,
        -4,
        0
      ]
    },
    {
      "label": "Straw 6",
      "type": "idle",
      "bone": "bone_hose02",
      "filename": "/pa/units/orbital/mining_platform/straw_2_8_6.pfx",
      "offset": [
        0,
        -11,
        -2
      ]
    },
    {
      "label": "Straw 7",
      "type": "idle",
      "bone": "bone_hose01",
      "filename": "/pa/units/orbital/mining_platform/straw_2_8_7.pfx",
      "offset": [
        0,
        -5.2,
        -3
      ]
    },
    {
      "label": "Bottom Antenna",
      "type": "idle",
      "bone": "bone_root",
      "filename": "/pa/units/orbital/mining_platform/straw_2_8_8.pfx",
      "offset": [
        0.5,
        0.5,
        -53.3
      ]
    },
    {
      "label": "Border Light S4-E3",
      "type": "idle",
      "bone": "bone_shield04",
      "filename": "/pa/units/orbital/mining_platform/position_light_1_4_3_8.pfx",
      "offset": [
        21.95,
        5.1,
        5.9
      ]
    },
    {
      "label": "Border Light S4-E4",
      "type": "idle",
      "bone": "bone_shield04",
      "filename": "/pa/units/orbital/mining_platform/position_light_1_4_4_8.pfx",
      "offset": [
        -21.95,
        5.1,
        5.9
      ]
    },
    {
      "label": "Border Light S3-E2",
      "type": "idle",
      "bone": "bone_shield03",
      "filename": "/pa/units/orbital/mining_platform/position_light_1_4_2_8.pfx",
      "offset": [
        21.95,
        5.1,
        5.9
      ]
    },
    {
      "label": "Border Light S3-E3",
      "type": "idle",
      "bone": "bone_shield03",
      "filename": "/pa/units/orbital/mining_platform/position_light_1_4_3_8.pfx",
      "offset": [
        -21.95,
        5.1,
        5.9
      ]
    },
    {
      "label": "Border Light S2-E1",
      "type": "idle",
      "bone": "bone_shield02",
      "filename": "/pa/units/orbital/mining_platform/position_light_1_4_1_8.pfx",
      "offset": [
        21.95,
        5.1,
        5.9
      ]
    },
    {
      "label": "Border Light S2-E2",
      "type": "idle",
      "bone": "bone_shield02",
      "filename": "/pa/units/orbital/mining_platform/position_light_1_4_2_8.pfx",
      "offset": [
        -21.95,
        5.1,
        5.9
      ]
    },
    {
      "label": "Border Light S1-E4",
      "type": "idle",
      "bone": "bone_shield01",
      "filename": "/pa/units/orbital/mining_platform/position_light_1_4_4_8.pfx",
      "offset": [
        21.95,
        5.1,
        5.9
      ]
    },
    {
      "label": "Border Light S1-E1",
      "type": "idle",
      "bone": "bone_shield01",
      "filename": "/pa/units/orbital/mining_platform/position_light_1_4_1_8.pfx",
      "offset": [
        -21.95,
        5.1,
        5.9
      ]
    },
    {
      "label": "Energy Plant Light 3",
      "type": "idle",
      "bone": "bone_root",
      "filename": "/pa/units/orbital/mining_platform/energy_light_2_4_1_2.pfx",
      "offset": [
        7.9,
        0,
        26.8
      ]
    },
    {
      "label": "Energy Plant Light 2",
      "type": "idle",
      "bone": "bone_root",
      "filename": "/pa/units/orbital/mining_platform/energy_light_2_4_3_2.pfx",
      "offset": [
        -7.9,
        0,
        26.8
      ]
    },
    {
      "label": "Energy Plant Light 1",
      "type": "idle",
      "bone": "bone_root",
      "filename": "/pa/units/orbital/mining_platform/energy_light_2_4_2_2.pfx",
      "offset": [
        0,
        -7.9,
        26.8
      ]
    }
  ],
  "lamps": [
    {
      "bone": "bone_rotator02",
      "color": [
        1.0,
        1.0,
        1.0
      ],
      "intensity": 1.0,
      "offset": [
        0.0,
        -4.15,
        0.0
      ],
      "radius": 4.5
    },
    {
      "bone": "bone_rotator02",
      "color": [
        1.0,
        1.0,
        1.0
      ],
      "intensity": 1.0,
      "offset": [
        -3.59,
        2.08,
        0.0
      ],
      "radius": 4.5
    },
    {
      "bone": "bone_rotator02",
      "color": [
        1.0,
        1.0,
        1.0
      ],
      "intensity": 1.0,
      "offset": [
        3.59,
        2.08,
        0.0
      ],
      "radius": 4.5
    },
    {
      "color": [
        1.0,
        0.0,
        0.0
      ],
      "intensity": 2.0,
      "offset": [
        0.0,
        7.43,
        24.87
      ],
      "radius": 4.0
    },
    {
      "color": [
        1.0,
        0.0,
        0.0
      ],
      "intensity": 2.0,
      "offset": [
        0.0,
        17.87,
        22.0
      ],
      "radius": 4.0
    },
    {
      "color": [
        1.0,
        1.0,
        1.0
      ],
      "intensity": 1.0,
      "offset": [
        20.5,
        0.0,
        0.6
      ],
      "radius": 6.0
    },
    {
      "color": [
        1.0,
        1.0,
        1.0
      ],
      "intensity": 1.0,
      "offset": [
        -20.5,
        0.0,
        0.6
      ],
      "radius": 6.0
    }
  ],
  "max_health": 500,
  "mesh_bounds": [
    50,
    50,
    50
  ],
  "model": {
    "animations": {
      "end": "/pa/units/orbital/mining_platform/mining_platform_anim_loop.papa",
      "loop": "/pa/units/orbital/mining_platform/mining_platform_anim_loop.papa",
      "start": "/pa/units/orbital/mining_platform/mining_platform_anim_start.papa"
    },
    "animtree": "/pa/anim/anim_trees/constant_idle_transition_anim_tree.json",
    "filename": "/pa/units/orbital/mining_platform/mining_platform.papa"
  },
  "physics": {
    "collision_layers": "WL_Orbital",
    "ignore_gravity": true,
    "radius": 20
  },
  "placement_size": [
    100,
    100
  ],
  "production": {
    "energy": 9000,
    "metal": 36
  },
  "recon": {
    "observer": {
      "items": [
        {
          "channel": "sight",
          "layer": "orbital",
          "radius": 250,
          "shape": "sphere"
        }
      ]
    }
  },
  "selection_icon": {
    "diameter": 105.0
  },
  "spawn_layers": "WL_Orbital",
  "storage": {
    "energy": 50000,
    "metal": 10000
  },
  "unit_types": [
    "UNITTYPE_Orbital",
    "UNITTYPE_FabOrbBuild",
    "UNITTYPE_EnergyProduction",
    "UNITTYPE_MetalProduction",
    "UNITTYPE_Structure",
    "UNITTYPE_Economy"
  ]
}