{
  "blend_root": {
    "nodes": {
      "being_built": {
        "type": "bind_pose"
      },
      "dead": {
        "type": "bind_pose"
      },
      "ghost": {
        "type": "bind_pose"
      },
      "living": {
        "node_idle": {
          "anim_name": "idle",
          "type": "playback"
        },
        "node_walk": {
          "anim_name": "walk",
          "type": "playback"
        },
        "type": "walk"
      }
    },
    "type": "unit_state"
  },
  "skeleton_controls": [
    {
      "rotation_axis": "z",
      "rotation_bone": "turret01",
      "type": "procedural_aim"
    },
    {
      "rotation_axis": "x",
      "rotation_bone": "pitch01",
      "type": "procedural_aim"
    },
    {
      "rotation_axis": "z",
      "rotation_bone": "turret02",
      "type": "procedural_aim"
    },
    {
      "rotation_axis": "x",
      "rotation_bone": "pitch02",
      "type": "procedural_aim"
    }
  ]
}
