{
  "blend_root": {
    "type": "bind_pose"
  },
  "skeleton_controls": [
    {
      "rotation_axis": "z",
      "rotation_bone": "turret001",
      "type": "procedural_aim",
      "weapon_index": 0
    },
    {
      "rotation_axis": "x",
      "rotation_bone": "pitch001",
      "type": "procedural_aim",
      "weapon_index": 0
    },
    {
      "rotation_axis": "z",
      "rotation_bone": "turret002",
      "type": "procedural_aim",
      "weapon_index": 1
    },
    {
      "rotation_axis": "x",
      "rotation_bone": "pitch002",
      "type": "procedural_aim",
      "weapon_index": 1
    },
    {
      "rotation_axis": "z",
      "rotation_bone": "turret003",
      "type": "procedural_aim",
      "weapon_index": 2
    },
    {
      "rotation_axis": "x",
      "rotation_bone": "pitch003",
      "type": "procedural_aim",
      "weapon_index": 2
    },
    {
      "rotation_axis": "z",
      "rotation_bone": "turret004",
      "type": "procedural_aim",
      "weapon_index": 3
    },
    {
      "bone": "recoil001",
      "recoil_dist": 3.0,
      "restore_time": 1.0,
      "type": "recoil",
      "unit_event": "fired1"
    },
    {
      "bone": "recoil002",
      "recoil_dist": 3.0,
      "restore_time": 1.0,
      "type": "recoil",
      "unit_event": "fired2"
    },
    {
      "bone": "recoil003",
      "recoil_dist": 3.0,
      "restore_time": 1.0,
      "type": "recoil",
      "unit_event": "fired3"
    },
    {
      "bone": "recoil004",
      "recoil_dist": 3.0,
      "restore_time": 1.0,
      "type": "recoil",
      "unit_event": "fired0"
    }
  ]
}
