{
  "blend_root": {
    "nodes": {
      "being_built": {
        "type": "bind_pose"
      },
      "dead": {
        "type": "bind_pose"
      },
      "ghost": {
        "type": "bind_pose"
      },
      "living": {
        "anim_name": "idle",
        "type": "playback"
      }
    },
    "type": "unit_state"
  },
  "skeleton_controls": [
    {
      "bone": "bone_recoilLeft",
      "recoil_dist": 1.5,
      "restore_time": 1,
      "type": "recoil",
      "unit_event": "fired0"
    },
    {
      "bone": "bone_recoilRight",
      "recoil_dist": 1.5,
      "restore_time": 1,
      "type": "recoil",
      "unit_event": "fired1"
    },
    {
      "bone": "bone_torpedoRecoil",
      "recoil_dist": 1.5,
      "restore_time": 1,
      "type": "recoil",
      "unit_event": "fired2"
    },
    {
      "child": {
        "rotation_axis": "x",
        "rotation_bone": "bone_pitchLeft",
        "type": "procedural_aim",
        "weapon_index": 0
      },
      "lerp_func": "is_active",
      "type": "fader"
    },
    {
      "child": {
        "rotation_axis": "x",
        "rotation_bone": "bone_pitchRight",
        "type": "procedural_aim",
        "weapon_index": 1
      },
      "lerp_func": "is_active",
      "type": "fader"
    },
    {
      "rotation_axis": "z",
      "rotation_bone": "bone_torpedoTurret",
      "type": "procedural_aim",
      "weapon_index": 2
    }
  ]
}
