{
  "blend_root": {
    "nodes": {
      "being_built": {
        "type": "bind_pose"
      },
      "dead": {
        "type": "bind_pose"
      },
      "ghost": {
        "type": "bind_pose"
      },
      "living": {
        "aim_bone_root": "bone_turret",
        "child": {
          "node_walk": {
            "anim_name": "walk",
            "events": [
              {
                "parameters": {
                  "cue": "/SE/Movement/titan/bot_step_big"
                },
                "time": 1.8,
                "type": "audio"
              },
              {
                "parameters": {
                  "cue": "/SE/Movement/titan/bot_step_big"
                },
                "time": 3.7,
                "type": "audio"
              },
              {
                "parameters": {
                  "bone": "bone_rightFoot",
                  "effect_scale": 2.0,
                  "spec": "/pa/units/land/titan_bot/titan_bot_footstep_01.pfx"
                },
                "time": 1.8,
                "type": "effect"
              },
              {
                "parameters": {
                  "bone": "bone_leftFoot",
                  "effect_scale": 2.0,
                  "spec": "/pa/units/land/titan_bot/titan_bot_footstep_01.pfx"
                },
                "time": 3.7,
                "type": "effect"
              }
            ],
            "looping": true,
            "type": "playback"
          },
          "type": "walk"
        },
        "node_aim_down": {
          "type": "bind_pose"
        },
        "node_aim_neutral": {
          "type": "bind_pose"
        },
        "node_aim_up": {
          "type": "bind_pose"
        },
        "type": "aim_blend"
      }
    },
    "type": "unit_state"
  },
  "skeleton_controls": [
    {
      "child": {
        "rotation_axis": "z",
        "rotation_bone": "bone_turret",
        "type": "procedural_aim",
        "weapon_index": 0
      },
      "lerp_func": "is_active",
      "type": "fader"
    },
    {
      "child": {
        "rotation_axis": "x",
        "rotation_bone": "bone_pitch",
        "type": "procedural_aim",
        "weapon_index": 0
      },
      "lerp_func": "is_active",
      "type": "fader"
    },
    {
      "rotation_axis": "z",
      "rotation_bone": "bone_rightShoulderTurret",
      "type": "procedural_aim",
      "weapon_index": 1
    },
    {
      "rotation_axis": "x",
      "rotation_bone": "bone_rightShoulderPitch",
      "type": "procedural_aim",
      "weapon_index": 1
    },
    {
      "rotation_axis": "z",
      "rotation_bone": "bone_rightShoulderTurret",
      "type": "procedural_aim",
      "weapon_index": 0
    },
    {
      "bone": "bone_recoilLeftTop",
      "recoil_dist": 2.0,
      "restore_time": 1,
      "type": "recoil",
      "unit_event": "fired0"
    },
    {
      "bone": "bone_recoilLeftBottom",
      "recoil_dist": 2.0,
      "restore_time": 1,
      "type": "recoil",
      "unit_event": "fired0"
    }
  ]
}
