{
  "blend_root": {
    "type": "bind_pose"
  },
  "skeleton_controls": [
    {
      "rotation_axis": "z",
      "rotation_bone": "bone_turret01",
      "type": "procedural_aim",
      "weapon_index": 0
    },
    {
      "rotation_axis": "x",
      "rotation_bone": "bone_pitch01",
      "type": "procedural_aim",
      "weapon_index": 0
    },
    {
      "rotation_axis": "z",
      "rotation_bone": "bone_turret02",
      "type": "procedural_aim",
      "weapon_index": 1
    },
    {
      "rotation_axis": "x",
      "rotation_bone": "bone_pitch02",
      "type": "procedural_aim",
      "weapon_index": 1
    },
    {
      "rotation_axis": "z",
      "rotation_bone": "bone_turret03",
      "type": "procedural_aim",
      "weapon_index": 2
    },
    {
      "rotation_axis": "x",
      "rotation_bone": "bone_pitch03",
      "type": "procedural_aim",
      "weapon_index": 2
    }
  ]
}
