{
  "build_list": [
    {
      "name": "Legion - Silver - Guardian - Starcannon",
      "to_build": "LegionVehicleBasicCFab",
      "instance_count": 1,
      "priority": 97,
      "builders": ["LegionOrbitalAdvancedCannon"],
      "build_conditions": [
        [
          {
            "test_type": "HasPersonalityTag",
            "string0": "silver",
            "boolean": true
          },
          {
            "test_type": "UnitRatioOnPlanet",
            "unit_type_string0": "Land & Mobile & (Construction | Scout) - Fabber",
            "unit_type_string1": "Land & Mobile & Offense",
            "compare0": "<",
            "value0": 0.04
          }
        ]
      ]
    },
    {
      "name": "Legion - Silver - Scorpion - Starcannon",
      "to_build": "LegionVehicleAdvancedLaser",
      "instance_count": -1,
      "max_num_assisters": 10,
      "priority": 97,
      "builders": ["LegionOrbitalAdvancedCannon"],
      "build_conditions": [
        [
          {
            "test_type": "HasPersonalityTag",
            "string0": "silver",
            "boolean": true
          }
        ]
      ]
    }
  ]
}
