{
  "build_list": [
    {
      "name": "Silver - Nuke Missile",
      "to_build": "NukeMissile",
      "instance_count": -1,
      "min_num_assisters": 3,
      "max_num_assisters": 12,
      "priority": 151,
      "builders": ["NukeSilo"],
      "build_conditions": [
        [
          {
            "test_type": "HasPersonalityTag",
            "string0": "silver",
            "boolean": true
          },
          {
            "test_type": "FactoryHasOpenSlot"
          }
        ]
      ]
    },
    {
      "name": "Silver - Anti Nuke Missile",
      "to_build": "AntiNukeMissile",
      "instance_count": -1,
      "min_num_assisters": 3,
      "max_num_assisters": 12,
      "priority": 151,
      "builders": ["AntiNukeSilo"],
      "build_conditions": [
        [
          {
            "test_type": "HasPersonalityTag",
            "string0": "silver",
            "boolean": true
          },
          {
            "test_type": "FactoryHasOpenSlot"
          }
        ]
      ]
    }
  ]
}
