{
  "build_list": [
    {
      "name": "Silver - Orbital Fabber",
      "to_build": "OrbitalFabber",
      "instance_count": 1,
      "max_num_assisters": 10,
      "priority": 199,
      "builders": ["OrbitalLauncher"],
      "build_conditions": [
        [
          {
            "test_type": "HasPersonalityTag",
            "string0": "silver",
            "boolean": true
          },
          {
            "test_type": "BaseThreat",
            "string0": "Orbital",
            "compare0": "<=",
            "value0": 0
          },
          {
            "test_type": "UnitCountOnPlanet",
            "unit_type_string0": "Orbital & Fabber",
            "compare0": "<",
            "value0": 1
          }
        ],
        [
          {
            "test_type": "HasPersonalityTag",
            "string0": "silver",
            "boolean": true
          },
          {
            "test_type": "PlanetCount",
            "compare0": ">",
            "value0": 1
          },
          {
            "test_type": "CanAffordPotentialDrain",
            "string0": "OrbitalFabber"
          },
          {
            "test_type": "BaseThreat",
            "string0": "Orbital",
            "compare0": "<=",
            "value0": 0
          },
          {
            "test_type": "UnitRatioOnPlanet",
            "unit_type_string0": "Fabber & Orbital",
            "unit_type_string1": "Factory & Orbital",
            "compare0": "<",
            "value0": 3
          }
        ]
      ]
    },
    {
      "name": "Silver - ARKYD",
      "to_build": "BasicRadarSattelite",
      "instance_count": 1,
      "max_num_assisters": 10,
      "priority": 97,
      "builders": ["OrbitalLauncher"],
      "build_conditions": [
        [
          {
            "test_type": "HasPersonalityTag",
            "string0": "silver",
            "boolean": true
          },
          {
            "test_type": "ThisPlanetNeedsReconAssistance",
            "boolean": true
          },
          {
            "test_type": "BaseThreat",
            "string0": "Orbital",
            "compare0": "<=",
            "value0": 0
          }
        ],
        [
          {
            "test_type": "HasPersonalityTag",
            "string0": "silver",
            "boolean": true
          },
          {
            "test_type": "OtherPlanetNeedsReconAssistance",
            "boolean": true
          },
          {
            "test_type": "BaseThreat",
            "string0": "Orbital",
            "compare0": "<=",
            "value0": 0
          }
        ]
      ]
    },
    {
      "name": "Silver - Hermes",
      "to_build": "OrbitalProbe",
      "instance_count": 1,
      "priority": 97,
      "builders": ["OrbitalLauncher"],
      "build_conditions": [
        [
          {
            "test_type": "HasPersonalityTag",
            "string0": "silver",
            "boolean": true
          },
          {
            "test_type": "ThisPlanetNeedsReconAssistance",
            "boolean": true
          },
          {
            "test_type": "BaseThreat",
            "string0": "Orbital",
            "compare0": "<=",
            "value0": 0
          }
        ],
        [
          {
            "test_type": "HasPersonalityTag",
            "string0": "silver",
            "boolean": true
          },
          {
            "test_type": "OtherPlanetNeedsReconAssistance",
            "boolean": true
          },
          {
            "test_type": "BaseThreat",
            "string0": "Orbital",
            "compare0": "<=",
            "value0": 0
          }
        ]
      ]
    },
    {
      "name": "Silver - Avenger",
      "to_build": "OrbitalFighter",
      "instance_count": -1,
      "max_num_assisters": 10,
      "priority": 97,
      "builders": ["AnyUberOrbitalFactory"],
      "build_conditions": [
        [
          {
            "test_type": "HasPersonalityTag",
            "string0": "silver",
            "boolean": true
          },
          {
            "test_type": "SystemThreat",
            "string0": "Orbital",
            "compare0": ">",
            "value0": 0
          }
        ]
      ]
    },
    {
      "name": "Silver - Astraeus",
      "to_build": "OrbitalLander",
      "instance_count": 1,
      "max_num_assisters": 10,
      "priority": 200,
      "builders": ["AnyUberOrbitalFactory"],
      "build_conditions": [
        [
          {
            "test_type": "HasPersonalityTag",
            "string0": "silver",
            "boolean": true
          },
          {
            "test_type": "PlanetWithoutPresence",
            "boolean": true
          },
          {
            "test_type": "PlanetIsGasGiant",
            "boolean": false
          },
          {
            "test_type": "BaseThreat",
            "string0": "Orbital",
            "compare0": "<=",
            "value0": 0
          },
          {
            "test_type": "UnitCountOnPlanet",
            "unit_type_string0": "Orbital & Transport",
            "compare0": "<",
            "value0": 1
          }
        ]
      ]
    },
    {
      "name": "Silver - Solar Array",
      "to_build": "SolarArray",
      "instance_count": 1,
      "max_num_assisters": 10,
      "priority": 97,
      "builders": ["OrbitalFactory"],
      "build_conditions": [
        [
          {
            "test_type": "HasPersonalityTag",
            "string0": "silver",
            "boolean": true
          },
          {
            "test_type": "PotentialEnergyEfficiency",
            "compare0": "<",
            "value0": 1
          },
          {
            "test_type": "BaseThreat",
            "string0": "Orbital",
            "compare0": "<=",
            "value0": 0
          }
        ],
        [
          {
            "test_type": "HasPersonalityTag",
            "string0": "silver",
            "boolean": true
          },
          {
            "test_type": "DesireEnergy"
          },
          {
            "test_type": "BaseThreat",
            "string0": "Orbital",
            "compare0": "<=",
            "value0": 0
          }
        ]
      ]
    },
    {
      "name": "Silver - SXX-1304 Laser Platform",
      "to_build": "OrbitalDeathLaser",
      "instance_count": -1,
      "max_num_assisters": 10,
      "priority": 97,
      "builders": ["OrbitalFactory"],
      "build_conditions": [
        [
          {
            "test_type": "HasPersonalityTag",
            "string0": "silver",
            "boolean": true
          },
          {
            "test_type": "BaseThreat",
            "string0": "Orbital",
            "compare0": "<=",
            "value0": 0
          }
        ]
      ]
    },
    {
      "name": "Silver - Advanced Radar Satellite - This Planet",
      "to_build": "AdvancedRadarSattelite",
      "instance_count": 1,
      "max_num_assisters": 10,
      "priority": 97,
      "builders": ["OrbitalFactory"],
      "build_conditions": [
        [
          {
            "test_type": "HasPersonalityTag",
            "string0": "silver",
            "boolean": true
          },
          {
            "test_type": "ThisPlanetNeedsReconAssistance",
            "boolean": true
          },
          {
            "test_type": "BaseThreat",
            "string0": "Orbital",
            "compare0": "<=",
            "value0": 0
          }
        ],
        [
          {
            "test_type": "HasPersonalityTag",
            "string0": "silver",
            "boolean": true
          },
          {
            "test_type": "OtherPlanetNeedsReconAssistance",
            "boolean": true
          },
          {
            "test_type": "BaseThreat",
            "string0": "Orbital",
            "compare0": "<=",
            "value0": 0
          }
        ]
      ]
    },
    {
      "name": "Silver - Artemis",
      "to_build": "OrbitalRailgun",
      "instance_count": -1,
      "max_num_assisters": 5,
      "priority": 97,
      "builders": ["OrbitalFactory"],
      "build_conditions": [
        [
          {
            "test_type": "HasPersonalityTag",
            "string0": "silver",
            "boolean": true
          },
          {
            "test_type": "SystemThreat",
            "string0": "Orbital",
            "compare0": ">",
            "value0": 0
          }
        ]
      ]
    },
    {
      "name": "Silver - Omega",
      "to_build": "OrbitalBattleShip",
      "instance_count": -1,
      "max_num_assisters": 5,
      "priority": 97,
      "builders": ["OrbitalFactory"],
      "build_conditions": [
        [
          {
            "test_type": "HasPersonalityTag",
            "string0": "silver",
            "boolean": true
          },
          {
            "test_type": "SystemThreat",
            "string0": "Orbital",
            "compare0": ">",
            "value0": 0
          },
          {
            "test_type": "UnitRatioOnPlanet",
            "unit_type_string0": "Orbital & Fighter & Heavy",
            "unit_type_string1": "Orbital & Fighter & Mobile - Titan",
            "compare0": "<",
            "value0": 0.2
          }
        ]
      ]
    }
  ]
}
