{
  "build_list": [
    {
      "name": "Legion - Silver - Thor",
      "to_build": "LegionTitanAdvancedBot",
      "instance_count": 1,
      "min_num_assisters": 3,
      "max_num_assisters": 15,
      "shared_instance_count": "Titan",
      "priority": 250,
      "base_sort": "FromBuilder",
      "builders": [
        "LegionBotAdvancedFabber",
        "LegionOrbitalBasicFabber",
        "LegionBotAdvancedSupportCommander"
      ],
      "build_conditions": [
        [
          {
            "test_type": "HasPersonalityTag",
            "string0": "silver",
            "boolean": true
          },
          {
            "test_type": "EnemySurfacePresenceOnPlanet",
            "boolean": true
          },
          {
            "test_type": "PlanetIsRespawnable",
            "boolean": false
          },
          {
            "test_type": "CanAffordBuildDemand"
          },
          {
            "test_type": "PlanetHighestEnemyArmyThreat",
            "string0": "AntiSurface",
            "compare0": ">",
            "value0": 2800
          },
          {
            "test_type": "CanFindPlaceToBuild",
            "string0": "LegionTitanAdvancedBot"
          }
        ]
      ],
      "placement_rules": {
        "placement_type": "FromBasePerimeter",
        "threat": {
          "influence_type": "AntiSurface",
          "compare_type": "<",
          "radius": 10,
          "value": 50
        }
      }
    },
    {
      "name": "Legion - Silver - Odin",
      "to_build": "LegionTitanAdvancedVehicle",
      "instance_count": 1,
      "min_num_assisters": 3,
      "max_num_assisters": 15,
      "shared_instance_count": "Titan",
      "priority": 250,
      "base_sort": "FromBuilder",
      "builders": ["LegionVehicleAdvancedFabber", "LegionOrbitalBasicFabber"],
      "build_conditions": [
        [
          {
            "test_type": "HasPersonalityTag",
            "string0": "silver",
            "boolean": true
          },
          {
            "test_type": "EnemySurfacePresenceOnPlanet",
            "boolean": true
          },
          {
            "test_type": "PlanetIsRespawnable",
            "boolean": false
          },
          {
            "test_type": "CanAffordBuildDemand"
          },
          {
            "test_type": "PlanetHighestEnemyArmyThreat",
            "string0": "AntiSurface",
            "compare0": ">",
            "value0": 2800
          },
          {
            "test_type": "CanFindPlaceToBuild",
            "string0": "LegionTitanAdvancedVehicle"
          }
        ]
      ],
      "placement_rules": {
        "placement_type": "FromBasePerimeter",
        "threat": {
          "influence_type": "AntiSurface",
          "compare_type": "<",
          "radius": 10,
          "value": 50
        }
      }
    },
    {
      "name": "Legion - Silver - Loki",
      "to_build": "LegionTitanAdvancedAir",
      "instance_count": 1,
      "min_num_assisters": 3,
      "max_num_assisters": 15,
      "shared_instance_count": "Titan",
      "priority": 250,
      "base_sort": "FromMainBase",
      "builders": ["LegionAirAdvancedFabber", "LegionOrbitalBasicFabber"],
      "build_conditions": [
        [
          {
            "test_type": "HasPersonalityTag",
            "string0": "silver",
            "boolean": true
          },
          {
            "test_type": "EnemySurfacePresenceOnPlanet",
            "boolean": true
          },
          {
            "test_type": "PlanetIsRespawnable",
            "boolean": false
          },
          {
            "test_type": "CanAffordBuildDemand"
          },
          {
            "test_type": "PlanetHighestEnemyArmyThreat",
            "string0": "AntiSurface",
            "compare0": ">",
            "value0": 2800
          },
          {
            "test_type": "CanFindPlaceToBuild",
            "string0": "LegionTitanAdvancedAir"
          }
        ]
      ],
      "placement_rules": {
        "placement_type": "FromBasePerimeter",
        "threat": {
          "influence_type": "AntiSurface",
          "compare_type": "<",
          "radius": 10,
          "value": 50
        }
      }
    },
    {
      "name": "Legion - Silver - Tyr",
      "to_build": "LegionTitanAdvancedOrbital",
      "instance_count": 1,
      "min_num_assisters": 3,
      "max_num_assisters": 15,
      "shared_instance_count": "Titan",
      "priority": 250,
      "base_sort": "FromMainBase",
      "builders": ["LegionOrbitalBasicFabber"],
      "build_conditions": [
        [
          {
            "test_type": "HasPersonalityTag",
            "string0": "silver",
            "boolean": true
          },
          {
            "test_type": "CanAffordBuildDemand"
          },
          {
            "test_type": "CanFindPlaceToBuild",
            "string0": "LegionTitanAdvancedOrbital"
          }
        ]
      ],
      "placement_rules": {
        "placement_type": "FromBasePerimeter",
        "threat": {
          "influence_type": "AntiOrbital",
          "compare_type": "<",
          "radius": 10,
          "value": 50
        }
      }
    }
  ]
}
