{
  "build_list": [
    {
      "name": "Silver - Metal Extractor - Area",
      "to_build": "BasicMetalExtractor",
      "instance_count": 2,
      "shared_instance_count": "BasicMetal",
      "max_num_assisters": 1,
      "priority": 360,
      "base_sort": "FromBuilder",
      "builders": [
        "AnyUberBasicFabber",
        "AnyUberAdvancedFabber",
        "OrbitalFabber"
      ],
      "build_conditions": [
        [
          {
            "test_type": "HasPersonalityTag",
            "string0": "silver",
            "boolean": true
          },
          {
            "test_type": "PlanetIsGasGiant",
            "boolean": false
          },
          {
            "test_type": "PotentialMetalEfficiency",
            "compare0": "<",
            "value0": 1
          },
          {
            "test_type": "CanFindMetalSpotToBuildBasic",
            "boolean": true
          }
        ],
        [
          {
            "test_type": "HasPersonalityTag",
            "string0": "silver",
            "boolean": true
          },
          {
            "test_type": "PlanetIsGasGiant",
            "boolean": false
          },
          {
            "test_type": "DesireMetal"
          },
          {
            "test_type": "CanFindMetalSpotToBuildBasic",
            "boolean": true
          }
        ]
      ],
      "placement_rules": {
        "placement_type": "FromBaseCenter",
        "threat": {
          "influence_type": "AntiSurface",
          "compare_type": "<",
          "radius": 10,
          "value": 50
        }
      },
      "task_type": "AreaBuild"
    },
    {
      "name": "Silver - Basic Energy Generator",
      "to_build": "BasicEnergyGenerator",
      "instance_count": 1,
      "max_num_assisters": 3,
      "priority": 361,
      "base_sort": "FromBuilder",
      "builders": ["AnyUberBasicFabber"],
      "build_conditions": [
        [
          {
            "test_type": "HasPersonalityTag",
            "string0": "silver",
            "boolean": true
          },
          {
            "test_type": "DesireEnergy"
          },
          {
            "test_type": "CanFindPlaceToBuild",
            "string0": "BasicEnergyGenerator"
          }
        ],
        [
          {
            "test_type": "HasPersonalityTag",
            "string0": "silver",
            "boolean": true
          },
          {
            "test_type": "PotentialEnergyEfficiency",
            "compare0": "<",
            "value0": 1
          },
          {
            "test_type": "CanFindPlaceToBuild",
            "string0": "BasicEnergyGenerator"
          }
        ]
      ],
      "placement_rules": {
        "buffer": 3,
        "placement_type": "FromBaseCenter",
        "threat": {
          "influence_type": "AntiSurface",
          "compare_type": "<",
          "radius": 10,
          "value": 50
        }
      }
    },
    {
      "name": "Silver - Advanced Metal Extractor - Area",
      "to_build": "AdvancedMetalExtractor",
      "instance_count": 1,
      "shared_instance_count": "AdvancedMetal",
      "max_num_assisters": 3,
      "priority": 370,
      "base_sort": "FromBuilder",
      "builders": ["AnyUberAdvancedFabber"],
      "build_conditions": [
        [
          {
            "test_type": "HasPersonalityTag",
            "string0": "silver",
            "boolean": true
          },
          {
            "test_type": "PotentialMetalEfficiency",
            "compare0": "<",
            "value0": 1
          },
          {
            "test_type": "CanFindMetalSpotToBuildAdvanced",
            "boolean": true
          }
        ],
        [
          {
            "test_type": "HasPersonalityTag",
            "string0": "silver",
            "boolean": true
          },
          {
            "test_type": "DesireMetal"
          },
          {
            "test_type": "CanFindMetalSpotToBuildAdvanced",
            "boolean": true
          }
        ]
      ],
      "placement_rules": {
        "placement_type": "FromBaseCenter",
        "threat": {
          "influence_type": "AntiSurface",
          "compare_type": "<",
          "radius": 10,
          "value": 50
        }
      },
      "task_type": "AreaBuild"
    },
    {
      "name": "Silver - Advanced Energy Generator",
      "to_build": "AdvancedEnergyGenerator",
      "instance_count": 1,
      "max_num_assisters": 3,
      "priority": 370,
      "base_sort": "FromBuilder",
      "builders": ["AnyUberAdvancedFabber"],
      "build_conditions": [
        [
          {
            "test_type": "HasPersonalityTag",
            "string0": "silver",
            "boolean": true
          },
          {
            "test_type": "PotentialEnergyEfficiency",
            "compare0": "<",
            "value0": 1
          },
          {
            "test_type": "CanFindPlaceToBuild",
            "string0": "AdvancedEnergyGenerator"
          }
        ],
        [
          {
            "test_type": "HasPersonalityTag",
            "string0": "silver",
            "boolean": true
          },
          {
            "test_type": "DesireEnergy"
          },
          {
            "test_type": "CanFindPlaceToBuild",
            "string0": "AdvancedEnergyGenerator"
          }
        ]
      ],
      "placement_rules": {
        "buffer": 10,
        "placement_type": "FromBaseCenter",
        "threat": {
          "influence_type": "AntiSurface",
          "compare_type": "<",
          "radius": 10,
          "value": 50
        }
      }
    },
    {
      "name": "Silver - Jig",
      "to_build": "OrbitalExtractor",
      "instance_count": 1,
      "max_num_assisters": 3,
      "priority": 261,
      "base_sort": "FromBuilder",
      "builders": ["OrbitalFabber"],
      "build_conditions": [
        [
          {
            "test_type": "HasPersonalityTag",
            "string0": "silver",
            "boolean": true
          },
          {
            "test_type": "PlanetIsGasGiant",
            "boolean": true
          },
          {
            "test_type": "PotentialMetalEfficiency",
            "compare0": "<",
            "value0": 1
          },
          {
            "test_type": "CanFindPlaceToBuild",
            "string0": "OrbitalExtractor"
          }
        ],
        [
          {
            "test_type": "HasPersonalityTag",
            "string0": "silver",
            "boolean": true
          },
          {
            "test_type": "PlanetIsGasGiant",
            "boolean": true
          },
          {
            "test_type": "PotentialEnergyEfficiency",
            "compare0": "<",
            "value0": 1
          },
          {
            "test_type": "CanFindPlaceToBuild",
            "string0": "OrbitalExtractor"
          }
        ],
        [
          {
            "test_type": "HasPersonalityTag",
            "string0": "silver",
            "boolean": true
          },
          {
            "test_type": "PlanetIsGasGiant",
            "boolean": true
          },
          {
            "test_type": "DesireEnergy"
          },
          {
            "test_type": "CanFindPlaceToBuild",
            "string0": "OrbitalExtractor"
          }
        ],
        [
          {
            "test_type": "HasPersonalityTag",
            "string0": "silver",
            "boolean": true
          },
          {
            "test_type": "PlanetIsGasGiant",
            "boolean": true
          },
          {
            "test_type": "DesireMetal"
          },
          {
            "test_type": "CanFindPlaceToBuild",
            "string0": "OrbitalExtractor"
          }
        ]
      ],
      "placement_rules": {
        "buffer": 30
      }
    },
    {
      "name": "Silver - Energy Storage",
      "to_build": "EnergyStorage",
      "instance_count": 1,
      "max_num_assisters": 3,
      "priority": 260,
      "base_sort": "FromBuilder",
      "builders": [
        "UberCommander",
        "AnyUberBasicFabber",
        "AnyUberAdvancedFabber"
      ],
      "build_conditions": [
        [
          {
            "test_type": "HasPersonalityTag",
            "string0": "silver",
            "boolean": true
          },
          {
            "test_type": "CurrentEnergyEfficiency",
            "compare0": ">=",
            "value0": 1
          },
          {
            "test_type": "EnergyStorageToProductionRatio",
            "compare0": "<",
            "value0": 4
          },
          {
            "test_type": "CanAffordBuildDemand"
          },
          {
            "test_type": "CanFindPlaceToBuild",
            "string0": "EnergyStorage"
          }
        ]
      ],
      "placement_rules": {
        "buffer": 10,
        "placement_type": "FromBaseCenter",
        "threat": {
          "influence_type": "AntiSurface",
          "compare_type": "<",
          "radius": 10,
          "value": 50
        }
      }
    },
    {
      "name": "Silver - Metal Storage",
      "to_build": "MetalStorage",
      "instance_count": 1,
      "max_num_assisters": 3,
      "priority": 260,
      "base_sort": "FromBuilder",
      "builders": [
        "UberCommander",
        "AnyUberBasicFabber",
        "AnyUberAdvancedFabber"
      ],
      "build_conditions": [
        [
          {
            "test_type": "HasPersonalityTag",
            "string0": "silver",
            "boolean": true
          },
          {
            "test_type": "CurrentEnergyEfficiency",
            "compare0": ">=",
            "value0": 1
          },
          {
            "test_type": "MetalStorageToProductionRatio",
            "compare0": "<",
            "value0": 9
          },
          {
            "test_type": "CanAffordBuildDemand"
          },
          {
            "test_type": "CanFindPlaceToBuild",
            "string0": "MetalStorage"
          }
        ]
      ],
      "placement_rules": {
        "buffer": 10,
        "placement_type": "FromBaseCenter",
        "threat": {
          "influence_type": "AntiSurface",
          "compare_type": "<",
          "radius": 10,
          "value": 50
        }
      }
    }
  ]
}
