{
  "TEMP_texelinfo": 25.0,
  "attachable": {
    "offsets": {
      "root": [
        0,
        0,
        0
      ]
    }
  },
  "base_spec": "/pa/units/orbital/base_orbital/base_orbital.json",
  "build_metal_cost": 2800,
  "command_caps": [
    "ORDER_Move",
    "ORDER_Patrol",
    "ORDER_Assist"
  ],
  "description": "!LOC:Manufacturing- Orbital energy generation.",
  "display_name": "!LOC:Solar Array",
  "events": {
    "build_complete": {
      "audio_cue": "/SE/Build_Complete/orbital"
    },
    "died": {
      "audio_cue": "/SE/Death/orbital",
      "effect_scale": 1.5,
      "effect_spec": "/pa/units/air/base_flyer/base_flyer_death_t2.pfx"
    },
    "fired": {
      "audio_cue": "/SE/Weapons/air/bomber_fire"
    }
  },
  "max_health": 2500,
  "mesh_bounds": [
    50,
    15,
    6
  ],
  "model": {
    "animations": {
      "closed": "/pa/units/orbital/solar_array/solar_array_anim_closed.papa",
      "deploy": "/pa/units/orbital/solar_array/solar_array_anim_deploy.papa",
      "open": "/pa/units/orbital/solar_array/solar_array_anim_open.papa"
    },
    "animtree": "/pa/anim/anim_trees/satellite_launched_anim_tree.json",
    "filename": "/pa/units/orbital/solar_array/solar_array.papa"
  },
  "navigation": {
    "acceleration": 10,
    "brake": 10,
    "hover_time": -1.0,
    "move_speed": 10,
    "turn_speed": 45,
    "type": "orbital"
  },
  "physics": {
    "gravity_scalar": 0.001,
    "radius": 8
  },
  "production": {
    "energy": 4000
  },
  "recon": {
    "observer": {
      "items": [
        {
          "channel": "sight",
          "layer": "orbital",
          "radius": 100,
          "shape": "sphere"
        }
      ]
    }
  },
  "selection_icon": {
    "diameter": 34.0,
    "vertical_offset": -3.0
  },
  "spawn_layers": "WL_Orbital",
  "unit_types": [
    "UNITTYPE_Mobile",
    "UNITTYPE_Orbital",
    "UNITTYPE_EnergyProduction",
    "UNITTYPE_Economy",
    "UNITTYPE_Advanced",
    "UNITTYPE_FactoryBuild"
  ],
  "fx_offsets": [
    {
      "type": "idle",
      "bone": "bone_body",
      "filename": "/pa/effects/specs/light_2_4_1.pfx",
      "offset": [
        0,
        -12.5,
        0
      ]
    },
    {
      "type": "idle",
      "bone": "bone_body",
      "filename": "/pa/effects/specs/light_2_4_1_4.pfx",
      "offset": [
        0.5,
        -10,
        0
      ]
    },
    {
      "type": "idle",
      "bone": "bone_body",
      "filename": "/pa/effects/specs/light_2_4_1_2.pfx",
      "offset": [
        -0.5,
        -11.2,
        0
      ]
    }
  ]
}