{
    "context": "client",
    "identifier": "com.pa.grandhomie.maps",
    "display_name": "Grand Homie's Map Pack",
    "description": "Custom systems made for 1v1s, team games and FFAs.  New planets (1v1, 2v2, 3v3, 4v4 and 5v5, 12, 16 and 32 players + barren moon maps that work with any number of players) plus a collection of existing 1v1 maps modified for 2v2 unshared.  Symmetrical and balanced.  [ 'NS' in the planet / system names stands for 'non shared' / 'unshared' ].  Enjoy!",
    "author": "Grand Homie",
    "version": "1.61.2",
    "build": "113426",
    "date": "2020-05-19",
    "signature": "not yet implemented",
    "forum": "https://forums.uberent.com/threads/grand-homies-map-pack.72635/",
    "icon": "https://forums.uberent.com/data/avatars/l/1994/1994288.jpg?1508182998",
    "searchable": [
        "grand",
        "homie",
        "map",
        "pack",
        "maps",
        "gr"
    ],
    "priority": 100,
    "enabled": true,
    "dependencies": [
        "com.pa.conundrum.cShareSystems",
        "com.pa.grandhomie.simplebiomes.server"
    ],
    "url": "https://github.com/grandhomie/com.pa.grandhomie.maps/archive/release.zip",
    "download": "https://cdn.palobby.com/community-mods/downloads/com.pa.grandhomie.maps.zip",
    "unitList": false,
    "fileSystem": false,
    "sort": "grand homie's map pack",
    "authors": [
        "Gr",
        "Homie"
    ],
    "timestamp": 1589846400000,
    "companions": [],
    "scenes": {
        "load_planet": [
            "coui://ui/mods/grandhomie/maps.js"
        ]
    },
    "framework": false,
    "available": true,
    "titansOnly": false,
    "classicOnly": false,
    "classic": false,
    "titans": false,
    "conflicts": {}
}