{
    "context": "client",
    "identifier": "com.pa.conundrum.cShareSystems",
    "display_name": "System Sharing for Titans & Classic",
    "description": "Adds support for map packs, detailed system / planet info and sharing of maps with other users.",
    "author": "Captain Conundrum, mikeyh",
    "authors": [
        "Captain Conundrum",
        "mikeyh"
    ],
    "version": "2.0.9",
    "build": "112589",
    "date": "2019-01-01",
    "signature": "not yet implemented",
    "forum": "https://forums.uberent.com/threads/rel-client-system-sharing-v2.69117/",
    "icon": "http://pamods.github.io/icons/cShareSystems.png",
    "priority": 99,
    "enabled": true,
    "url": "https://palobby.com/mods/system-sharing.zip",
    "download": "https://cdn.palobby.com/community-mods/downloads/com.pa.conundrum.cShareSystems.zip",
    "unitList": false,
    "fileSystem": false,
    "searchable": [
        "system",
        "sharing",
        "titans",
        "classic",
        "ui",
        "maps",
        "system-editor",
        "captain conundrum",
        "mikeyh"
    ],
    "sort": "system sharing for titans & classic",
    "timestamp": 1546300800000,
    "dependencies": [],
    "companions": [],
    "scenes": {
        "load_planet": [
            "coui://ui/mods/system_sharing/system_sharing.js",
            "coui://ui/mods/system_sharing/load_planet.js",
            "coui://ui/mods/system_sharing/load_planet.css"
        ]
    },
    "framework": false,
    "available": true,
    "titansOnly": false,
    "classicOnly": false,
    "classic": true,
    "titans": true,
    "conflicts": {}
}