{
  "base_spec": "/pa/ammo/base_bullet/base_bullet.json",
  "fx_trail": {
    "offset": [
      0.0,
      0.0,
      0.0
    ],
    "filename": "/pa/units/land/assault_bot_adv/assault_bot_adv_ammo_trail.pfx"
  },
  "damage": 100,
  "splash_damage": 0,
  "splash_radius": 0,
  "initial_velocity": 150.0,
  "max_velocity": 150.0,
  "lifetime": 2,
  "armor_damage_map": {
    "AT_Air": 0.5
  },
  "events": {
    "died": {
      "audio_cue": "/SE/Impacts/shell_bullet",
      "effect_spec": "/pa/units/land/assault_bot_adv/assault_bot_adv_ammo_hit.pfx"
    }
  }
}