{"base_spec":"/pa/units/orbital/base_orbital_structure/base_orbital_structure.json","display_name":"!LOC:Anchor","description":"!LOC:Defense Satellite- Area denial. Rapid-fire. Durable. Attacks everything.","max_health":2000,"build_metal_cost":1500,"atrophy_rate":60,"atrophy_cool_down":15.0,"spawn_layers":"WL_Orbital","gravwell_velocity_multiplier":6.0,"wreckage_health_frac":0.0,"area_build_type":"Sphere","area_build_separation":75,"attachable":{"offsets":{"root":[0,0,0]}},"unit_types":["UNITTYPE_Structure","UNITTYPE_Orbital","UNITTYPE_Defense","UNITTYPE_OrbitalDefense","UNITTYPE_Advanced","UNITTYPE_FabOrbBuild"],"command_caps":["ORDER_Attack","ORDER_Assist"],"guard_layer":"WL_Orbital","physics":{"radius":15,"gravity_scalar":0.001,"collision_layers":"WL_Orbital"},"recon":{"observer":{"items":[{"layer":"orbital","channel":"sight","shape":"sphere","radius":600},{"layer":"surface_and_air","channel":"sight","shape":"capsule","radius":120}]}},"tools":[{"spec_id":"/pa/units/orbital/defense_satellite/defense_satellite_tool_ground.json","aim_bone":"bone_turret01","record_index":0,"fire_event":"fired0","muzzle_bone":["socket_muzzle01_a","socket_muzzle01_b","socket_muzzle01_c"]},{"spec_id":"/pa/units/orbital/defense_satellite/defense_satellite_tool_orbital.json","aim_bone":"bone_turret02","record_index":1,"fire_event":"fired1","muzzle_bone":["socket_muzzle02_right","socket_muzzle02_left"]},{"spec_id":"/pa/units/orbital/defense_satellite/defense_satellite_tool_orbital.json","aim_bone":"bone_turret03","record_index":2,"fire_event":"fired2","muzzle_bone":["socket_muzzle03_right","socket_muzzle03_left"]}],"model":{"filename":"/pa/units/orbital/defense_satellite/defense_satellite.papa","animations":{"fire":"/pa/units/orbital/defense_satellite/defense_satellite_anim_fire.papa"},"animtree":"/pa/anim/anim_trees/defense_satellite_anim_tree.json"},"events":{"build_complete":{"audio_cue":"/SE/Build_Complete/orbital"},"fired0":{"audio_cue":"/SE/Weapons/orb/defense_satellite_fire"},"fired1":{"audio_cue":"/SE/Weapons/orb/defense_satellite_fire_in_orbit"},"fired2":{"audio_cue":"/SE/Weapons/orb/defense_satellite_fire_in_orbit"},"died":{"audio_cue":"/SE/Death/orbital","effect_spec":"/pa/effects/specs/anchor_explosion.pfx","effect_scale":1.0}},"selection_icon":{"diameter":43.0},"mesh_bounds":[23,23,6],"placement_size":[50,50],"TEMP_texelinfo":26.4194}