{
  "ammo_capacity": 8,
  "ammo_demand": 1,
  "ammo_id": "/pa/units/orbital/l_orbital_battleship/l_orbital_battleship_ammo_drone.json",
  "ammo_per_shot": 1,
  "ammo_source": "time",
  "base_spec": "/pa/units/air/l_air_carrier/l_air_carrier_tool_weapon.json",
  "carpet_fire": true,
  "carpet_wait_for_full_ammo": true,
  "charge_ammo_when_targeting": false,
  "firing_arc_pitch": 0,
  "firing_arc_yaw": 0,
  "firing_standard_deviation": 10,
  "max_range": 140,
  "pitch_range": 180,
  "pitch_rate": 720,
  "rate_of_fire": 4,
  "start_fully_charged": true,
  "yaw_range": 360,
  "yaw_rate": 720
}
