{
    "context": "client",
    "identifier": "com.pa.proeleert.hotbuild2",
    "display_name": "Hotbuild2",
    "description": "Map 1 Key to multiple build actions and more... (See forum link for screenshots and instructions.)",
    "author": "proeleert, tripax, cola_colin",
    "version": "1.52",
    "build": "113578",
    "date": "2019-10-19",
    "signature": " ",
    "forum": "https://forums.planetaryannihilation.com/threads/rel-cmm-hotbuild2-v1-50-113578.54561",
    "icon": "http://pamods.github.io/icons/hotbuild2.png",
    "scenes": {
        "live_game": [
            "coui://ui/mods/hotbuild2/live_game/hotbuild_core.js"
        ],
        "live_game_build_bar": [
            "coui://ui/mods/hotbuild2/live_game/hotbuild.css",
            "coui://ui/mods/hotbuild2/live_game/hotbuild_buildbar.js"
        ],
        "live_game_selection": [
            "coui://ui/mods/hotbuild2/live_game/hotbuild.css",
            "coui://ui/mods/hotbuild2/live_game/hotbuild_selection.js"
        ],
        "LiveGame_FloatZone": [
            "coui://ui/mods/hotbuild2/live_game/hotbuild.css",
            "coui://ui/mods/hotbuild2/live_game/hotbuild_floatframe.js"
        ],
        "settings": [
            "coui://ui/mods/hotbuild2/settings/hotbuild_settings.css",
            "coui://ui/mods/hotbuild2/settings/hotbuild_settings.js"
        ],
        "global_mod_list": [
            "coui://ui/mods/hotbuild2/global_mod_list/hotbuild.js"
        ]
    },
    "enabled": true,
    "dependencies": [
        "com.pa.raevn.rfloatframe"
    ],
    "url": "https://github.com/pietervanh/hotbuild2/archive/release.zip",
    "download": "https://cdn.palobby.com/community-mods/downloads/com.pa.proeleert.hotbuild2.zip",
    "unitList": false,
    "fileSystem": false,
    "searchable": [
        "hotbuild",
        "classic",
        "titans",
        "ui",
        "proeleert",
        "tripax",
        "cola_colin"
    ],
    "sort": "hotbuild2",
    "authors": [
        "proeleert",
        "tripax",
        "cola_colin"
    ],
    "priority": 100,
    "timestamp": 1571443200000,
    "companions": [],
    "framework": false,
    "available": true,
    "titansOnly": false,
    "classicOnly": false,
    "classic": true,
    "titans": true,
    "conflicts": {}
}