{
  "base_spec": "/pa/ammo/base_missiles/base_missile_aa_seeking.json",
  "damage": 25,
  "splash_damage": 10,
  "splash_radius": 0.75,
  "full_damage_splash_radius": 0.75,
  "initial_velocity": 200.0,
  "max_velocity": 200.0,
  "turn_rate": 720.0,
  "lifetime": 3.0,
  "armor_damage_map": {
    "AT_Structure": 0.0,
    "AT_Vehicle": 0.0,
    "AT_Bot": 0.0,
    "AT_Naval": 0.0,
    "AT_Orbital": 0.0,
    "AT_Commander": 0.0,
    "AT_Hover": 0.0
  },
  "fx_trail": {
    "filename": "/pa/units/land/air_defense/air_defense_ammo_trail.pfx",
    "offset": [
      0.0,
      1.3,
      0.0
    ]
  }
}