{
    "author": "wondible",
    "build": "113410",
    "context": "client",
    "date": "2019-07-03",
    "description": "Framework to make mouse mods easier.",
    "display_name": "Live Game Input Refactor",
    "forum": "https://forums.uberent.com/threads/rel-live-game-input-refactor.70614/",
    "framework": true,
    "identifier": "com.wondible.pa.live_game_input_refactor",
    "priority": 90,
    "scenes": {
        "live_game": [
            "coui://ui/mods/live_game_input_refactor/live_game_input_refactor.js"
        ]
    },
    "signature": "not yet implemented",
    "version": "1.1.0",
    "url": "https://pa.wondible.com/live_game_input_refactor_latest.zip",
    "download": "https://cdn.palobby.com/community-mods/downloads/com.wondible.pa.live_game_input_refactor.zip",
    "unitList": false,
    "fileSystem": false,
    "searchable": [
        "live",
        "game",
        "input",
        "refactor",
        "framework",
        "wondible"
    ],
    "sort": "live game input refactor",
    "authors": [
        "wondible"
    ],
    "icon": "",
    "timestamp": 1562112000000,
    "dependencies": [],
    "companions": [],
    "available": true,
    "enabled": true,
    "titansOnly": false,
    "classicOnly": false,
    "classic": false,
    "titans": false,
    "conflicts": {}
}