{
  "display_name": "!LOC:Advanced Armour Foundry",
  "description": "!LOC:Advanced Manufacturing- Builds advanced tank units.",
  "TEMP_texelinfo": 38.0812,
  "area_build_separation": 7,
  "atrophy_cool_down": 15,
  "atrophy_rate": 80,
  "audio": {
    "loops": {
      "build": {
        "cue": "/SE/Construction/Factory_contruction_loop_veh",
        "flag": "build_target_changed",
        "should_start_func": "has_build_target",
        "should_stop_func": "no_build_target"
      }
    }
  },
  "base_spec": "/pa/units/land/base_structure/base_structure.json",
  "build_metal_cost": 4800,
  "buildable_types": "Custom1 & ( Mobile & Tank & FactoryBuild )",
  "command_caps": [
    "ORDER_Move",
    "ORDER_Patrol",
    "ORDER_FactoryBuild",
    "ORDER_Reclaim",
    "ORDER_Repair",
    "ORDER_Attack",
    "ORDER_Assist",
    "ORDER_Use"
  ],
  "death": {
    "decals": [
      "/pa/effects/specs/scorch_c_01.json"
    ]
  },
  "events": {
    "died": {
      "effect_scale": 1.5
    }
  },
  "factory_cooldown_time": 4,
  "fx_offsets": [
    {
      "bone": "bone_laser001",
      "filename": "/pa/effects/specs/legion_factory_spray_short.pfx",
      "orientation": [
        0,
        0,
        0
      ],
      "type": "build"
    },
    {
      "bone": "bone_laser002",
      "filename": "/pa/effects/specs/legion_factory_spray_short.pfx",
      "orientation": [
        0,
        0,
        0
      ],
      "type": "build"
    },
    {
      "bone": "bone_laser003",
      "filename": "/pa/effects/specs/legion_factory_spray_short.pfx",
      "orientation": [
        0,
        0,
        0
      ],
      "type": "build"
    },
    {
      "bone": "bone_laser004",
      "filename": "/pa/effects/specs/legion_factory_spray_short.pfx",
      "orientation": [
        0,
        0,
        0
      ],
      "type": "build"
    },
    {
      "bone": "stacks001",
      "filename": "/pa/effects/specs/factory_smoke_big.pfx",
      "type": "enabled"
    },
    {
      "bone": "stacks001",
      "filename": "/pa/effects/specs/factory_smoke.pfx",
      "offset": [
        -1,
        -12,
        2
      ],
      "type": "enabled"
    },
    {
      "bone": "stacks001",
      "filename": "/pa/effects/specs/factory_smoke.pfx",
      "offset": [
        -1,
        -16,
        0
      ],
      "type": "enabled"
    },
    {
      "bone": "stacks002",
      "filename": "/pa/effects/specs/factory_smoke_big.pfx",
      "type": "enabled"
    },
    {
      "bone": "stacks002",
      "filename": "/pa/effects/specs/factory_smoke.pfx",
      "offset": [
        -1,
        12,
        2
      ],
      "type": "enabled"
    },
    {
      "bone": "stacks002",
      "filename": "/pa/effects/specs/factory_smoke.pfx",
      "offset": [
        -1,
        16,
        0
      ],
      "type": "enabled"
    },
    {
      "bone": "bone_root",
      "filename": "/pa/units/land/l_vehicle_factory_adv/energy_platform_adv.pfx",
      "orientation": [
        90,
        0,
        0
      ],
      "type": "idle"
    }
  ],
  "headlights": [
    {
      "color": [
        1.5,
        1.52,
        1.6
      ],
      "far_distance": 30,
      "gobo": "/pa/effects/textures/gobo/spotlight_gobo.papa",
      "intensity": 2,
      "near_distance": 10,
      "near_height": 20,
      "near_width": 20,
      "offset": [
        0,
        0,
        20
      ]
    }
  ],
  "max_health": 30000,
  "mesh_bounds": [
    52.532,
    56.955,
    28.88
  ],
  "model": {
    "animations": {
      "build_end": "/pa/units/land/l_vehicle_factory_adv/l_vehicle_factory_adv_end.papa",
      "build_loop": "/pa/units/land/l_vehicle_factory_adv/l_vehicle_factory_adv_build.papa",
      "build_start": "/pa/units/land/l_vehicle_factory_adv/l_vehicle_factory_adv_start.papa"
    },
    "animtree": "/pa/anim/anim_trees/factory_anim_tree.json",
    "filename": "/pa/units/land/l_vehicle_factory_adv/l_vehicle_factory_adv.papa",
    "skirt_decal": "/pa/effects/specs/skirt_02.json"
  },
  "placement_size": [
    60,
    80
  ],
  "recon": {
    "observer": {
      "items": [
        {
          "channel": "sight",
          "layer": "surface_and_air",
          "radius": 100,
          "shape": "capsule"
        },
        {
          "channel": "sight",
          "layer": "underwater",
          "radius": 100,
          "shape": "capsule"
        }
      ]
    }
  },
  "rolloff_dirs": [
    [
      0,
      1,
      0
    ],
    [
      0,
      -1,
      0
    ]
  ],
  "selection_icon": {
    "diameter": -78
  },
  "tools": [
    {
      "aim_bone": "bone_platform",
      "muzzle_bone": "bone_platform",
      "spec_id": "/pa/units/land/l_vehicle_factory_adv/l_vehicle_factory_adv_build_arm.json"
    }
  ],
  "unit_types": [
    "UNITTYPE_Factory",
    "UNITTYPE_Construction",
    "UNITTYPE_Land",
    "UNITTYPE_Tank",
    "UNITTYPE_Structure",
    "UNITTYPE_Advanced",
    "UNITTYPE_Important",
    "UNITTYPE_Custom1"
  ],
  "wait_to_rolloff_time": 0
}
