{
  "base_spec": "/pa/ammo/base_missiles/base_missile_seeking.json",
  "flight_type": "Seeking",
  "damage": 400,
  "splash_damage": 0,
  "splash_radius": 0,
  "collision_check": "target",
  "collision_response": "destroy",
  "initial_velocity": 10.0,
  "max_velocity": 200.0,
  "lifetime": 3,
  "turn_rate": 720,
  "fx_trail": {
    "filename": "/pa/units/land/bot_tactical_missile/bot_tactical_missile_antidrop_ammo_trail.pfx"
  },
  "model": {
    "filename": "/pa/units/air/missile/missile.papa"
  }
}