{
  "TEMP_texelinfo": 10.2184,
  "area_build_separation": 18,
  "atrophy_cool_down": 15.0,
  "atrophy_rate": 7.5,
  "base_spec": "/pa/units/land/base_structure/base_structure.json",
  "build_metal_cost": 350,
  "command_caps": [
    "ORDER_Attack"
  ],
  "description": "!LOC:Basic turret- Equipped with direct fire anti-land, and anti-ship defenses.",
  "display_name": "!LOC:Laser Defense Tower",
  "events": {
    "build_complete": {
      "audio_cue": "/SE/Build_Complete/structure_small"
    },
    "died": {
      "audio_cue": "/SE/Death/structure_small",
      "effect_scale": 0.6
    },
    "fired": {
      "audio_cue": "/SE/Weapons/structure/laser_defense_double_fire",
      "effect_spec": "/pa/effects/specs/default_muzzle_flash.pfx socket_rightMuzzle /pa/effects/specs/default_muzzle_flash.pfx socket_leftMuzzle"
    }
  },
  "guard_layer": "WL_AnySurface",
  "max_health": 1500,
  "mesh_bounds": [
    6,
    6,
    17.2
  ],
  "model": [
    {
      "animtree": "/pa/anim/anim_trees/defense_turret_anim_tree.json",
      "filename": "/pa/units/land/laser_defense/laser_defense.papa",
      "layer": "WL_LandHorizontal",
      "skirt_decal": "/pa/effects/specs/skirt_defense.json"
    },
    {
      "animtree": "/pa/anim/anim_trees/defense_turret_anim_tree.json",
      "filename": "/pa/units/sea/floating_laser/floating_laser.papa",
      "layer": "WL_WaterSurface"
    }
  ],
  "recon": {
    "observer": {
      "items": [
        {
          "channel": "sight",
          "layer": "surface_and_air",
          "radius": 130,
          "shape": "capsule"
        },
        {
          "channel": "sight",
          "layer": "underwater",
          "radius": 130,
          "shape": "capsule"
        }
      ]
    }
  },
  "selection_icon": {
    "diameter": 12.0
  },
  "spawn_layers": "WL_AnyHorizontalGroundOrWaterSurface",
  "tools": [
    {
      "aim_bone": "bone_pitch",
      "muzzle_bone": [
        "socket_rightMuzzle",
        "socket_leftMuzzle"
      ],
      "spec_id": "/pa/units/land/laser_defense/laser_defense_tool_weapon.json"
    }
  ],
  "unit_types": [
    "UNITTYPE_Structure",
    "UNITTYPE_Basic",
    "UNITTYPE_Land",
    "UNITTYPE_SurfaceDefense",
    "UNITTYPE_Defense",
    "UNITTYPE_FabBuild"
  ],
  "fx_offsets": [
    {
      "type": "idle",
      "bone": "bone_pitch",
      "filename": "/pa/units/land/laser_defense/turret_lights.pfx",
      "offset": [
        2.05,
        -4.9,
        0.2
      ]
    },
    {
      "type": "idle",
      "bone": "bone_pitch",
      "filename": "/pa/units/land/laser_defense/turret_lights.pfx",
      "offset": [
        -2.05,
        -4.9,
        0.2
      ]
    }
  ]
}