{
  "display_name": "!LOC:Supernova Strategic Warhead",
  "description": "!LOC:Nuclear Missile- Long range, high damage ballistic missile.",
  "ammo_type": "Projectile",
  "armor_damage_map": {
    "AT_Commander": 0.33,
    "AT_Orbital": 0.33
  },
  "audio_loop": "/SE/Movement/missile/nuke_missile_fly_loop",
  "build_metal_cost": 30000,
  "burn_damage": 200,
  "burn_radius": 137,
  "collision_check": "ground",
  "cruise_height": 100,
  "damage": 33000,
  "damage_volume": {
    "burnable_remove_radius": 100,
    "delay": 1.5,
    "initial_radius": 20,
    "radius_accel": -40,
    "radius_velocity": 200
  },
  "enable_orbital_shell": true,
  "events": {
    "collided": {
      "audio_cue": "/SE/Impacts/missile_seeking",
      "effect_spec": "/pa/units/air/missile_nuke/missile_nuke_implosion.pfx",
      "effect_world_aligned": false
    }
  },
  "flight_type": "Staged",
  "full_damage_splash_radius": 125,
  "fx_trail": {
    "bone": "socket_exhaust001",
    "filename": "/pa/units/air/missile_nuke/missile_nuke_trail.pfx"
  },
  "gravwell_velocity_multiplier": 10,
  "has_notifications": true,
  "impact_decals": [
    "/pa/effects/specs/nuke_scorch_01.json"
  ],
  "influence_radius": 3200,
  "initial_velocity": 40,
  "interplanetary_type": "INTER_System",
  "lifetime": 0,
  "max_velocity": 75,
  "model": {
    "filename": "/pa/units/land/l_nuke_launcher/missile/l_nuclear_missile.papa"
  },
  "physics": {
    "add_to_spatial_db": true,
    "allow_underground": true,
    "gravity_scalar": 3,
    "ignore_gravity": true,
    "radius": 10
  },
  "recon": {
    "observable": {
      "ignore_radar": false
    }
  },
  "show_in_orbital_layer": true,
  "show_strategic_icon": true,
  "si_name": "l_nuke_launcher_ammo",
  "signal_type": "nuke",
  "sim_impact_effect": "/pa/units/land/l_nuke_launcher/l_nuke_launcher_ammo_explosion_ent.json",
  "spawn_layers": "WL_Air",
  "splash_damage": 33000,
  "splash_damage_orbital": true,
  "splash_damages_allies": true,
  "splash_radius": 150,
  "stage_on_planet_handoff": 2,
  "stages": [
    {
      "ignores_LOS": true,
      "ignores_gravity": true,
      "rotates_to_velocity": true,
      "stage_duration": 600,
      "stage_turn_rate": 0
    },
    {
      "ignores_LOS": true,
      "ignores_gravity": true,
      "rotates_to_velocity": true,
      "stage_change_range": 75,
      "stage_duration": 0,
      "stage_turn_rate": 90
    },
    {
      "ignores_LOS": false,
      "ignores_gravity": false,
      "rotates_to_velocity": true,
      "stage_duration": 5000,
      "stage_turn_rate": 90
    },
    {
      "ignores_LOS": false,
      "ignores_gravity": false,
      "rotates_to_velocity": true,
      "stage_duration": 5000,
      "stage_turn_rate": 1080
    }
  ],
  "strategic_icon_priority": 0,
  "system_velocity_multiplier": 20,
  "turn_rate": 180,
  "unit_types": [
    "UNITTYPE_Mobile",
    "UNITTYPE_Orbital",
    "UNITTYPE_Custom1"
  ]
}
