{
  "base_spec": "/pa/ammo/base_shell/base_shell.json",
  "damage": 300,
  "splash_damage": 300,
  "splash_radius": 3,
  "full_damage_splash_radius": 1,
  "splash_damages_allies": false,
  "initial_velocity": 160.0,
  "max_velocity": 160.0,
  "lifetime": 1,
  "physics": {
    "type": "Projectile",
    "radius": 1,
    "gravity_scalar": 7,
    "add_to_spatial_db": false,
    "allow_underground": true
  },
  "events": {
    "died": {
      "effect_spec": "/pa/units/land/tank_laser_adv/tank_laser_adv_ammo_hit.pfx"
    }
  },
  "fx_trail": {
    "offset": [
      0.0,
      0.8,
      0.0
    ],
    "filename": "/pa/units/land/tank_laser_adv/tank_laser_adv_ammo_trail.pfx"
  }
}