{
  "display_name": "!LOC:Osprey",
  "description": "!LOC:Transport- Load a land unit for rapid long distance travel.",
  "TEMP_texelinfo": 10.4837,
  "attachable": {
    "offsets": {
      "root": [
        0,
        0,
        0
      ]
    }
  },
  "audio": {
    "loops": {
      "move": {
        "cue": "/SE/Movement/air/air_transport_loop",
        "flag": "vel_changed",
        "should_start_func": "is_moving_laterally",
        "should_stop_func": "is_not_moving"
      }
    },
    "selection_response": {
      "cue": "/SE/Selection/air/transport"
    }
  },
  "base_spec": "/pa/units/air/base_flyer/base_flyer.json",
  "build_metal_cost": 100,
  "command_caps": [
    "ORDER_Move",
    "ORDER_Patrol",
    "ORDER_Assist",
    "ORDER_Load",
    "ORDER_Unload"
  ],
  "events": {
    "child_attached": {
      "audio_cue": "/SE/Movement/air/transport_load"
    },
    "child_detached": {
      "audio_cue": "/SE/Movement/air/transport_unload"
    },
    "died": {
      "effect_scale": 1
    }
  },
  "fx_offsets": [
    {
      "bone": "thrust_side001",
      "filename": "/pa/units/air/fabrication_aircraft/fabrication_aircraft_jets.pfx",
      "type": "idle"
    },
    {
      "bone": "thrust_side002",
      "filename": "/pa/units/air/fabrication_aircraft/fabrication_aircraft_jets.pfx",
      "type": "idle"
    },
    {
      "bone": "thrust_back001",
      "filename": "/pa/units/air/fabrication_aircraft/fabrication_aircraft_jets.pfx",
      "type": "moving_forward"
    },
    {
      "bone": "thrust_back002",
      "filename": "/pa/units/air/fabrication_aircraft/fabrication_aircraft_jets.pfx",
      "type": "moving_forward"
    }
  ],
  "max_health": 55,
  "mesh_bounds": [
    13.42,
    22.2,
    7.561
  ],
  "model": {
    "animations": {
      "fly": "/pa/units/air/l_transport/l_transport_fly.papa"
    },
    "animtree": "/pa/anim/anim_trees/transport_anim_tree.json",
    "filename": "/pa/units/air/l_transport/l_transport.papa"
  },
  "navigation": {
    "acceleration": 30,
    "brake": 40,
    "move_speed": 100,
    "turn_speed": 180,
    "vertical_speed": 100
  },
  "physics": {
    "gravity_scalar": 0.001
  },
  "recon": {
    "observer": {
      "items": [
        {
          "channel": "sight",
          "layer": "surface_and_air",
          "radius": 70,
          "shape": "capsule"
        }
      ]
    }
  },
  "selection_icon": {
    "diameter": -24
  },
  "transporter": {
    "capacity": 1,
    "transportable_attach_offset": "head",
    "transportable_unit_types": "Mobile & Land - Commander",
    "transporter_attach_bone": "bone_attach"
  },
  "unit_types": [
    "UNITTYPE_Air",
    "UNITTYPE_Mobile",
    "UNITTYPE_Transport",
    "UNITTYPE_Basic",
    "UNITTYPE_FactoryBuild",
    "UNITTYPE_Custom1"
  ],
  "usable": true,
  "useable": {
    "range": 10,
    "type": "transport"
  }
}
