{
  "build_list": [
    {
      "name": "Orbital Fabber",
      "to_build": "OrbitalFabber",
      "instance_count": 1,
      "max_num_assisters": 5,
      "priority": 199,
      "builders": ["OrbitalLauncher", "OrbitalFactory"],
      "build_conditions": [
        [
          {
            "test_type": "HasPersonalityTag",
            "string0": "Vanilla",
            "boolean": true
          },
          {
            "test_type": "BaseThreat",
            "string0": "Orbital",
            "compare0": "<=",
            "value0": 0
          },
          {
            "test_type": "UnitCountOnPlanet",
            "unit_type_string0": "Orbital & Fighter",
            "compare0": ">",
            "value0": 2
          },
          {
            "test_type": "CanAffordBuildDemand"
          },
          {
            "test_type": "UnitCountOnPlanet",
            "unit_type_string0": "Factory & Construction - Orbital - NukeDefense - Nuke - SelfDestruct",
            "compare0": ">",
            "value0": 2
          },
          {
            "test_type": "UnitCountOnPlanet",
            "unit_type_string0": "Fabber & Orbital",
            "compare0": "<",
            "value0": 5
          },
          {
            "test_type": "CanAffordPotentialDrain",
            "string0": "OrbitalFabber"
          }
        ],
        [
          {
            "test_type": "HasPersonalityTag",
            "string0": "Vanilla",
            "boolean": true
          },
          {
            "test_type": "BaseThreat",
            "string0": "Orbital",
            "compare0": "<=",
            "value0": 0
          },
          {
            "test_type": "UnitCountOnPlanet",
            "unit_type_string0": "Orbital & Fighter",
            "compare0": ">",
            "value0": 2
          },
          {
            "test_type": "UnitCount",
            "unit_type_string0": "Factory & Construction & Advanced - NukeDefense - Nuke - SelfDestruct",
            "compare0": ">",
            "value0": 0
          },
          {
            "test_type": "UnitCountOnPlanet",
            "unit_type_string0": "Fabber & Orbital",
            "compare0": "<",
            "value0": 1
          }
        ],
        [
          {
            "test_type": "HasPersonalityTag",
            "string0": "Vanilla",
            "boolean": true
          },
          {
            "test_type": "BaseThreat",
            "string0": "Orbital",
            "compare0": "<=",
            "value0": 0
          },
          {
            "test_type": "SafePlanetOrGasGiantWithoutPresence",
            "boolean": true
          },
          {
            "test_type": "UnitCountOnPlanet",
            "unit_type_string0": "Orbital & Fighter",
            "compare0": ">",
            "value0": 2
          },
          {
            "test_type": "UnitCountOnPlanet",
            "unit_type_string0": "Factory & Construction - Orbital - NukeDefense - Nuke - SelfDestruct",
            "compare0": ">",
            "value0": 2
          },
          {
            "test_type": "UnitCountOnPlanet",
            "unit_type_string0": "Fabber & Orbital",
            "compare0": "<",
            "value0": 1
          },
          {
            "test_type": "UnitCountInCelestialTransit",
            "unit_type_string0": "Fabber & Orbital",
            "compare0": "<",
            "value0": 1
          }
        ]
      ]
    },
    {
      "name": "Basic Radar Sattelite",
      "to_build": "BasicRadarSattelite",
      "instance_count": 1,
      "priority": 100,
      "builders": ["OrbitalLauncher", "OrbitalFactory"],
      "build_conditions": [
        [
          {
            "test_type": "HasPersonalityTag",
            "string0": "Vanilla",
            "boolean": true
          },
          {
            "test_type": "PlanetIsGasGiant",
            "boolean": false
          },
          {
            "test_type": "CanAffordBuildDemand"
          },
          {
            "test_type": "CanAffordPotentialDrain",
            "string0": "BasicRadarSattelite"
          },
          {
            "test_type": "UnitCountPerPlanetRadius",
            "unit_type_string0": "Orbital & (Recon | Scout) - Structure",
            "compare0": "<",
            "value0": 150
          },
          {
            "test_type": "UnitCountOnPlanet",
            "unit_type_string0": "Orbital & (Recon | Scout) & Advanced - Structure",
            "compare0": "<",
            "value0": 1
          }
        ]
      ]
    },
    {
      "name": "Basic Radar Sattelite - Pri",
      "to_build": "BasicRadarSattelite",
      "instance_count": 1,
      "priority": 102,
      "builders": ["OrbitalLauncher", "OrbitalFactory"],
      "build_conditions": [
        [
          {
            "test_type": "HasPersonalityTag",
            "string0": "Vanilla",
            "boolean": true
          },
          {
            "test_type": "PlanetIsGasGiant",
            "boolean": false
          },
          {
            "test_type": "CanAffordBuildDemand"
          },
          {
            "test_type": "CanAffordPotentialDrain",
            "string0": "BasicRadarSattelite"
          },
          {
            "test_type": "UnitCountOnPlanet",
            "unit_type_string0": "Orbital & (Recon | Scout) - Structure",
            "compare0": "<",
            "value0": 1
          }
        ]
      ]
    },
    {
      "name": "Basic Radar Sattelite - Other planet",
      "to_build": "BasicRadarSattelite",
      "instance_count": 1,
      "shared_instance_count": "ReconAssistance",
      "cross_planet_shared_count": true,
      "priority": 199,
      "builders": ["OrbitalLauncher", "OrbitalFactory"],
      "build_conditions": [
        [
          {
            "test_type": "HasPersonalityTag",
            "string0": "Vanilla",
            "boolean": true
          },
          {
            "test_type": "CanAffordBuildDemand"
          },
          {
            "test_type": "CanAffordPotentialDrain",
            "string0": "BasicRadarSattelite"
          },
          {
            "test_type": "UnitCountOnPlanet",
            "unit_type_string0": "Orbital & Fighter",
            "compare0": ">",
            "value0": 2
          },
          {
            "test_type": "OtherPlanetNeedsReconAssistance",
            "boolean": true
          }
        ]
      ]
    },
    {
      "name": "Orbital Fighter",
      "to_build": "OrbitalFighter",
      "instance_count": 1,
      "max_num_assisters": 5,
      "priority": 100,
      "builders": ["OrbitalLauncher", "OrbitalFactory"],
      "build_conditions": [
        [
          {
            "test_type": "HasPersonalityTag",
            "string0": "Vanilla",
            "boolean": true
          },
          {
            "test_type": "CanAffordBuildDemand"
          },
          {
            "test_type": "SystemThreat",
            "string0": "Orbital",
            "compare0": ">",
            "value0": 0
          },
          {
            "test_type": "UnitCountPerPlanetRadius",
            "unit_type_string0": "Orbital & Fighter",
            "compare0": "<",
            "value0": 15
          }
        ]
      ]
    },
    {
      "name": "Orbital Fighter - Threat",
      "to_build": "OrbitalFighter",
      "instance_count": 1,
      "min_num_assisters": 2,
      "max_num_assisters": 5,
      "priority": 200,
      "builders": ["OrbitalLauncher"],
      "build_conditions": [
        [
          {
            "test_type": "HasPersonalityTag",
            "string0": "Vanilla",
            "boolean": true
          },
          {
            "test_type": "CanAffordBuildDemand"
          },
          {
            "test_type": "SystemThreat",
            "string0": "Orbital",
            "compare0": ">",
            "value0": 0
          },
          {
            "test_type": "UnitCountOnPlanet",
            "unit_type_string0": "Orbital & Fighter",
            "compare0": "<",
            "value0": 3
          }
        ],
        [
          {
            "test_type": "HasPersonalityTag",
            "string0": "Vanilla",
            "boolean": true
          },
          {
            "test_type": "CanAffordBuildDemand"
          },
          {
            "test_type": "BaseThreat",
            "string0": "Orbital",
            "compare0": ">",
            "value0": 0
          },
          {
            "test_type": "UnitCountInBase",
            "unit_type_string0": "Orbital & Fighter",
            "compare0": "<",
            "value0": 3
          }
        ],
        [
          {
            "test_type": "HasPersonalityTag",
            "string0": "Vanilla",
            "boolean": true
          },
          {
            "test_type": "CanAffordBuildDemand"
          },
          {
            "test_type": "PlanetHighestEnemyArmyThreatRatio",
            "string0": "Orbital",
            "string1": "AntiOrbital",
            "compare0": ">",
            "value0": 1.0
          }
        ]
      ]
    },
    {
      "name": "Orbital Lander",
      "to_build": "OrbitalLander",
      "instance_count": 1,
      "max_num_assisters": 5,
      "priority": 111,
      "builders": ["OrbitalLauncher"],
      "build_conditions": [
        [
          {
            "test_type": "HasPersonalityTag",
            "string0": "Vanilla",
            "boolean": true
          },
          {
            "test_type": "CanAffordBuildDemand"
          },
          {
            "test_type": "PlanetWithoutPresence",
            "boolean": true
          },
          {
            "test_type": "UnitCountOnPlanet",
            "unit_type_string0": "Orbital & Transport",
            "compare0": "<",
            "value0": 1
          }
        ]
      ]
    },
    {
      "name": "Solar Array",
      "to_build": "SolarArray",
      "instance_count": 1,
      "priority": 195,
      "builders": ["OrbitalFactory"],
      "build_conditions": [
        [
          {
            "test_type": "HasPersonalityTag",
            "string0": "Vanilla",
            "boolean": true
          },
          {
            "test_type": "PotentialEnergyEfficiency",
            "compare0": "<",
            "value0": 1.0
          },
          {
            "test_type": "CanAffordBuildDemand"
          }
        ],
        [
          {
            "test_type": "HasPersonalityTag",
            "string0": "Vanilla",
            "boolean": true
          },
          {
            "test_type": "DesireEnergy"
          },
          {
            "test_type": "CanAffordBuildDemand"
          }
        ]
      ]
    },
    {
      "name": "Orbital Death Laser",
      "to_build": "OrbitalDeathLaser",
      "instance_count": 1,
      "priority": 195,
      "builders": ["OrbitalFactory"],
      "build_conditions": [
        [
          {
            "test_type": "HasPersonalityTag",
            "string0": "Vanilla",
            "boolean": true
          },
          {
            "test_type": "PlanetIsGasGiant",
            "boolean": false
          },
          {
            "test_type": "AloneOnPlanet",
            "boolean": false
          },
          {
            "test_type": "CanAffordBuildDemand"
          },
          {
            "test_type": "UnitCountOnPlanet",
            "unit_type_string0": "Orbital & LaserPlatform",
            "compare0": "<",
            "value0": 4
          }
        ]
      ]
    },
    {
      "name": "Advanced Radar Sattelite",
      "to_build": "AdvancedRadarSattelite",
      "instance_count": 1,
      "shared_instance_count": "ReconAssistance",
      "cross_planet_shared_count": true,
      "priority": 196,
      "builders": ["OrbitalFactory"],
      "build_conditions": [
        [
          {
            "test_type": "HasPersonalityTag",
            "string0": "Vanilla",
            "boolean": true
          },
          {
            "test_type": "PlanetIsGasGiant",
            "boolean": false
          },
          {
            "test_type": "CanAffordBuildDemand"
          },
          {
            "test_type": "CanAffordPotentialDrain",
            "string0": "AdvancedRadarSattelite"
          },
          {
            "test_type": "UnitCountPerPlanetRadius",
            "unit_type_string0": "Orbital & (Recon | Scout) & Advanced - Structure",
            "compare0": "<",
            "value0": 250
          }
        ],
        [
          {
            "test_type": "HasPersonalityTag",
            "string0": "Vanilla",
            "boolean": true
          },
          {
            "test_type": "PlanetIsGasGiant",
            "boolean": false
          },
          {
            "test_type": "CanAffordBuildDemand"
          },
          {
            "test_type": "CanAffordPotentialDrain",
            "string0": "AdvancedRadarSattelite"
          },
          {
            "test_type": "UnitCountOnPlanet",
            "unit_type_string0": "Orbital & Fighter",
            "compare0": ">",
            "value0": 2
          },
          {
            "test_type": "OtherPlanetNeedsReconAssistance",
            "boolean": true
          }
        ]
      ]
    }
  ]
}
