{
  "build_list": [
    {
      "name": "Fabrication Barge",
      "to_build": "SupportBarge",
      "instance_count": 1,
      "priority": 97,
      "builders": ["BasicNavalFactory"],
      "build_conditions": [
        [
          {
            "test_type": "HasPersonalityTag",
            "string0": "Vanilla",
            "boolean": true
          },
          {
            "test_type": "AloneOnPlanet",
            "boolean": false
          },
          {
            "test_type": "CanAffordBuildDemand"
          },
          {
            "test_type": "CanDeployNavalFromBase",
            "boolean": true
          },
          {
            "test_type": "UnitRatioOnPlanet",
            "unit_type_string0": "(Naval & Mobile & Construction) - Fabber",
            "unit_type_string1": "(Naval & Mobile) - Fabber",
            "compare0": "<",
            "value0": 0.1
          }
        ]
      ]
    },
    {
      "name": "Hover Ship",
      "to_build": "HoverShip",
      "instance_count": -1,
      "max_num_assisters": 15,
      "priority": 199,
      "builders": ["AdvancedNavalFactory"],
      "build_conditions": [
        [
          {
            "test_type": "HasPersonalityTag",
            "string0": "Vanilla",
            "boolean": true
          },
          {
            "test_type": "AloneOnPlanet",
            "boolean": false
          },
          {
            "test_type": "CanAffordBuildDemand"
          }
        ]
      ]
    },
    {
      "name": "Drone Carrier",
      "to_build": "DroneCarrier",
      "instance_count": -1,
      "max_num_assisters": 15,
      "priority": 199,
      "builders": ["AdvancedNavalFactory"],
      "build_conditions": [
        [
          {
            "test_type": "HasPersonalityTag",
            "string0": "Vanilla",
            "boolean": true
          },
          {
            "test_type": "AloneOnPlanet",
            "boolean": false
          },
          {
            "test_type": "CanDeployNavalFromBase",
            "boolean": true
          },
          {
            "test_type": "CanAffordBuildDemand"
          }
        ]
      ]
    }
  ]
}
