{
  "build_list": [
    {
      "name": "Basic Naval Fabber",
      "to_build": "BasicNavalFabber",
      "instance_count": 1,
      "max_num_assisters": 10,
      "priority": 100,
      "builders": ["BasicNavalFactory"],
      "build_conditions": [
        [
          {
            "test_type": "HasPersonalityTag",
            "string0": "Vanilla",
            "boolean": true
          },
          {
            "test_type": "BaseThreatened",
            "boolean": false
          },
          {
            "test_type": "CanAffordBuildDemand"
          },
          {
            "test_type": "UnitCountOnPlanet",
            "unit_type_string0": "Naval & Fabber & Basic",
            "compare0": "<",
            "value0": 2
          },
          {
            "test_type": "CanAffordPotentialDrain",
            "string0": "BasicNavalFabber"
          }
        ]
      ]
    },
    {
      "name": "Destroyer",
      "to_build": "Destroyer",
      "instance_count": -1,
      "max_num_assisters": 10,
      "priority": 97,
      "builders": ["BasicNavalFactory"],
      "build_conditions": [
        [
          {
            "test_type": "HasPersonalityTag",
            "string0": "Vanilla",
            "boolean": true
          },
          {
            "test_type": "AloneOnPlanet",
            "boolean": false
          },
          {
            "test_type": "CanDeployNavalFromBase",
            "boolean": true
          },
          {
            "test_type": "CanAffordBuildDemand"
          }
        ]
      ]
    },
    {
      "name": "Attack Sub",
      "to_build": "Sub",
      "instance_count": -1,
      "max_num_assisters": 10,
      "priority": 97,
      "builders": ["BasicNavalFactory"],
      "build_conditions": [
        [
          {
            "test_type": "HasPersonalityTag",
            "string0": "Vanilla",
            "boolean": true
          },
          {
            "test_type": "AloneOnPlanet",
            "boolean": false
          },
          {
            "test_type": "CanDeployNavalFromBase",
            "boolean": true
          },
          {
            "test_type": "PlanetThreat",
            "string0": "Naval",
            "compare0": ">",
            "value0": 0
          },
          {
            "test_type": "UnitRatioOnPlanet",
            "unit_type_string0": "Mobile & Naval & Sub",
            "unit_type_string1": "Mobile & Naval - Fabber",
            "compare0": "<",
            "value0": 0.25
          },
          {
            "test_type": "CanAffordBuildDemand"
          }
        ]
      ]
    },
    {
      "name": "Frigate",
      "to_build": "Frigate",
      "instance_count": -1,
      "max_num_assisters": 10,
      "priority": 97,
      "builders": ["BasicNavalFactory"],
      "build_conditions": [
        [
          {
            "test_type": "HasPersonalityTag",
            "string0": "Vanilla",
            "boolean": true
          },
          {
            "test_type": "AloneOnPlanet",
            "boolean": false
          },
          {
            "test_type": "CanDeployNavalFromBase",
            "boolean": true
          },
          {
            "test_type": "CanAffordBuildDemand"
          }
        ]
      ]
    },
    {
      "name": "Advanced Naval Fabber",
      "to_build": "AdvancedNavalFabber",
      "instance_count": 1,
      "max_num_assisters": 15,
      "priority": 200,
      "builders": ["AdvancedNavalFactory"],
      "build_conditions": [
        [
          {
            "test_type": "HasPersonalityTag",
            "string0": "Vanilla",
            "boolean": true
          },
          {
            "test_type": "BaseThreatened",
            "boolean": false
          },
          {
            "test_type": "CanAffordBuildDemand"
          },
          {
            "test_type": "UnitCountOnPlanet",
            "unit_type_string0": "Naval & Fabber & Advanced",
            "compare0": "<",
            "value0": 2
          },
          {
            "test_type": "CanAffordPotentialDrain",
            "string0": "AdvancedNavalFabber"
          }
        ]
      ]
    },
    {
      "name": "Battleship",
      "to_build": "Battleship",
      "instance_count": -1,
      "max_num_assisters": 15,
      "priority": 199,
      "builders": ["AdvancedNavalFactory"],
      "build_conditions": [
        [
          {
            "test_type": "HasPersonalityTag",
            "string0": "Vanilla",
            "boolean": true
          },
          {
            "test_type": "AloneOnPlanet",
            "boolean": false
          },
          {
            "test_type": "CanDeployNavalFromBase",
            "boolean": true
          },
          {
            "test_type": "CanAffordBuildDemand"
          }
        ]
      ]
    },
    {
      "name": "MissleShip",
      "to_build": "MissleShip",
      "instance_count": -1,
      "max_num_assisters": 15,
      "priority": 199,
      "builders": ["AdvancedNavalFactory"],
      "build_conditions": [
        [
          {
            "test_type": "HasPersonalityTag",
            "string0": "Vanilla",
            "boolean": true
          },
          {
            "test_type": "AloneOnPlanet",
            "boolean": false
          },
          {
            "test_type": "CanDeployNavalFromBase",
            "boolean": true
          },
          {
            "test_type": "CanAffordBuildDemand"
          }
        ]
      ]
    },
    {
      "name": "Missile Sub",
      "to_build": "MissileSub",
      "instance_count": -1,
      "max_num_assisters": 15,
      "priority": 199,
      "builders": ["AdvancedNavalFactory"],
      "build_conditions": [
        [
          {
            "test_type": "HasPersonalityTag",
            "string0": "Vanilla",
            "boolean": true
          },
          {
            "test_type": "AloneOnPlanet",
            "boolean": false
          },
          {
            "test_type": "CanDeployNavalFromBase",
            "boolean": true
          },
          {
            "test_type": "PlanetThreat",
            "string0": "Naval",
            "compare0": ">",
            "value0": 0
          },
          {
            "test_type": "UnitRatioOnPlanet",
            "unit_type_string0": "Mobile & Naval & Sub",
            "unit_type_string1": "Mobile & Naval - Fabber",
            "compare0": "<",
            "value0": 0.25
          },
          {
            "test_type": "CanAffordBuildDemand"
          }
        ]
      ]
    }
  ]
}
