{
  "TEMP_texelinfo": 31.6199,
  "attachable": {
    "offsets": {
      "root": [
        0,
        0,
        0
      ]
    }
  },
  "base_spec": "/pa/units/orbital/base_orbital/base_orbital.json",
  "build_metal_cost": 6000,
  "command_caps": [
    "ORDER_Move",
    "ORDER_Patrol",
    "ORDER_Attack"
  ],
  "description": "!LOC:Orbital laser platform- Rains death from above.",
  "display_name": "!LOC:SXX-1304 Laser Platform",
  "events": {
    "build_complete": {
      "audio_cue": "/SE/Build_Complete/orbital"
    },
    "died": {
      "audio_cue": "/SE/Death/orbital",
      "effect_scale": 1.5,
      "effect_spec": "/pa/units/air/base_flyer/base_flyer_death_t2.pfx"
    },
    "fired": {
      "audio_cue": "/SE/Weapons/orb/orb_ssx_laser_fire",
      "effect_scale": 3,
      "effect_spec": "/pa/units/orbital/orbital_laser/orbital_laser_muzzle_flash.pfx socket_muzzle"
    }
  },
  "gravwell_velocity_multiplier": 6.0,
  "guard_layer": "WL_AnySurface",
  "max_health": 1600,
  "mesh_bounds": [
    38,
    38,
    40
  ],
  "model": {
    "animations": {
      "closed": "/pa/units/orbital/orbital_laser/orbital_laser_anim_closed.papa",
      "deploy": "/pa/units/orbital/orbital_laser/orbital_laser_anim_deploy.papa",
      "open": "/pa/units/orbital/orbital_laser/orbital_laser_anim_open.papa"
    },
    "animtree": "/pa/anim/anim_trees/orbital_laser_anim_tree.json",
    "filename": "/pa/units/orbital/orbital_laser/orbital_laser.papa"
  },
  "navigation": {
    "acceleration": 25,
    "brake": 25,
    "hover_time": -1.0,
    "move_speed": 25,
    "turn_speed": 90,
    "type": "orbital"
  },
  "physics": {
    "gravity_scalar": 0.001,
    "radius": 10
  },
  "recon": {
    "observer": {
      "items": [
        {
          "channel": "sight",
          "layer": "surface_and_air",
          "radius": 100,
          "shape": "capsule"
        },
        {
          "channel": "sight",
          "layer": "orbital",
          "radius": 100,
          "shape": "sphere"
        },
        {
          "channel": "sight",
          "layer": "underwater",
          "radius": 100,
          "shape": "capsule"
        }
      ]
    }
  },
  "selection_icon": {
    "diameter": 46.0
  },
  "spawn_layers": "WL_Orbital",
  "tools": [
    {
      "aim_bone": "bone_recoil",
      "muzzle_bone": "socket_muzzle",
      "spec_id": "/pa/units/orbital/orbital_laser/orbital_laser_tool_weapon.json"
    }
  ],
  "unit_types": [
    "UNITTYPE_Mobile",
    "UNITTYPE_Offense",
    "UNITTYPE_Orbital",
    "UNITTYPE_LaserPlatform",
    "UNITTYPE_Advanced",
    "UNITTYPE_FactoryBuild"
  ],
  "fx_offsets": [
    {
      "type": "idle",
      "bone": "bone_rotator",
      "filename": "/pa/effects/specs/light_2_4_1.pfx",
      "offset": [
        8.45,
        1,
        -3.5
      ]
    },
    {
      "type": "idle",
      "bone": "bone_rotator",
      "filename": "/pa/effects/specs/light_2_4_1.pfx",
      "offset": [
        -8.45,
        -1,
        -3.5
      ]
    },
    {
      "type": "idle",
      "bone": "bone_rotator",
      "filename": "/pa/effects/specs/lightblink_1_4_1.pfx",
      "offset": [
        7.6,
        1,
        -1.3
      ]
    },
    {
      "type": "idle",
      "bone": "bone_rotator",
      "filename": "/pa/effects/specs/lightblink_1_4_1.pfx",
      "offset": [
        -7.6,
        -1,
        -1.3
      ]
    }
  ]
}