{
  "audio_loop": "/SE/Movement/missile/artillery_long_missile_fly_loop",
  "base_spec": "/pa/ammo/base_artillery/base_artillery.json",
  "damage": 5000,
  "damage_volume": {
    "burnable_remove_radius": 30,
    "delay": 1,
    "initial_radius": 10,
    "radius_accel": -10,
    "radius_velocity": 60
  },
  "events": {
    "died": {
      "audio_cue": "/SE/Impacts/missile_artillery_long_holkins",
      "effect_spec": "/pa/effects/specs/awesome_explosion.pfx"
    }
  },
  "full_damage_splash_radius": 0,
  "fx_trail": {
    "filename": "/pa/effects/specs/plasma_ball_with_sparks_long.pfx"
  },
  "initial_velocity": 100,
  "lifetime": 5,
  "max_velocity": 2000,
  "min_velocity": 100,
  "physics": {
    "add_to_spatial_db": true,
    "gravity_scalar": 25
  },
  "splash_damages_allies": false,
  "splash_radius": 25
}
