{
  "ammo_capacity": 37500,
  "ammo_demand": 2500,
  "ammo_id": "/pa/units/land/l_artillery_long/l_artillery_long_ammo.json",
  "ammo_per_shot": 37500,
  "ammo_source": "energy",
  "arc_type": "Both",
  "auto_attack": true,
  "base_spec": "/pa/tools/base_shell_turret/base_shell_turret.json",
  "max_firing_velocity": 2000,
  "max_range": 400,
  "min_firing_velocity": 100,
  "pitch_range": 60,
  "pitch_rate": 10,
  "rate_of_fire": 0.07,
  "target_layers": [
    "WL_LandHorizontal",
    "WL_Seafloor",
    "WL_WaterSurface",
    "WL_Underwater"
  ],
  "target_priorities": [
    "Commander",
    "Titan & (Land | Naval)",
    "Artillery & Advanced & (Land | Naval)",
    "Nuke | NukeDefense"
  ],
  "yaw_range": 360,
  "yaw_rate": 10
}
