{
    "author": "DeathByDenim",
    "build": "113953",
    "context": "client",
    "date": "2020-01-25",
    "description": "Automatically selects your favourite colour in the lobby.",
    "description_de": "Wählt automatisch Ihre Lieblingsfarbe in der Lobby aus.",
    "description_fr": "Choisit automatiquement votre couleur préférée dans le foyer.",
    "description_nl": "Kiest automatisch uw favoriete kleur in de lobby.",
    "display_name": "Favourite Colour",
    "display_name_de": "Lieblingsfarbe",
    "display_name_fr": "Couleur préférée",
    "display_name_nl": "Lievelingskleur",
    "forum": "https://forums.uberent.com/threads/favourite-colour-v1-4-2-71937.63529/",
    "icon": "http://pamods.github.io/icons/dFavouriteColour.png",
    "identifier": "com.pa.DeathByDenim.dFavouriteColour",
    "scenes": {
        "new_game_ladder": [
            "coui://ui/mods/dfavouritecolour/dfavouritecolour_new_game.js"
        ],
        "new_game": [
            "coui://ui/mods/dfavouritecolour/dfavouritecolour_new_game.js"
        ],
        "settings": [
            "coui://ui/mods/dfavouritecolour/dfavouritecolour_settings.js"
        ]
    },
    "signature": "not yet implemented",
    "version": "1.7.1",
    "url": "https://github.com/DeathByDenim/dFavouriteColour/archive/release.zip",
    "download": "https://cdn.palobby.com/community-mods/downloads/com.pa.DeathByDenim.dFavouriteColour.zip",
    "unitList": false,
    "fileSystem": false,
    "searchable": [
        "favourite",
        "colour",
        "ui",
        "titans",
        "classic",
        "favorite",
        "color",
        "deathbydenim"
    ],
    "sort": "favourite colour",
    "authors": [
        "DeathByDenim"
    ],
    "priority": 100,
    "timestamp": 1579910400000,
    "dependencies": [],
    "companions": [],
    "framework": false,
    "available": true,
    "enabled": true,
    "titansOnly": false,
    "classicOnly": false,
    "classic": true,
    "titans": true,
    "conflicts": {}
}