{
  "base_spec": "/pa/ammo/base_bomb/base_bomb.json",
  "damage": 0,
  "death": {
    "decals": [
      ""
    ]
  },
  "events": {
    "died": {
      "effect_spec": "/pa/units/land/l_necromancer/death_weapon/l_necromancer_teleport.pfx"
    }
  },
  "fx_trail": {
    "filename": "/pa/effects/specs/none.pfx"
  },
  "initial_velocity": 17,
  "lifetime": 1,
  "max_velocity": 20,
  "min_velocity": 17,
  "model": {
    "filename": ""
  },
  "spawn_unit_on_death": "/pa/units/land/l_necromancer/l_minion/l_minion_spawner.json",
  "spawn_unit_on_death_with_velocity": false,
  "splash_damage": 0,
  "splash_radius": 0
}
