{
    "author": "Grand Homie, Dissonant",
    "build": "113132",
    "context": "client",
    "date": "2019-06-10",
    "description": "Adds 6 simple biomes to the system editor: grass (grass without reclaimable trees), sandstone (desert only), arctic (ice only), and gas_small/gas_yellow/gas_violet.",
    "display_name": "Simple Biomes - Client",
    "forum": "https://forums.planetaryannihilation.com/threads/simple-biomes.73248/",
    "icon": "https://i.imgur.com/CpfqFdx.png",
    "identifier": "com.pa.grandhomie.simplebiomes.client",
    "signature": "not yet implemented",
    "version": "1.5",
    "priority": 100,
    "companions": [],
    "dependencies": [],
    "scenes": {
        "system_editor": [
            "coui://ui/mods/simplebiomes/simplebiomes.js"
        ]
    },
    "url": "https://github.com/grandhomie/com.pa.grandhomie.simplebiomes.client/archive/release.zip",
    "download": "https://cdn.palobby.com/community-mods/downloads/com.pa.grandhomie.simplebiomes.client.zip",
    "unitList": false,
    "fileSystem": false,
    "searchable": [
        "simple",
        "biomes",
        "client",
        "gr",
        "homie",
        "dissonant"
    ],
    "sort": "simple biomes - client",
    "authors": [
        "Gr",
        "Homie",
        "Dissonant"
    ],
    "timestamp": 1560124800000,
    "framework": false,
    "available": true,
    "enabled": true,
    "titansOnly": false,
    "classicOnly": false,
    "classic": false,
    "titans": false,
    "conflicts": {}
}