{
    "context": "client",
    "identifier": "com.pa.quitch.gwaioverhaul",
    "display_name": "Galactic War AI Overhaul",
    "description": "Add some much-needed variety and challenge to Galactic War with a wider range of difficulties, FFAs, faction personalities, enemy and sub commander personalities, epic battles, better bosses and strategic intelligence. Suitable for all abilities, from those who have just completed the tutorial to those who dominate in multiplayer. Start a new war to enjoy all the new features.",
    "author": "Quitch",
    "version": "2.0.4",
    "build": "113903",
    "date": "2020-02-13",
    "signature": " ",
    "forum": "https://forums.planetaryannihilation.com/threads/client-galactic-war-ai-overhaul.72360/",
    "icon": "https://raw.githubusercontent.com/Quitch/GW-AI-Overhaul/develop/images/icon.png",
    "scenes": {
        "gw_start": [
            "coui://ui/mods/com.pa.quitch.gwaioverhaul/difficulty.js",
            "coui://ui/mods/com.pa.quitch.gwaioverhaul/difficulty.css"
        ],
        "gw_play": [
            "coui://ui/mods/com.pa.quitch.gwaioverhaul/colour.js",
            "coui://ui/mods/section_of_foreign_intelligence/section_of_foreign_intelligence.css",
            "coui://ui/mods/section_of_foreign_intelligence/section_of_foreign_intelligence.js"
        ]
    },
    "priority": 100,
    "url": "https://github.com/Quitch/GW-AI-Overhaul/archive/master.zip",
    "download": "https://cdn.palobby.com/community-mods/downloads/com.pa.quitch.gwaioverhaul.zip",
    "unitList": false,
    "fileSystem": false,
    "searchable": [
        "galactic",
        "war",
        "ai",
        "overhaul",
        "ki",
        "ia",
        "si",
        "ии",
        "电脑",
        "電腦",
        "gw",
        "gameplay",
        "classic",
        "titans",
        "quitch"
    ],
    "sort": "galactic war ai overhaul",
    "authors": [
        "Quitch"
    ],
    "timestamp": 1581552000000,
    "dependencies": [],
    "companions": [],
    "framework": false,
    "available": true,
    "enabled": true,
    "titansOnly": false,
    "classicOnly": false,
    "classic": true,
    "titans": true,
    "conflicts": {}
}