{
    "identifier": "com.pa.domdom.laser_unit_effects",
    "context": "client",
    "display_name": "More Pew Pew",
    "description": "More pew, more color, and more distinguishable unit weapon effects! Tell at a glance what is shooting at you.",
    "author": "dom314",
    "icon": "http://i.imgur.com/PQOpc3u.gif",
    "priority": 105,
    "version": "1.5.3",
    "forum": "https://forums.uberent.com/threads/rel-client-more-pew-pew.69229/",
    "titansOnly": true,
    "build": "114218",
    "date": "2020-04-26",
    "signature": " ",
    "url": "https://github.com/domdom/com.pa.domdom.laser_unit_effects/archive/master.zip",
    "download": "https://cdn.palobby.com/community-mods/downloads/com.pa.domdom.laser_unit_effects.zip",
    "unitList": false,
    "fileSystem": false,
    "searchable": [
        "more",
        "pew",
        "titans",
        "effects",
        "dom314"
    ],
    "sort": "more pew pew",
    "authors": [
        "dom314"
    ],
    "timestamp": 1587859200000,
    "dependencies": [],
    "companions": [],
    "scenes": {},
    "framework": false,
    "available": true,
    "enabled": true,
    "classicOnly": false,
    "classic": false,
    "titans": true,
    "conflicts": {}
}