{
  "build_list": [
    {
      "name": "Legion - Bronze - Shredder - Mex",
      "to_build": "LegionDefenseBasicAir",
      "instance_count": 1,
      "shared_instance_count": "AirDefence",
      "max_num_assisters": 3,
      "priority": 478,
      "base_sort": "FromPerimeter",
      "builders": ["AnyLegionFabberBasic"],
      "build_conditions": [
        [
          {
            "test_type": "HasPersonalityTag",
            "string0": "bronze",
            "boolean": true
          },
          {
            "test_type": "AloneOnPlanet",
            "boolean": false
          },
          {
            "test_type": "CanAffordBuildDemand"
          },
          {
            "test_type": "DistFromMainBase",
            "compare0": ">=",
            "value0": 200
          },
          {
            "test_type": "UnitCountInBase",
            "unit_type_string0": "Structure & AirDefense",
            "compare0": "<",
            "value0": 4
          },
          {
            "test_type": "UnitCountInBase",
            "unit_type_string0": "Structure & MetalProduction",
            "compare0": ">=",
            "value0": 1
          },
          {
            "test_type": "CanFindPlaceToBuild",
            "string0": "LegionDefenseBasicAir"
          }
        ]
      ],
      "placement_rules": {
        "placement_type": "FromBaseCenter",
        "unit_count_rules": [
          {
            "unit_type_string": "Structure & MetalProduction",
            "alliance": "Ally",
            "compare_type": ">=",
            "range": 50,
            "count": 1
          },
          {
            "unit_type_string": "Structure & AirDefense",
            "alliance": "Ally",
            "compare_type": "<",
            "range": 100,
            "count": 1
          }
        ]
      }
    },
    {
      "name": "Legion - Bronze - Jackal - Mex",
      "to_build": "LegionDefenseBasicLand",
      "instance_count": 1,
      "shared_instance_count": "LandDefence",
      "max_num_assisters": 3,
      "priority": 478,
      "base_sort": "FromPerimeter",
      "builders": ["AnyLegionFabberBasic"],
      "build_conditions": [
        [
          {
            "test_type": "HasPersonalityTag",
            "string0": "bronze",
            "boolean": true
          },
          {
            "test_type": "AloneOnPlanet",
            "boolean": false
          },
          {
            "test_type": "CanDeployLandFromBase",
            "boolean": true
          },
          {
            "test_type": "CanAffordBuildDemand"
          },
          {
            "test_type": "DistFromMainBase",
            "compare0": ">=",
            "value0": 200
          },
          {
            "test_type": "UnitCountInBase",
            "unit_type_string0": "Structure & (SurfaceDefense | Tactical) - (CombatFabAdvBuild & Advanced & Custom1)",
            "compare0": "<",
            "value0": 2
          },
          {
            "test_type": "UnitCountInBase",
            "unit_type_string0": "Structure & MetalProduction",
            "compare0": ">=",
            "value0": 1
          },
          {
            "test_type": "CanFindPlaceToBuild",
            "string0": "LegionDefenseBasicLand"
          }
        ]
      ],
      "placement_rules": {
        "placement_type": "FromBaseCenter",
        "unit_count_rules": [
          {
            "unit_type_string": "Structure & MetalProduction",
            "alliance": "Ally",
            "compare_type": ">=",
            "range": 50,
            "count": 1
          },
          {
            "unit_type_string": "Structure & (SurfaceDefense | Tactical) - (CombatFabAdvBuild & Advanced & Custom1)",
            "alliance": "Ally",
            "compare_type": "<",
            "range": 100,
            "count": 1
          }
        ]
      }
    },
    {
      "name": "Legion - Bronze - Scarab - Mex",
      "to_build": "LegionDefenseBasicLandII",
      "instance_count": 1,
      "shared_instance_count": "LandDefence",
      "max_num_assisters": 3,
      "priority": 478,
      "base_sort": "FromPerimeter",
      "builders": ["AnyLegionFabberBasic"],
      "build_conditions": [
        [
          {
            "test_type": "HasPersonalityTag",
            "string0": "bronze",
            "boolean": true
          },
          {
            "test_type": "AloneOnPlanet",
            "boolean": false
          },
          {
            "test_type": "CanDeployLandFromBase",
            "boolean": true
          },
          {
            "test_type": "CanAffordBuildDemand"
          },
          {
            "test_type": "DistFromMainBase",
            "compare0": ">=",
            "value0": 200
          },
          {
            "test_type": "UnitCountInBase",
            "unit_type_string0": "Structure & (SurfaceDefense | Tactical) - (CombatFabAdvBuild & Advanced & Custom1)",
            "compare0": "<",
            "value0": 4
          },
          {
            "test_type": "UnitCountInBase",
            "unit_type_string0": "Structure & MetalProduction",
            "compare0": ">=",
            "value0": 1
          },
          {
            "test_type": "CanFindPlaceToBuild",
            "string0": "LegionDefenseBasicLandII"
          }
        ]
      ],
      "placement_rules": {
        "placement_type": "FromBaseCenter",
        "unit_count_rules": [
          {
            "unit_type_string": "Structure & MetalProduction",
            "alliance": "Ally",
            "compare_type": ">=",
            "range": 50,
            "count": 1
          },
          {
            "unit_type_string": "Structure & (SurfaceDefense | Tactical) - (CombatFabAdvBuild & Advanced & Custom1)",
            "alliance": "Ally",
            "compare_type": "<",
            "range": 100,
            "count": 1
          }
        ]
      }
    },
    {
      "name": "Legion - Bronze - Hive - Mex",
      "to_build": "LegionDefenseBasicSwarm",
      "instance_count": 1,
      "shared_instance_count": "LandDefence",
      "max_num_assisters": 2,
      "priority": 478,
      "base_sort": "FromPerimeter",
      "builders": ["LegionBotBasicFabber", "LegionVehicleBasicFabber"],
      "build_conditions": [
        [
          {
            "test_type": "HasPersonalityTag",
            "string0": "bronze",
            "boolean": true
          },
          {
            "test_type": "AloneOnPlanet",
            "boolean": false
          },
          {
            "test_type": "CanDeployLandFromBase",
            "boolean": true
          },
          {
            "test_type": "CanAffordBuildDemand"
          },
          {
            "test_type": "DistFromMainBase",
            "compare0": ">=",
            "value0": 200
          },
          {
            "test_type": "UnitCountInBase",
            "unit_type_string0": "Structure & (SurfaceDefense | Tactical) - (CombatFabAdvBuild & Advanced & Custom1)",
            "compare0": "<",
            "value0": 4
          },
          {
            "test_type": "UnitCountInBase",
            "unit_type_string0": "Structure & MetalProduction",
            "compare0": ">=",
            "value0": 1
          },
          {
            "test_type": "CanFindPlaceToBuild",
            "string0": "LegionDefenseBasicSwarm"
          }
        ]
      ],
      "placement_rules": {
        "placement_type": "FromBaseCenter",
        "unit_count_rules": [
          {
            "unit_type_string": "Structure & MetalProduction",
            "alliance": "Ally",
            "compare_type": ">=",
            "range": 50,
            "count": 1
          },
          {
            "unit_type_string": "Structure & (SurfaceDefense | Tactical) - (CombatFabAdvBuild & Advanced & Custom1)",
            "alliance": "Ally",
            "compare_type": "<",
            "range": 100,
            "count": 1
          }
        ]
      }
    },
    {
      "name": "Legion - Bronze - Ripple - Mex",
      "to_build": "LegionDefenseBasicNaval",
      "instance_count": 1,
      "shared_instance_count": "NavalDefence",
      "max_num_assisters": 3,
      "priority": 478,
      "base_sort": "FromPerimeter",
      "builders": ["LegionAirBasicFabber", "LegionNavalBasicFabber"],
      "build_conditions": [
        [
          {
            "test_type": "HasPersonalityTag",
            "string0": "bronze",
            "boolean": true
          },
          {
            "test_type": "AloneOnPlanet",
            "boolean": false
          },
          {
            "test_type": "CanDeployNavalFromBase",
            "boolean": true
          },
          {
            "test_type": "CanAffordBuildDemand"
          },
          {
            "test_type": "DistFromMainBase",
            "compare0": ">=",
            "value0": 200
          },
          {
            "test_type": "UnitCountInBase",
            "unit_type_string0": "Structure & Naval & Defense",
            "compare0": "<",
            "value0": 4
          },
          {
            "test_type": "UnitCountInBase",
            "unit_type_string0": "Structure & MetalProduction",
            "compare0": ">=",
            "value0": 1
          },
          {
            "test_type": "CanFindPlaceToBuild",
            "string0": "LegionDefenseBasicNaval"
          }
        ]
      ],
      "placement_rules": {
        "placement_type": "FromBaseCenter",
        "unit_count_rules": [
          {
            "unit_type_string": "Structure & MetalProduction",
            "alliance": "Ally",
            "compare_type": ">=",
            "range": 50,
            "count": 1
          },
          {
            "unit_type_string": "Structure & Naval & Defense",
            "alliance": "Ally",
            "compare_type": "<",
            "range": 100,
            "count": 1
          }
        ]
      }
    },
    {
      "name": "Legion - Bronze - Shredder - Base",
      "to_build": "LegionDefenseBasicAir",
      "instance_count": 1,
      "shared_instance_count": "AirDefence",
      "max_num_assisters": 3,
      "priority": 477,
      "base_sort": "FromMainBase",
      "builders": ["AnyLegionFabberBasic"],
      "build_conditions": [
        [
          {
            "test_type": "HasPersonalityTag",
            "string0": "bronze",
            "boolean": true
          },
          {
            "test_type": "AloneOnPlanet",
            "boolean": false
          },
          {
            "test_type": "CanAffordBuildDemand"
          },
          {
            "test_type": "UnitCountInBase",
            "unit_type_string0": "Structure & AirDefense & Basic",
            "compare0": "<",
            "value0": 4
          },
          {
            "test_type": "UnitCountInBase",
            "unit_type_string0": "Structure & Factory",
            "compare0": ">=",
            "value0": 1
          },
          {
            "test_type": "CanFindPlaceToBuild",
            "string0": "LegionDefenseBasicAir"
          }
        ]
      ],
      "placement_rules": {
        "placement_type": "FromBaseCenter",
        "unit_count_rules": [
          {
            "unit_type_string": "Structure & (EnergyProduction | Factory)",
            "alliance": "Ally",
            "compare_type": ">=",
            "range": 50,
            "count": 1
          },
          {
            "unit_type_string": "Structure & AirDefense",
            "alliance": "Ally",
            "compare_type": "<",
            "range": 50,
            "count": 1
          }
        ]
      }
    },
    {
      "name": "Legion - Bronze - Jackal - Base",
      "to_build": "LegionDefenseBasicLand",
      "instance_count": 1,
      "shared_instance_count": "LandDefence",
      "max_num_assisters": 3,
      "priority": 476,
      "base_sort": "FromMainBase",
      "builders": ["AnyLegionFabberBasic"],
      "build_conditions": [
        [
          {
            "test_type": "HasPersonalityTag",
            "string0": "bronze",
            "boolean": true
          },
          {
            "test_type": "AloneOnPlanet",
            "boolean": false
          },
          {
            "test_type": "CanDeployLandFromBase",
            "boolean": true
          },
          {
            "test_type": "CanAffordBuildDemand"
          },
          {
            "test_type": "UnitCountInBase",
            "unit_type_string0": "Structure & (SurfaceDefense | Tactical) - (CombatFabAdvBuild & Advanced & Custom1)",
            "compare0": "<",
            "value0": 4
          },
          {
            "test_type": "UnitCountInBase",
            "unit_type_string0": "Structure & Factory",
            "compare0": ">=",
            "value0": 1
          },
          {
            "test_type": "UnitCountOnPlanet",
            "unit_type_string0": "Factory",
            "compare0": ">",
            "value0": 0
          },
          {
            "test_type": "CanFindPlaceToBuild",
            "string0": "LegionDefenseBasicLand"
          }
        ]
      ],
      "placement_rules": {
        "placement_type": "FromBaseCenter",
        "unit_count_rules": [
          {
            "unit_type_string": "Structure & (EnergyProduction | Factory)",
            "alliance": "Ally",
            "compare_type": ">=",
            "range": 50,
            "count": 1
          },
          {
            "unit_type_string": "Structure & (SurfaceDefense | Tactical) - (CombatFabAdvBuild & Advanced & Custom1)",
            "alliance": "Ally",
            "compare_type": "<",
            "range": 50,
            "count": 1
          }
        ]
      }
    },
    {
      "name": "Legion - Bronze - Scarab - Base",
      "to_build": "LegionDefenseBasicLandII",
      "instance_count": 1,
      "shared_instance_count": "LandDefence",
      "max_num_assisters": 3,
      "priority": 477,
      "base_sort": "FromMainBase",
      "builders": ["AnyLegionFabberBasic"],
      "build_conditions": [
        [
          {
            "test_type": "HasPersonalityTag",
            "string0": "bronze",
            "boolean": true
          },
          {
            "test_type": "AloneOnPlanet",
            "boolean": false
          },
          {
            "test_type": "CanDeployLandFromBase",
            "boolean": true
          },
          {
            "test_type": "CanAffordBuildDemand"
          },
          {
            "test_type": "UnitCountInBase",
            "unit_type_string0": "Structure & (SurfaceDefense | Tactical) - (CombatFabAdvBuild & Advanced & Custom1)",
            "compare0": "<",
            "value0": 8
          },
          {
            "test_type": "UnitCountInBase",
            "unit_type_string0": "Structure & Factory",
            "compare0": ">=",
            "value0": 1
          },
          {
            "test_type": "CanFindPlaceToBuild",
            "string0": "LegionDefenseBasicLandII"
          }
        ]
      ],
      "placement_rules": {
        "placement_type": "FromBaseCenter",
        "unit_count_rules": [
          {
            "unit_type_string": "Structure & (EnergyProduction | Factory)",
            "alliance": "Ally",
            "compare_type": ">=",
            "range": 50,
            "count": 1
          },
          {
            "unit_type_string": "Structure & (SurfaceDefense | Tactical) - (CombatFabAdvBuild & Advanced & Custom1)",
            "alliance": "Ally",
            "compare_type": "<",
            "range": 50,
            "count": 1
          }
        ]
      }
    },
    {
      "name": "Legion - Bronze - Hive - Base",
      "to_build": "LegionDefenseBasicSwarm",
      "instance_count": 1,
      "shared_instance_count": "LandDefence",
      "max_num_assisters": 3,
      "priority": 477,
      "base_sort": "FromMainBase",
      "builders": ["LegionBotBasicFabber", "LegionVehicleBasicFabber"],
      "build_conditions": [
        [
          {
            "test_type": "HasPersonalityTag",
            "string0": "bronze",
            "boolean": true
          },
          {
            "test_type": "AloneOnPlanet",
            "boolean": false
          },
          {
            "test_type": "CanDeployLandFromBase",
            "boolean": true
          },
          {
            "test_type": "CanAffordBuildDemand"
          },
          {
            "test_type": "UnitCountInBase",
            "unit_type_string0": "Structure & (SurfaceDefense | Tactical) - (CombatFabAdvBuild & Advanced & Custom1)",
            "compare0": "<",
            "value0": 8
          },
          {
            "test_type": "UnitCountInBase",
            "unit_type_string0": "Structure & Factory",
            "compare0": ">=",
            "value0": 1
          },
          {
            "test_type": "CanFindPlaceToBuild",
            "string0": "LegionDefenseBasicSwarm"
          }
        ]
      ],
      "placement_rules": {
        "placement_type": "FromBaseCenter",
        "unit_count_rules": [
          {
            "unit_type_string": "Structure & (EnergyProduction | Factory)",
            "alliance": "Ally",
            "compare_type": ">=",
            "range": 50,
            "count": 1
          },
          {
            "unit_type_string": "Structure & (SurfaceDefense | Tactical) - (CombatFabAdvBuild & Advanced & Custom1)",
            "alliance": "Ally",
            "compare_type": "<",
            "range": 50,
            "count": 1
          }
        ]
      }
    },
    {
      "name": "Legion - Bronze - Ripple - Base",
      "to_build": "LegionDefenseBasicNaval",
      "instance_count": 1,
      "shared_instance_count": "NavalDefence",
      "max_num_assisters": 3,
      "priority": 477,
      "base_sort": "FromMainBase",
      "builders": ["LegionAirBasicFabber", "LegionNavalBasicFabber"],
      "build_conditions": [
        [
          {
            "test_type": "HasPersonalityTag",
            "string0": "bronze",
            "boolean": true
          },
          {
            "test_type": "AloneOnPlanet",
            "boolean": false
          },
          {
            "test_type": "CanDeployNavalFromBase",
            "boolean": true
          },
          {
            "test_type": "CanAffordBuildDemand"
          },
          {
            "test_type": "UnitCountInBase",
            "unit_type_string0": "Structure & Naval & Defense",
            "compare0": "<",
            "value0": 8
          },
          {
            "test_type": "UnitCountInBase",
            "unit_type_string0": "Structure & Factory",
            "compare0": ">=",
            "value0": 1
          },
          {
            "test_type": "CanFindPlaceToBuild",
            "string0": "LegionDefenseBasicNaval"
          }
        ]
      ],
      "placement_rules": {
        "placement_type": "FromBaseCenter",
        "unit_count_rules": [
          {
            "unit_type_string": "Structure & (EnergyProduction | Factory)",
            "alliance": "Ally",
            "compare_type": ">=",
            "range": 50,
            "count": 1
          },
          {
            "unit_type_string": "Structure & Naval & Defense",
            "alliance": "Ally",
            "compare_type": "<",
            "range": 50,
            "count": 1
          }
        ]
      }
    },
    {
      "name": "Legion - Bronze - Archer - Base",
      "to_build": "LegionDefenseAdvancedAir",
      "instance_count": 1,
      "shared_instance_count": "AirDefence",
      "max_num_assisters": 3,
      "priority": 479,
      "base_sort": "FromMainBase",
      "builders": ["AnyLegionFabberAdvanced"],
      "build_conditions": [
        [
          {
            "test_type": "HasPersonalityTag",
            "string0": "bronze",
            "boolean": true
          },
          {
            "test_type": "AloneOnPlanet",
            "boolean": false
          },
          {
            "test_type": "CanAffordBuildDemand"
          },
          {
            "test_type": "UnitCountInBase",
            "unit_type_string0": "Structure & Advanced & AirDefense",
            "compare0": "<",
            "value0": 4
          },
          {
            "test_type": "UnitCountInBase",
            "unit_type_string0": "Structure & Factory",
            "compare0": ">=",
            "value0": 1
          },
          {
            "test_type": "CanFindPlaceToBuild",
            "string0": "LegionDefenseAdvancedAir"
          }
        ]
      ],
      "placement_rules": {
        "placement_type": "FromBaseCenter",
        "unit_count_rules": [
          {
            "unit_type_string": "Structure & (EnergyProduction | Factory)",
            "alliance": "Ally",
            "compare_type": ">=",
            "range": 50,
            "count": 1
          },
          {
            "unit_type_string": "Structure & Advanced & AirDefense",
            "alliance": "Ally",
            "compare_type": "<",
            "range": 50,
            "count": 1
          }
        ]
      }
    },
    {
      "name": "Legion - Bronze - Arsonist - Base",
      "to_build": "LegionDefenseAdvancedLand",
      "instance_count": 1,
      "shared_instance_count": "LandDefence",
      "priority": 479,
      "max_num_assisters": 3,
      "base_sort": "FromMainBase",
      "builders": ["AnyLegionFabberAdvanced"],
      "build_conditions": [
        [
          {
            "test_type": "HasPersonalityTag",
            "string0": "bronze",
            "boolean": true
          },
          {
            "test_type": "AloneOnPlanet",
            "boolean": false
          },
          {
            "test_type": "CanDeployLandFromBase",
            "boolean": true
          },
          {
            "test_type": "CanAffordBuildDemand"
          },
          {
            "test_type": "UnitCountInBase",
            "unit_type_string0": "Structure & Advanced & (SurfaceDefense | Tactical) - (CombatFabAdvBuild & Custom1)",
            "compare0": "<",
            "value0": 4
          },
          {
            "test_type": "UnitCountInBase",
            "unit_type_string0": "Structure & Factory",
            "compare0": ">=",
            "value0": 1
          },
          {
            "test_type": "CanFindPlaceToBuild",
            "string0": "LegionDefenseAdvancedLand"
          }
        ]
      ],
      "placement_rules": {
        "placement_type": "FromBaseCenter",
        "unit_count_rules": [
          {
            "unit_type_string": "Structure & (EnergyProduction | Factory)",
            "alliance": "Ally",
            "compare_type": ">=",
            "range": 50,
            "count": 1
          },
          {
            "unit_type_string": "Structure & (SurfaceDefense | Tactical) - (CombatFabAdvBuild & Advanced & Custom1)",
            "alliance": "Ally",
            "compare_type": "<",
            "range": 50,
            "count": 1
          }
        ]
      }
    },
    {
      "name": "Legion - Bronze - Decimator - Base",
      "to_build": "LegionDefenseAdvancedTactical",
      "instance_count": 1,
      "shared_instance_count": "LandDefence",
      "priority": 479,
      "max_num_assisters": 3,
      "base_sort": "FromMainBase",
      "builders": ["AnyLegionFabberAdvanced"],
      "build_conditions": [
        [
          {
            "test_type": "HasPersonalityTag",
            "string0": "bronze",
            "boolean": true
          },
          {
            "test_type": "AloneOnPlanet",
            "boolean": false
          },
          {
            "test_type": "CanDeployLandFromBase",
            "boolean": true
          },
          {
            "test_type": "CanAffordBuildDemand"
          },
          {
            "test_type": "UnitCountInBase",
            "unit_type_string0": "Structure & Advanced & (SurfaceDefense | Tactical) - (CombatFabAdvBuild & Custom1)",
            "compare0": "<",
            "value0": 4
          },
          {
            "test_type": "UnitCountInBase",
            "unit_type_string0": "Structure & Factory",
            "compare0": ">=",
            "value0": 1
          },
          {
            "test_type": "CanFindPlaceToBuild",
            "string0": "LegionDefenseAdvancedTactical"
          }
        ]
      ],
      "placement_rules": {
        "placement_type": "FromBaseCenter",
        "unit_count_rules": [
          {
            "unit_type_string": "Structure & (EnergyProduction | Factory)",
            "alliance": "Ally",
            "compare_type": ">=",
            "range": 50,
            "count": 1
          },
          {
            "unit_type_string": "Structure & (SurfaceDefense | Tactical) - (CombatFabAdvBuild & Advanced & Custom1)",
            "alliance": "Ally",
            "compare_type": "<",
            "range": 50,
            "count": 1
          }
        ]
      }
    },
    {
      "name": "Legion - Bronze - Rampart - Base",
      "to_build": "LegionDefenseAdvancedShield",
      "instance_count": 1,
      "shared_instance_count": "LandDefence",
      "priority": 479,
      "max_num_assisters": 3,
      "base_sort": "FromMainBase",
      "builders": ["AnyLegionFabberAdvanced"],
      "build_conditions": [
        [
          {
            "test_type": "HasPersonalityTag",
            "string0": "bronze",
            "boolean": true
          },
          {
            "test_type": "AloneOnPlanet",
            "boolean": false
          },
          {
            "test_type": "CanAffordBuildDemand"
          },
          {
            "test_type": "UnitCountInBase",
            "unit_type_string0": "Structure & Advanced & SurfaceDefense & CombatFabAdvBuild & Custom1",
            "compare0": "<",
            "value0": 1
          },
          {
            "test_type": "UnitCountInBase",
            "unit_type_string0": "Structure",
            "compare0": ">=",
            "value0": 1
          },
          {
            "test_type": "CanFindPlaceToBuild",
            "string0": "LegionDefenseAdvancedShield"
          }
        ]
      ],
      "placement_rules": {
        "placement_type": "FromBaseCenter",
        "unit_count_rules": [
          {
            "unit_type_string": "Structure - (Advanced & SurfaceDefense & CombatFabAdvBuild & Custom1)",
            "alliance": "Ally",
            "compare_type": ">=",
            "range": 50,
            "count": 1
          },
          {
            "unit_type_string": "Structure & Advanced & SurfaceDefense & CombatFabAdvBuild & Custom1",
            "alliance": "Ally",
            "compare_type": "<",
            "range": 50,
            "count": 1
          }
        ]
      }
    },
    {
      "name": "Legion - Bronze - Tsunami - Base",
      "to_build": "LegionDefenseAdvancedNaval",
      "instance_count": 1,
      "shared_instance_count": "NavalDefence",
      "priority": 479,
      "max_num_assisters": 3,
      "base_sort": "FromMainBase",
      "builders": ["LegionNavalAdvancedFabber", "LegionAirAdvancedFabber"],
      "build_conditions": [
        [
          {
            "test_type": "HasPersonalityTag",
            "string0": "bronze",
            "boolean": true
          },
          {
            "test_type": "AloneOnPlanet",
            "boolean": false
          },
          {
            "test_type": "CanDeployNavalFromBase",
            "boolean": true
          },
          {
            "test_type": "CanAffordBuildDemand"
          },
          {
            "test_type": "UnitCountInBase",
            "unit_type_string0": "Structure & Advanced & Naval & Defense",
            "compare0": "<",
            "value0": 6
          },
          {
            "test_type": "UnitCountInBase",
            "unit_type_string0": "Structure & Factory",
            "compare0": ">=",
            "value0": 1
          },
          {
            "test_type": "CanFindPlaceToBuild",
            "string0": "LegionDefenseAdvancedNaval"
          }
        ]
      ],
      "placement_rules": {
        "placement_type": "FromBaseCenter",
        "unit_count_rules": [
          {
            "unit_type_string": "Structure & (EnergyProduction | Factory)",
            "alliance": "Ally",
            "compare_type": ">=",
            "range": 50,
            "count": 1
          },
          {
            "unit_type_string": "Structure & Naval & Defense",
            "alliance": "Ally",
            "compare_type": "<",
            "range": 50,
            "count": 1
          }
        ]
      }
    },
    {
      "name": "Legion - Bronze - Centurion - Base",
      "to_build": "LegionDefenseBasicOrbitalII",
      "instance_count": 1,
      "max_num_assisters": 3,
      "priority": 481,
      "base_sort": "FromMainBase",
      "builders": ["LegionOrbitalBasicFabber"],
      "build_conditions": [
        [
          {
            "test_type": "HasPersonalityTag",
            "string0": "bronze",
            "boolean": true
          },
          {
            "test_type": "AloneOnPlanet",
            "boolean": false
          },
          {
            "test_type": "CanAffordBuildDemand"
          },
          {
            "test_type": "UnitCountInBase",
            "unit_type_string0": "Orbital & OrbitalDefense",
            "compare0": "<",
            "value0": 8
          },
          {
            "test_type": "UnitCountInBase",
            "unit_type_string0": "Structure & ((EnergyProduction & Advanced) | Factory)",
            "compare0": ">=",
            "value0": 3
          },
          {
            "test_type": "CanFindPlaceToBuild",
            "string0": "LegionDefenseBasicOrbitalII"
          }
        ]
      ],
      "placement_rules": {
        "placement_type": "FromBaseCenter",
        "unit_count_rules": [
          {
            "unit_type_string": "Commander | (Structure & ((EnergyProduction & Advanced) | Factory))",
            "alliance": "Ally",
            "compare_type": ">=",
            "range": 50,
            "count": 1
          },
          {
            "unit_type_string": "Structure & OrbitalDefense",
            "alliance": "Ally",
            "compare_type": "<",
            "range": 50,
            "count": 1
          }
        ]
      }
    },
    {
      "name": "Legion - Bronze - Tola - Base",
      "to_build": "LegionDefenseBasicOrbital",
      "instance_count": 1,
      "priority": 478,
      "max_num_assisters": 3,
      "base_sort": "FromMainBase",
      "builders": ["AnyLegionFabberBasic", "AnyLegionFabberAdvanced"],
      "build_conditions": [
        [
          {
            "test_type": "HasPersonalityTag",
            "string0": "bronze",
            "boolean": true
          },
          {
            "test_type": "CanAffordBuildDemand"
          },
          {
            "test_type": "SystemThreat",
            "string0": "Orbital",
            "compare0": ">",
            "value0": 0
          },
          {
            "test_type": "UnitCountInBase",
            "unit_type_string0": "Structure & Defense - Artillery - SurfaceDefense - AirDefense - Naval",
            "compare0": "<",
            "value0": 3
          },
          {
            "test_type": "UnitCountInBase",
            "unit_type_string0": "Structure & ((EnergyProduction & Advanced) | Factory | PlanetEngine | ControlModule)",
            "compare0": ">=",
            "value0": 1
          },
          {
            "test_type": "CanFindPlaceToBuild",
            "string0": "LegionDefenseBasicOrbital"
          }
        ],
        [
          {
            "test_type": "HasPersonalityTag",
            "string0": "bronze",
            "boolean": true
          },
          {
            "test_type": "CanAffordBuildDemand"
          },
          {
            "test_type": "HaveSeenEnemyUnits",
            "unit_type_string0": "Factory & Artillery",
            "boolean": true
          },
          {
            "test_type": "PlanetThreat",
            "string0": "Artillery",
            "compare0": ">",
            "value0": 0
          },
          {
            "test_type": "UnitCountInBase",
            "unit_type_string0": "Structure & Defense - Artillery - SurfaceDefense - AirDefense - Naval",
            "compare0": "<",
            "value0": 3
          },
          {
            "test_type": "UnitCountInBase",
            "unit_type_string0": "Structure & ((EnergyProduction & Advanced) | Factory | PlanetEngine | ControlModule)",
            "compare0": ">=",
            "value0": 1
          },
          {
            "test_type": "CanFindPlaceToBuild",
            "string0": "LegionDefenseBasicOrbital"
          }
        ]
      ],
      "placement_rules": {
        "placement_type": "FromBaseCenter",
        "unit_count_rules": [
          {
            "unit_type_string": "Commander | (Structure & ((EnergyProduction & Advanced) | Factory | PlanetEngine | ControlModule))",
            "alliance": "Ally",
            "compare_type": ">=",
            "range": 50,
            "count": 1
          },
          {
            "unit_type_string": "Structure & Defense - Artillery - SurfaceDefense - AirDefense - Naval",
            "alliance": "Ally",
            "compare_type": "<",
            "range": 50,
            "count": 1
          }
        ]
      }
    },
    {
      "name": "Legion - Bronze - Iron Dome",
      "to_build": "LegionDefenseAdvancedAntiNukeSilo",
      "instance_count": 1,
      "shared_instance_count": "SuperWeapon",
      "priority": 481,
      "max_num_assisters": 10,
      "base_sort": "FromMainBase",
      "builders": ["AnyLegionFabberAdvanced"],
      "build_conditions": [
        [
          {
            "test_type": "HasPersonalityTag",
            "string0": "bronze",
            "boolean": true
          },
          {
            "test_type": "CanAffordBuildDemand"
          },
          {
            "test_type": "CanAffordPotentialDrain",
            "string0": "LegionDefenseAdvancedAntiNukeSilo"
          },
          {
            "test_type": "SystemToPlanetThreatRatio",
            "string0": "Nuke",
            "string1": "AntiNuke",
            "compare0": ">",
            "value0": 1
          },
          {
            "test_type": "UnitCountInBase",
            "unit_type_string0": "Structure & ((EnergyProduction & Advanced) | Factory)",
            "compare0": ">=",
            "value0": 3
          },
          {
            "test_type": "UnitCountInBase",
            "unit_type_string0": "Structure & NukeDefense",
            "compare0": "<",
            "value0": 1
          },
          {
            "test_type": "CanFindPlaceToBuild",
            "string0": "LegionDefenseAdvancedAntiNukeSilo"
          }
        ]
      ],
      "placement_rules": {
        "placement_type": "FromBaseCenter",
        "unit_count_rules": [
          {
            "unit_type_string": "Commander | (Structure & ((EnergyProduction & Advanced) | Factory))",
            "alliance": "Ally",
            "compare_type": ">=",
            "range": 150,
            "count": 3
          },
          {
            "unit_type_string": "Structure & NukeDefense",
            "alliance": "Ally",
            "compare_type": "<",
            "range": 150,
            "count": 1
          }
        ]
      }
    },
    {
      "name": "Legion - Bronze - Iron Dome - Rush",
      "to_build": "LegionDefenseAdvancedAntiNukeSilo",
      "instance_count": 1,
      "shared_instance_count": "SuperWeapon",
      "priority": 510,
      "min_num_assisters": 5,
      "max_num_assisters": 12,
      "builders": ["AnyLegionFabberAdvanced"],
      "build_conditions": [
        [
          {
            "test_type": "HasPersonalityTag",
            "string0": "bronze",
            "boolean": true
          },
          {
            "test_type": "HaveHadANukeEvent",
            "boolean": true
          },
          {
            "test_type": "CanAffordBuildDemand"
          },
          {
            "test_type": "CanAffordPotentialDrain",
            "string0": "LegionDefenseAdvancedAntiNukeSilo"
          },
          {
            "test_type": "UnitCountOnPlanet",
            "unit_type_string0": "Structure & NukeDefense",
            "compare0": "<",
            "value0": 1
          },
          {
            "test_type": "CanFindPlaceToBuild",
            "string0": "LegionDefenseAdvancedAntiNukeSilo"
          }
        ],
        [
          {
            "test_type": "HasPersonalityTag",
            "string0": "bronze",
            "boolean": true
          },
          {
            "test_type": "CanAffordBuildDemand"
          },
          {
            "test_type": "CanAffordPotentialDrain",
            "string0": "LegionDefenseAdvancedAntiNukeSilo"
          },
          {
            "test_type": "SystemThreat",
            "string0": "Nuke",
            "compare0": ">",
            "value0": 0
          },
          {
            "test_type": "UnitCountOnPlanet",
            "unit_type_string0": "Structure & NukeDefense",
            "compare0": "<",
            "value0": 1
          },
          {
            "test_type": "CanFindPlaceToBuild",
            "string0": "LegionDefenseAdvancedAntiNukeSilo"
          }
        ]
      ],
      "placement_rules": {
        "threat": {
          "influence_type": "AntiSurface",
          "compare_type": "<",
          "radius": 10,
          "value": 50
        }
      }
    }
  ]
}
