{
  "build_list": [
    {
      "name": "Legion - Bronze - Ship Foundry - Opening",
      "to_build": "LegionFactoryBasicNaval",
      "instance_count": 1,
      "shared_instance_count": "BasicFactory",
      "priority": 376,
      "base_sort": "FromMainBase",
      "builders": ["LegionCommander"],
      "build_conditions": [
        [
          {
            "test_type": "HasPersonalityTag",
            "string0": "bronze",
            "boolean": true
          },
          {
            "test_type": "EnemyPresenceOnPlanet",
            "boolean": false
          },
          {
            "test_type": "AloneOnPlanet",
            "boolean": false
          },
          {
            "test_type": "UnitCountOnPlanet",
            "unit_type_string0": "Factory",
            "compare0": "<",
            "value0": 1
          },
          {
            "test_type": "CanFindPlaceToBuild",
            "string0": "LegionFactoryBasicNaval"
          }
        ]
      ],
      "placement_rules": {
        "buffer": 3,
        "placement_type": "FromBaseCenter",
        "threat": {
          "influence_type": "AntiSurface",
          "compare_type": "<",
          "radius": 10,
          "value": 50
        }
      }
    },
    {
      "name": "Legion - Bronze - Ship Foundry",
      "to_build": "LegionFactoryBasicNaval",
      "instance_count": 1,
      "shared_instance_count": "BasicFactory",
      "max_num_assisters": 5,
      "priority": 377,
      "base_sort": "FromBuilder",
      "builders": [
        "LegionCommander",
        "AnyLegionBasicFabber",
        "AnyLegionFabberAdvanced"
      ],
      "build_conditions": [
        [
          {
            "test_type": "HasPersonalityTag",
            "string0": "bronze",
            "boolean": true
          },
          {
            "test_type": "AloneOnPlanet",
            "boolean": false
          },
          {
            "test_type": "CanDeployNavalFromBase",
            "boolean": true
          },
          {
            "test_type": "UnitCountOnPlanet",
            "unit_type_string0": "Factory & Naval",
            "compare0": "<",
            "value0": 1
          },
          {
            "test_type": "CanFindPlaceToBuild",
            "string0": "LegionFactoryBasicNaval"
          }
        ],
        [
          {
            "test_type": "HasPersonalityTag",
            "string0": "bronze",
            "boolean": true
          },
          {
            "test_type": "AloneOnPlanet",
            "boolean": false
          },
          {
            "test_type": "CanDeployNavalFromBase",
            "boolean": true
          },
          {
            "test_type": "CanAffordPotentialDrain",
            "string0": "LegionFactoryBasicNaval"
          },
          {
            "test_type": "CanFindPlaceToBuild",
            "string0": "LegionFactoryBasicNaval"
          }
        ],
        [
          {
            "test_type": "HasPersonalityTag",
            "string0": "bronze",
            "boolean": true
          },
          {
            "test_type": "AloneOnPlanet",
            "boolean": false
          },
          {
            "test_type": "CanDeployNavalFromBase",
            "boolean": true
          },
          {
            "test_type": "UnitCountOnPlanet",
            "unit_type_string0": "Factory & Naval",
            "compare0": "<",
            "value0": 1
          },
          {
            "test_type": "CanFindPlaceToBuild",
            "string0": "LegionFactoryBasicNaval"
          }
        ]
      ],
      "placement_rules": {
        "buffer": 3,
        "placement_type": "FromBaseCenter",
        "threat": {
          "influence_type": "AntiSurface",
          "compare_type": "<",
          "radius": 10,
          "value": 50
        }
      }
    },
    {
      "name": "Legion - Bronze - Advanced Naval Foundry",
      "to_build": "LegionFactoryAdvancedNaval",
      "instance_count": 1,
      "shared_instance_count": "AdvancedFactory",
      "priority": 477,
      "max_num_assisters": 10,
      "builders": ["LegionNavalBasicFabber", "LegionNavalAdvancedFabber"],
      "build_conditions": [
        [
          {
            "test_type": "HasPersonalityTag",
            "string0": "bronze",
            "boolean": true
          },
          {
            "test_type": "HaveEcoForAdvanced",
            "boolean": true
          },
          {
            "test_type": "UnitCountOnPlanet",
            "unit_type_string0": "Factory & Advanced - Orbital",
            "compare0": "<",
            "value0": 1
          },
          {
            "test_type": "UnitCountOnPlanet",
            "unit_type_string0": "(Basic & Fabber) - Orbital - Land",
            "compare0": ">=",
            "value0": 5
          },
          {
            "test_type": "CanFindPlaceToBuild",
            "string0": "LegionFactoryAdvancedNaval"
          }
        ],
        [
          {
            "test_type": "HasPersonalityTag",
            "string0": "bronze",
            "boolean": true
          },
          {
            "test_type": "AloneOnPlanet",
            "boolean": false
          },
          {
            "test_type": "HaveEcoForAdvanced",
            "boolean": true
          },
          {
            "test_type": "CanAffordPotentialDrain",
            "string0": "LegionFactoryAdvancedNaval"
          },
          {
            "test_type": "UnitCountOnPlanet",
            "unit_type_string0": "(Basic & Fabber) - Orbital - Land",
            "compare0": ">=",
            "value0": 5
          },
          {
            "test_type": "CanFindPlaceToBuild",
            "string0": "LegionFactoryAdvancedNaval"
          }
        ]
      ],
      "placement_rules": {
        "buffer": 3,
        "threat": {
          "influence_type": "AntiSurface",
          "compare_type": "<",
          "radius": 10,
          "value": 50
        }
      }
    }
  ]
}
