{
  "build_list": [
    {
      "name": "Bronze - Fabber Assist",
      "instance_count": -1,
      "priority": 1,
      "builders": [
        "UberCommander",
        "AnyUberBasicFabber",
        "AnyUberAdvancedFabber",
        "OrbitalFabber"
      ],
      "build_conditions": [
        [
          {
            "test_type": "HasPersonalityTag",
            "string0": "bronze",
            "boolean": true
          },
          {
            "test_type": "CanAffordBuildDemand"
          }
        ]
      ],
      "task_type": "BuilderAssist"
    },
    {
      "name": "Bronze - Teleporter",
      "to_build": "Teleporter",
      "instance_count": 1,
      "priority": 710,
      "max_num_assisters": 10,
      "builders": [
        "UberCommander",
        "AnyUberBasicFabber",
        "AnyUberAdvancedFabber",
        "OrbitalFabber"
      ],
      "build_conditions": [
        [
          {
            "test_type": "HasPersonalityTag",
            "string0": "bronze",
            "boolean": true
          },
          {
            "test_type": "PresenceOnOtherPlanet",
            "boolean": true
          },
          {
            "test_type": "PlanetIsGasGiant",
            "boolean": false
          },
          {
            "test_type": "UnitCountOnPlanet",
            "unit_type_string0": "Structure & Teleporter",
            "compare0": "<",
            "value0": 1
          },
          {
            "test_type": "CanFindPlaceToBuild",
            "string0": "Teleporter"
          }
        ]
      ],
      "placement_rules": {
        "buffer": 3,
        "threat": {
          "influence_type": "AntiSurface",
          "compare_type": "<",
          "radius": 10,
          "value": 50
        }
      }
    },
    {
      "name": "Bronze - Teleport Fabber To Planet",
      "instance_count": 1,
      "priority": 1,
      "builders": [
        "BasicBotFabber",
        "BasicVehicleFabber",
        "AdvancedBotFabber",
        "AdvancedVehicleFabber",
        "UberSupportCommander"
      ],
      "build_conditions": [
        [
          {
            "test_type": "HasPersonalityTag",
            "string0": "bronze",
            "boolean": true
          },
          {
            "test_type": "PlanetWithoutFabberWithTeleporter",
            "boolean": true
          },
          {
            "test_type": "UnitCountOnPlanet",
            "unit_type_string0": "Structure & Teleporter",
            "compare0": ">=",
            "value0": 1
          },
          {
            "test_type": "UnitCountOnPlanet",
            "unit_type_string0": "Fabber - Air - Orbital",
            "compare0": ">=",
            "value0": 5
          }
        ]
      ],
      "task_type": "TeleportFabberToPlanet"
    },
    {
      "name": "Bronze - Move Fabber To Planet",
      "instance_count": 1,
      "priority": 1,
      "builders": [
        "BasicBotFabber",
        "BasicVehicleFabber",
        "BasicAirFabber",
        "AdvancedBotFabber",
        "AdvancedVehicleFabber",
        "AdvancedAirFabber",
        "UberSupportCommander"
      ],
      "build_conditions": [
        [
          {
            "test_type": "HasPersonalityTag",
            "string0": "bronze",
            "boolean": true
          },
          {
            "test_type": "PlanetWithoutPresence",
            "boolean": true
          },
          {
            "test_type": "UnitPoolCount",
            "unit_type_string0": "Orbital & Transport",
            "compare0": ">=",
            "value0": 1
          },
          {
            "test_type": "UnitCountOnPlanet",
            "unit_type_string0": "Fabber - Orbital",
            "compare0": ">=",
            "value0": 5
          },
          {
            "test_type": "UnitCountInCelestialTransit",
            "unit_type_string0": "Fabber",
            "compare0": "<",
            "value0": 1
          }
        ]
      ],
      "task_type": "TransportToPlanet"
    },
    {
      "name": "Bronze - Move Orbital Fabber To Planet",
      "instance_count": 1,
      "priority": 1,
      "builders": ["OrbitalFabber"],
      "build_conditions": [
        [
          {
            "test_type": "HasPersonalityTag",
            "string0": "bronze",
            "boolean": true
          },
          {
            "test_type": "PlanetOrGasGiantWithoutPresence",
            "boolean": true
          },
          {
            "test_type": "UnitCountOnPlanet",
            "unit_type_string0": "Fabber & Orbital",
            "compare0": ">=",
            "value0": 2
          },
          {
            "test_type": "UnitCountInCelestialTransit",
            "unit_type_string0": "Orbital & Fabber",
            "compare0": "<",
            "value0": 1
          }
        ]
      ],
      "task_type": "OrbitalFabberMoveToPlanet"
    },
    {
      "name": "Bronze - Move Orbital Fabber To Safe Planet",
      "instance_count": 1,
      "priority": 1,
      "builders": ["OrbitalFabber"],
      "build_conditions": [
        [
          {
            "test_type": "HasPersonalityTag",
            "string0": "bronze",
            "boolean": true
          },
          {
            "test_type": "SafePlanetOrGasGiantWithoutPresence",
            "boolean": true
          },
          {
            "test_type": "UnitCountOnPlanet",
            "unit_type_string0": "Fabber & Orbital",
            "compare0": ">=",
            "value0": 2
          },
          {
            "test_type": "UnitCountInCelestialTransit",
            "unit_type_string0": "Orbital & Fabber",
            "compare0": "<",
            "value0": 1
          }
        ]
      ],
      "task_type": "OrbitalFabberMoveToSafePlanet"
    }
  ]
}
