{
  "build_list": [
    {
      "name": "Bronze - Basic Naval Factory - Opening",
      "to_build": "BasicNavalFactory",
      "instance_count": 1,
      "shared_instance_count": "BasicFactory",
      "priority": 376,
      "base_sort": "FromMainBase",
      "builders": ["UberCommander"],
      "build_conditions": [
        [
          {
            "test_type": "HasPersonalityTag",
            "string0": "bronze",
            "boolean": true
          },
          {
            "test_type": "EnemyPresenceOnPlanet",
            "boolean": false
          },
          {
            "test_type": "AloneOnPlanet",
            "boolean": false
          },
          {
            "test_type": "UnitCountOnPlanet",
            "unit_type_string0": "Factory",
            "compare0": "<",
            "value0": 1
          },
          {
            "test_type": "CanFindPlaceToBuild",
            "string0": "BasicNavalFactory"
          }
        ]
      ],
      "placement_rules": {
        "buffer": 3,
        "placement_type": "FromBaseCenter",
        "threat": {
          "influence_type": "AntiSurface",
          "compare_type": "<",
          "radius": 10,
          "value": 50
        }
      }
    },
    {
      "name": "Bronze - Basic Naval Factory",
      "to_build": "BasicNavalFactory",
      "instance_count": 1,
      "shared_instance_count": "BasicFactory",
      "priority": 377,
      "max_num_assisters": 5,
      "base_sort": "FromBuilder",
      "builders": [
        "UberCommander",
        "AnyUberBasicFabber",
        "AnyUberAdvancedFabber"
      ],
      "build_conditions": [
        [
          {
            "test_type": "HasPersonalityTag",
            "string0": "bronze",
            "boolean": true
          },
          {
            "test_type": "AloneOnPlanet",
            "boolean": false
          },
          {
            "test_type": "CanDeployNavalFromBase",
            "boolean": true
          },
          {
            "test_type": "UnitCountOnPlanet",
            "unit_type_string0": "Factory & Naval",
            "compare0": "<",
            "value0": 1
          },
          {
            "test_type": "CanFindPlaceToBuild",
            "string0": "BasicNavalFactory"
          }
        ],
        [
          {
            "test_type": "HasPersonalityTag",
            "string0": "bronze",
            "boolean": true
          },
          {
            "test_type": "AloneOnPlanet",
            "boolean": false
          },
          {
            "test_type": "CanDeployNavalFromBase",
            "boolean": true
          },
          {
            "test_type": "CanAffordPotentialDrain",
            "string0": "BasicNavalFactory"
          },
          {
            "test_type": "CanFindPlaceToBuild",
            "string0": "BasicNavalFactory"
          }
        ],
        [
          {
            "test_type": "HasPersonalityTag",
            "string0": "bronze",
            "boolean": true
          },
          {
            "test_type": "AloneOnPlanet",
            "boolean": false
          },
          {
            "test_type": "CanDeployNavalFromBase",
            "boolean": true
          },
          {
            "test_type": "UnitCountOnPlanet",
            "unit_type_string0": "Factory & Naval",
            "compare0": "<",
            "value0": 1
          },
          {
            "test_type": "CanFindPlaceToBuild",
            "string0": "BasicNavalFactory"
          }
        ]
      ],
      "placement_rules": {
        "buffer": 3,
        "placement_type": "FromBaseCenter",
        "threat": {
          "influence_type": "AntiSurface",
          "compare_type": "<",
          "radius": 10,
          "value": 50
        }
      }
    },
    {
      "name": "Bronze - Advanced Naval Factory",
      "to_build": "AdvancedNavalFactory",
      "instance_count": 1,
      "shared_instance_count": "AdvancedFactory",
      "priority": 477,
      "max_num_assisters": 10,
      "builders": ["BasicNavalFabber", "AdvancedNavalFabber"],
      "build_conditions": [
        [
          {
            "test_type": "HasPersonalityTag",
            "string0": "bronze",
            "boolean": true
          },
          {
            "test_type": "HaveEcoForAdvanced",
            "boolean": true
          },
          {
            "test_type": "UnitCountOnPlanet",
            "unit_type_string0": "Factory & Advanced - Orbital",
            "compare0": "<",
            "value0": 1
          },
          {
            "test_type": "UnitCountOnPlanet",
            "unit_type_string0": "(Basic & Fabber) - Orbital - Land",
            "compare0": ">=",
            "value0": 5
          },
          {
            "test_type": "CanFindPlaceToBuild",
            "string0": "AdvancedNavalFactory"
          }
        ],
        [
          {
            "test_type": "HasPersonalityTag",
            "string0": "bronze",
            "boolean": true
          },
          {
            "test_type": "AloneOnPlanet",
            "boolean": false
          },
          {
            "test_type": "HaveEcoForAdvanced",
            "boolean": true
          },
          {
            "test_type": "CanAffordPotentialDrain",
            "string0": "AdvancedNavalFactory"
          },
          {
            "test_type": "UnitCountOnPlanet",
            "unit_type_string0": "(Basic & Fabber) - Orbital - Land",
            "compare0": ">=",
            "value0": 5
          },
          {
            "test_type": "CanFindPlaceToBuild",
            "string0": "AdvancedNavalFactory"
          }
        ]
      ],
      "placement_rules": {
        "buffer": 3,
        "threat": {
          "influence_type": "AntiSurface",
          "compare_type": "<",
          "radius": 10,
          "value": 50
        }
      }
    }
  ]
}
