{
  "base_spec": "/pa/ammo/base_missiles/base_missile_aa_seeking.json",
  "damage": 0,
  "events": {
    "died": {
      "audio_cue": "/SE/Impacts/shell_tank",
      "effect_spec": "/pa/effects/specs/default_proj_explosion.pfx"
    }
  },
  "flight_type": "Seeking",
  "full_damage_splash_radius": 0,
  "fx_trail": {
    "filename": "/pa/effects/specs/long_bullet.pfx",
    "offset": [
      0.0,
      0.4,
      0.0
    ]
  },
  "lifetime": 0.6,
  "max_velocity": 250,
  "min_velocity": 250,
  "model": {
    "filename": ""
  },
  "splash_damage": 0,
  "splash_radius": 3,
  "turn_rate": 10
}
