{
  "build_list": [
    {
      "name": "Legion - Uber Bot - Investigator - Intel",
      "to_build": "LegionBotBasicScout",
      "instance_count": 1,
      "max_num_assisters": 10,
      "shared_instance_count": "LandScout",
      "priority": 99,
      "builders": ["LegionFactoryBasicBot", "LegionFactoryAdvancedBot"],
      "build_conditions": [
        [
          {
            "test_type": "HasPersonalityTag",
            "string0": "bot",
            "boolean": true
          },
          {
            "test_type": "AloneOnPlanet",
            "boolean": false
          },
          {
            "test_type": "BaseThreatened",
            "boolean": false
          },
          {
            "test_type": "HaveFullPlanetIntel",
            "boolean": false
          },
          {
            "test_type": "UnitCountOnPlanet",
            "unit_type_string0": "Scout - Naval",
            "compare0": "<",
            "value0": 1
          }
        ],
        [
          {
            "test_type": "HasPersonalityTag",
            "string0": "bot",
            "boolean": true
          },
          {
            "test_type": "AloneOnPlanet",
            "boolean": false
          },
          {
            "test_type": "BaseThreatened",
            "boolean": false
          },
          {
            "test_type": "HaveFullPlanetIntel",
            "boolean": false
          },
          {
            "test_type": "UnitCountPerPlanetRadius",
            "unit_type_string0": "Scout - Naval",
            "compare0": "<",
            "value0": 500
          }
        ]
      ]
    }
  ]
}
