{
  "build_list": [
    {
      "name": "Uber Naval - Basic Naval Fabber",
      "to_build": "BasicNavalFabber",
      "instance_count": 1,
      "max_num_assisters": 10,
      "priority": 100,
      "builders": ["AnyUberNavalFactory"],
      "build_conditions": [
        [
          {
            "test_type": "HasPersonalityTag",
            "string0": "naval",
            "boolean": true
          },
          {
            "test_type": "BaseThreatened",
            "boolean": false
          },
          {
            "test_type": "UnitCountOnPlanet",
            "unit_type_string0": "Fabber & Basic & Naval",
            "compare0": "<",
            "value0": 2
          }
        ]
      ]
    },
    {
      "name": "Uber Naval - Barracuda",
      "to_build": "Sub",
      "instance_count": -1,
      "max_num_assisters": 10,
      "priority": 96,
      "builders": ["AnyUberNavalFactory"],
      "build_conditions": [
        [
          {
            "test_type": "HasPersonalityTag",
            "string0": "naval",
            "boolean": true
          },
          {
            "test_type": "EnemySurfacePresenceOnPlanet",
            "boolean": true
          }
        ]
      ]
    },
    {
      "name": "Uber Naval - Typhoon",
      "to_build": "DroneCarrier",
      "instance_count": -1,
      "max_num_assisters": 10,
      "priority": 199,
      "builders": ["AdvancedNavalFactory"],
      "build_conditions": [
        [
          {
            "test_type": "HasPersonalityTag",
            "string0": "naval",
            "boolean": true
          },
          {
            "test_type": "EnemySurfacePresenceOnPlanet",
            "boolean": true
          },
          {
            "test_type": "CanDeployNavalFromBase",
            "boolean": true
          },
          {
            "test_type": "PlanetHighestEnemyArmyThreat",
            "string0": "Sub",
            "compare0": ">",
            "value0": 0
          }
        ]
      ]
    },
    {
      "name": "Legion - Uber Naval - Fabrication Barge",
      "to_build": "LegionNavalBasicFabber",
      "instance_count": 1,
      "max_num_assisters": 10,
      "priority": 100,
      "builders": ["LegionFactoryBasicNaval", "LegionFactoryAdvancedNaval"],
      "build_conditions": [
        [
          {
            "test_type": "HasPersonalityTag",
            "string0": "naval",
            "boolean": true
          },
          {
            "test_type": "BaseThreatened",
            "boolean": false
          },
          {
            "test_type": "UnitCountOnPlanet",
            "unit_type_string0": "Fabber & Basic & Naval",
            "compare0": "<",
            "value0": 2
          }
        ]
      ]
    },
    {
      "name": "Legion - Uber Naval - Catfish",
      "to_build": "LegionNavalBasicScout",
      "instance_count": -1,
      "max_num_assisters": 10,
      "priority": 96,
      "builders": ["LegionFactoryBasicNaval", "LegionFactoryAdvancedNaval"],
      "build_conditions": [
        [
          {
            "test_type": "HasPersonalityTag",
            "string0": "naval",
            "boolean": true
          },
          {
            "test_type": "EnemySurfacePresenceOnPlanet",
            "boolean": true
          }
        ]
      ]
    }
  ]
}
