{
  "base_spec": "/pa/ammo/base_bullet/base_bullet.json",
  "damage": 40,
  "splash_damage": 40,
  "splash_radius": 6,
  "full_damage_splash_radius": 2,
  "initial_velocity": 90.0,
  "max_velocity": 90.0,
  "lifetime": 5,
  "model": null,
  "fx_trail": {
    "filename": "/pa/units/land/bot_grenadier/bot_grenadier_ammo_trail.pfx"
  },
  "events": {
    "died": {
      "audio_cue": "/SE/Impacts/shell_bullet",
      "effect_spec": "/pa/units/land/bot_grenadier/bot_grenadier_ammo_hit.pfx",
      "effect_scale": 0.4
    }
  },
  "physics": {
    "radius": 1,
    "gravity_scalar": 6,
    "add_to_spatial_db": false,
    "allow_underground": true
  }
}