{
  "build_list": [
    {
      "name": "Uber - Basic Naval Fabber",
      "to_build": "BasicNavalFabber",
      "instance_count": 1,
      "max_num_assisters": 10,
      "priority": 100,
      "builders": ["AnyUberNavalFactory"],
      "build_conditions": [
        [
          {
            "test_type": "HasPersonalityTag",
            "string0": "uber",
            "boolean": true
          },
          {
            "test_type": "HasPersonalityTag",
            "string0": "naval",
            "boolean": false
          },
          {
            "test_type": "BaseThreatened",
            "boolean": false
          },
          {
            "test_type": "UnitCountOnPlanet",
            "unit_type_string0": "Fabber & Basic",
            "compare0": "<",
            "value0": 2
          }
        ],
        [
          {
            "test_type": "HasPersonalityTag",
            "string0": "uber",
            "boolean": true
          },
          {
            "test_type": "BaseThreatened",
            "boolean": false
          },
          {
            "test_type": "HaveEcoForAdvanced",
            "boolean": false
          },
          {
            "test_type": "CanAffordPotentialDrain",
            "string0": "BasicNavalFabber"
          },
          {
            "test_type": "UnitRatioOnPlanet",
            "unit_type_string0": "Fabber & Basic & Naval",
            "unit_type_string1": "Factory & Basic & Naval",
            "compare0": "<",
            "value0": 1
          }
        ],
        [
          {
            "test_type": "HasPersonalityTag",
            "string0": "uber",
            "boolean": true
          },
          {
            "test_type": "PlanetIsRespawnable",
            "boolean": false
          },
          {
            "test_type": "AloneOnPlanet",
            "boolean": false
          },
          {
            "test_type": "BaseThreatened",
            "boolean": false
          },
          {
            "test_type": "CanDeployNavalFromBase",
            "boolean": true
          },
          {
            "test_type": "CurrentMetalEfficiency",
            "compare0": ">",
            "value0": 1
          },
          {
            "test_type": "MetalStorageFrac",
            "compare0": ">",
            "value0": 0.8
          },
          {
            "test_type": "CurrentEnergyEfficiency",
            "compare0": ">",
            "value0": 1
          },
          {
            "test_type": "CanAffordPotentialDrain",
            "string0": "BasicNavalFabber"
          },
          {
            "test_type": "UnitCountPerPlanetRadius",
            "unit_type_string0": "Fabber & Basic",
            "compare0": "<",
            "value0": 20
          }
        ]
      ]
    },
    {
      "name": "Uber - Barnacle",
      "to_build": "SupportBarge",
      "instance_count": 1,
      "priority": 97,
      "builders": ["BasicNavalFactory"],
      "build_conditions": [
        [
          {
            "test_type": "HasPersonalityTag",
            "string0": "uber",
            "boolean": true
          },
          {
            "test_type": "AloneOnPlanet",
            "boolean": false
          },
          {
            "test_type": "BaseThreatened",
            "boolean": false
          },
          {
            "test_type": "CanDeployNavalFromBase",
            "boolean": true
          },
          {
            "test_type": "HaveSeenEnemyUnits",
            "unit_type_string0": "(Naval & Mobile & Construction) - Fabber",
            "boolean": true
          },
          {
            "test_type": "UnitRatioOnPlanet",
            "unit_type_string0": "(Naval & Mobile & Construction) - Fabber",
            "unit_type_string1": "Naval & Mobile & Offense",
            "compare0": "<",
            "value0": 0.01
          }
        ]
      ]
    },
    {
      "name": "Uber - Piranha",
      "to_build": "SeaScout",
      "instance_count": 1,
      "max_num_assisters": 10,
      "priority": 98,
      "builders": ["AnyUberNavalFactory"],
      "build_conditions": [
        [
          {
            "test_type": "HasPersonalityTag",
            "string0": "uber",
            "boolean": true
          },
          {
            "test_type": "AloneOnPlanet",
            "boolean": false
          },
          {
            "test_type": "BaseThreatened",
            "boolean": false
          },
          {
            "test_type": "HaveFullPlanetIntel",
            "boolean": false
          },
          {
            "test_type": "CanDeployNavalFromBase",
            "boolean": false
          },
          {
            "test_type": "UnitCountOnPlanet",
            "unit_type_string0": "Naval & Scout",
            "compare0": "<",
            "value0": 1
          }
        ],
        [
          {
            "test_type": "HasPersonalityTag",
            "string0": "uber",
            "boolean": true
          },
          {
            "test_type": "AloneOnPlanet",
            "boolean": false
          },
          {
            "test_type": "EnemyPresenceOnPlanet",
            "boolean": false
          },
          {
            "test_type": "HaveFullPlanetIntel",
            "boolean": false
          },
          {
            "test_type": "UnitCountOnPlanet",
            "unit_type_string0": "Naval & Scout",
            "compare0": "<",
            "value0": 5
          }
        ]
      ]
    },
    {
      "name": "Uber - Orca",
      "to_build": "Destroyer",
      "instance_count": -1,
      "max_num_assisters": 10,
      "priority": 97,
      "builders": ["AnyUberNavalFactory"],
      "build_conditions": [
        [
          {
            "test_type": "HasPersonalityTag",
            "string0": "uber",
            "boolean": true
          },
          {
            "test_type": "EnemySurfacePresenceOnPlanet",
            "boolean": true
          },
          {
            "test_type": "CanDeployNavalFromBase",
            "boolean": true
          },
          {
            "test_type": "FocusTargetThreatRatio",
            "string0": "Sub",
            "string1": "AntiSub",
            "compare0": "<",
            "value0": 0.6
          }
        ],
        [
          {
            "test_type": "HasPersonalityTag",
            "string0": "uber",
            "boolean": true
          },
          {
            "test_type": "EnemySurfacePresenceOnPlanet",
            "boolean": true
          },
          {
            "test_type": "CanDeployNavalFromBase",
            "boolean": true
          },
          {
            "test_type": "HaveSeenEnemyUnits",
            "unit_type_string0": "Naval & Mobile & Custom1",
            "boolean": true
          },
          {
            "test_type": "HaveSeenEnemyUnits",
            "unit_type_string0": "Naval & Mobile - Custom1",
            "boolean": false
          },
          {
            "test_type": "PlanetHighestEnemyArmyThreat",
            "string0": "Naval",
            "compare0": ">",
            "value0": 0
          }
        ]
      ]
    },
    {
      "name": "Uber - Narwhal",
      "to_build": "Frigate",
      "instance_count": -1,
      "max_num_assisters": 10,
      "priority": 97,
      "builders": ["AnyUberNavalFactory"],
      "build_conditions": [
        [
          {
            "test_type": "HasPersonalityTag",
            "string0": "uber",
            "boolean": true
          },
          {
            "test_type": "EnemyAirPresenceOnPlanet",
            "boolean": true
          },
          {
            "test_type": "CanDeployNavalFromBase",
            "boolean": true
          },
          {
            "test_type": "PlanetHighestEnemyArmyThreatRatio",
            "string0": "Air",
            "string1": "AntiAir",
            "compare0": ">",
            "value0": 0.9
          },
          {
            "test_type": "UnitRatioOnPlanet",
            "unit_type_string0": "Naval & Mobile & (AirDefense | Tactical)",
            "unit_type_string1": "(Naval & Mobile) - Fabber - Hover",
            "compare0": "<",
            "value0": 0.2
          }
        ],
        [
          {
            "test_type": "HasPersonalityTag",
            "string0": "uber",
            "boolean": true
          },
          {
            "test_type": "HasPersonalityTag",
            "string0": "naval",
            "boolean": false
          },
          {
            "test_type": "EnemyAirPresenceOnPlanet",
            "boolean": true
          },
          {
            "test_type": "CanDeployNavalFromBase",
            "boolean": false
          },
          {
            "test_type": "UnitCountOnPlanet",
            "unit_type_string0": "Naval & Mobile & Basic & AirDefense",
            "compare0": "<",
            "value0": 4
          }
        ]
      ]
    },
    {
      "name": "Uber - Barracuda",
      "to_build": "Sub",
      "instance_count": -1,
      "max_num_assisters": 10,
      "priority": 97,
      "builders": ["AnyUberNavalFactory"],
      "build_conditions": [
        [
          {
            "test_type": "HasPersonalityTag",
            "string0": "uber",
            "boolean": true
          },
          {
            "test_type": "AloneOnPlanet",
            "boolean": false
          },
          {
            "test_type": "EnemySurfacePresenceOnPlanet",
            "boolean": false
          },
          {
            "test_type": "EnemyAirPresenceOnPlanet",
            "boolean": false
          },
          {
            "test_type": "EnemyOrbitalPresenceOnPlanet",
            "boolean": false
          },
          {
            "test_type": "HaveFullPlanetIntel",
            "boolean": false
          }
        ],
        [
          {
            "test_type": "HasPersonalityTag",
            "string0": "uber",
            "boolean": true
          },
          {
            "test_type": "EnemySurfacePresenceOnPlanet",
            "boolean": true
          },
          {
            "test_type": "CanDeployNavalFromBase",
            "boolean": true
          },
          {
            "test_type": "PlanetHighestEnemyArmyThreat",
            "string0": "Naval",
            "compare0": ">",
            "value0": 0
          }
        ],
        [
          {
            "test_type": "HasPersonalityTag",
            "string0": "uber",
            "boolean": true
          },
          {
            "test_type": "EnemySurfacePresenceOnPlanet",
            "boolean": true
          },
          {
            "test_type": "CanDeployNavalFromBase",
            "boolean": true
          },
          {
            "test_type": "PlanetHighestEnemyArmyThreat",
            "string0": "Sub",
            "compare0": ">",
            "value0": 0
          }
        ]
      ]
    },
    {
      "name": "Uber - Advanced Naval Fabber - Initial",
      "to_build": "AdvancedNavalFabber",
      "instance_count": 1,
      "max_num_assisters": 10,
      "priority": 200,
      "builders": ["AdvancedNavalFactory"],
      "build_conditions": [
        [
          {
            "test_type": "HasPersonalityTag",
            "string0": "uber",
            "boolean": true
          },
          {
            "test_type": "BaseThreatened",
            "boolean": false
          },
          {
            "test_type": "UnitCountOnPlanet",
            "unit_type_string0": "Fabber & Advanced & Naval",
            "compare0": "<",
            "value0": 1
          }
        ]
      ]
    },
    {
      "name": "Uber - Advanced Naval Fabber",
      "to_build": "AdvancedNavalFabber",
      "instance_count": 1,
      "max_num_assisters": 10,
      "priority": 199,
      "builders": ["AdvancedNavalFactory"],
      "build_conditions": [
        [
          {
            "test_type": "HasPersonalityTag",
            "string0": "uber",
            "boolean": true
          },
          {
            "test_type": "BaseThreatened",
            "boolean": false
          },
          {
            "test_type": "CanAffordPotentialDrain",
            "string0": "AdvancedNavalFabber"
          },
          {
            "test_type": "UnitRatioOnPlanet",
            "unit_type_string0": "Fabber & Advanced & Naval",
            "unit_type_string1": "Factory & Advanced & Naval",
            "compare0": "<",
            "value0": 2
          }
        ],
        [
          {
            "test_type": "HasPersonalityTag",
            "string0": "uber",
            "boolean": true
          },
          {
            "test_type": "PlanetIsRespawnable",
            "boolean": false
          },
          {
            "test_type": "AloneOnPlanet",
            "boolean": false
          },
          {
            "test_type": "BaseThreatened",
            "boolean": false
          },
          {
            "test_type": "CanDeployNavalFromBase",
            "boolean": true
          },
          {
            "test_type": "CurrentMetalEfficiency",
            "compare0": ">",
            "value0": 1
          },
          {
            "test_type": "MetalStorageFrac",
            "compare0": ">",
            "value0": 0.8
          },
          {
            "test_type": "CurrentEnergyEfficiency",
            "compare0": ">",
            "value0": 1
          },
          {
            "test_type": "CanAffordPotentialDrain",
            "string0": "AdvancedNavalFabber"
          },
          {
            "test_type": "UnitCountPerPlanetRadius",
            "unit_type_string0": "Fabber & Advanced",
            "compare0": "<",
            "value0": 20
          }
        ]
      ]
    },
    {
      "name": "Uber - Leviathan",
      "to_build": "Battleship",
      "instance_count": 1,
      "max_num_assisters": 10,
      "priority": 198,
      "builders": ["AdvancedNavalFactory"],
      "build_conditions": [
        [
          {
            "test_type": "HasPersonalityTag",
            "string0": "uber",
            "boolean": true
          },
          {
            "test_type": "EnemySurfacePresenceOnPlanet",
            "boolean": true
          },
          {
            "test_type": "CanDeployNavalFromBase",
            "boolean": true
          },
          {
            "test_type": "PlanetHighestEnemyArmyThreatRatio",
            "string0": "Sub",
            "string1": "AntiSub",
            "compare0": "<",
            "value0": 0.6
          }
        ],
        [
          {
            "test_type": "HasPersonalityTag",
            "string0": "uber",
            "boolean": true
          },
          {
            "test_type": "HasPersonalityTag",
            "string0": "naval",
            "boolean": false
          },
          {
            "test_type": "EnemySurfacePresenceOnPlanet",
            "boolean": true
          },
          {
            "test_type": "CanDeployNavalFromBase",
            "boolean": false
          },
          {
            "test_type": "UnitCountOnPlanet",
            "unit_type_string0": "Naval & Mobile & Advanced & Artillery",
            "compare0": "<",
            "value0": 1
          }
        ]
      ]
    },
    {
      "name": "Uber - Stingray",
      "to_build": "MissleShip",
      "instance_count": 1,
      "max_num_assisters": 10,
      "priority": 198,
      "builders": ["AdvancedNavalFactory"],
      "build_conditions": [
        [
          {
            "test_type": "HasPersonalityTag",
            "string0": "uber",
            "boolean": true
          },
          {
            "test_type": "EnemySurfacePresenceOnPlanet",
            "boolean": true
          },
          {
            "test_type": "EnemyOrbitalPresenceOnPlanet",
            "boolean": true
          },
          {
            "test_type": "CanDeployNavalFromBase",
            "boolean": true
          },
          {
            "test_type": "PlanetHighestEnemyArmyThreatRatio",
            "string0": "Orbital",
            "string1": "AntiOrbital",
            "compare0": ">",
            "value0": 1
          },
          {
            "test_type": "PlanetHighestEnemyArmyThreatRatio",
            "string0": "Naval",
            "string1": "Naval",
            "compare0": ">",
            "value0": 0.8
          },
          {
            "test_type": "UnitRatioOnPlanet",
            "unit_type_string0": "Naval & Mobile & Tactical",
            "unit_type_string1": "(Naval & Mobile) - Fabber - Hover",
            "compare0": "<",
            "value0": 0.1
          }
        ],
        [
          {
            "test_type": "HasPersonalityTag",
            "string0": "uber",
            "boolean": true
          },
          {
            "test_type": "EnemyAirPresenceOnPlanet",
            "boolean": true
          },
          {
            "test_type": "CanDeployNavalFromBase",
            "boolean": true
          },
          {
            "test_type": "PlanetHighestEnemyArmyThreatRatio",
            "string0": "Air",
            "string1": "AntiAir",
            "compare0": ">",
            "value0": 1
          },
          {
            "test_type": "UnitRatioOnPlanet",
            "unit_type_string0": "Naval & Mobile & Tactical",
            "unit_type_string1": "(Naval & Mobile) - Fabber - Hover",
            "compare0": "<",
            "value0": 0.1
          }
        ],
        [
          {
            "test_type": "HasPersonalityTag",
            "string0": "uber",
            "boolean": true
          },
          {
            "test_type": "CanDeployNavalFromBase",
            "boolean": true
          },
          {
            "test_type": "UnitRatioOnPlanet",
            "unit_type_string0": "Naval & Mobile & Tactical",
            "unit_type_string1": "Naval & Mobile & Advanced & Artillery",
            "compare0": "<",
            "value0": 0.1
          }
        ],
        [
          {
            "test_type": "HasPersonalityTag",
            "string0": "uber",
            "boolean": true
          },
          {
            "test_type": "CanDeployNavalFromBase",
            "boolean": true
          },
          {
            "test_type": "PlanetHighestEnemyArmyThreat",
            "string0": "Naval",
            "compare0": ">=",
            "value0": 5000
          },
          {
            "test_type": "HaveSeenEnemyUnits",
            "unit_type_string0": "(Naval & Mobile & Advanced) - Fabber - Construction - Artillery - Sub - Hover - Custom1",
            "boolean": true
          },
          {
            "test_type": "UnitRatioOnPlanet",
            "unit_type_string0": "Naval & Mobile & (AirDefense | Tactical)",
            "unit_type_string1": "(Naval & Mobile) - Fabber - Hover",
            "compare0": "<",
            "value0": 0.1
          }
        ],
        [
          {
            "test_type": "HasPersonalityTag",
            "string0": "uber",
            "boolean": true
          },
          {
            "test_type": "HasPersonalityTag",
            "string0": "naval",
            "boolean": false
          },
          {
            "test_type": "EnemyAirPresenceOnPlanet",
            "boolean": true
          },
          {
            "test_type": "CanDeployNavalFromBase",
            "boolean": false
          },
          {
            "test_type": "UnitCountOnPlanet",
            "unit_type_string0": "Naval & Mobile & Advanced & Tactical",
            "compare0": "<",
            "value0": 1
          }
        ]
      ]
    },
    {
      "name": "Uber - Kraken",
      "to_build": "MissileSub",
      "instance_count": -1,
      "max_num_assisters": 10,
      "priority": 198,
      "builders": ["AdvancedNavalFactory"],
      "build_conditions": [
        [
          {
            "test_type": "HasPersonalityTag",
            "string0": "uber",
            "boolean": true
          },
          {
            "test_type": "EnemySurfacePresenceOnPlanet",
            "boolean": true
          },
          {
            "test_type": "CanDeployNavalFromBase",
            "boolean": true
          },
          {
            "test_type": "PlanetHighestEnemyArmyThreatRatio",
            "string0": "Naval",
            "string1": "Naval",
            "compare0": ">",
            "value0": 0.8
          },
          {
            "test_type": "PlanetHighestEnemyArmyThreatRatio",
            "string0": "Sub",
            "string1": "AntiSub",
            "compare0": "<",
            "value0": 0.8
          }
        ]
      ]
    },
    {
      "name": "Uber - Typhoon",
      "to_build": "DroneCarrier",
      "instance_count": -1,
      "max_num_assisters": 10,
      "priority": 198,
      "builders": ["AdvancedNavalFactory"],
      "build_conditions": [
        [
          {
            "test_type": "HasPersonalityTag",
            "string0": "uber",
            "boolean": true
          },
          {
            "test_type": "HasPersonalityTag",
            "string0": "naval",
            "boolean": false
          },
          {
            "test_type": "EnemySurfacePresenceOnPlanet",
            "boolean": true
          },
          {
            "test_type": "CanDeployNavalFromBase",
            "boolean": true
          },
          {
            "test_type": "PlanetHighestEnemyArmyThreat",
            "string0": "Sub",
            "compare0": ">",
            "value0": 0
          }
        ]
      ]
    },
    {
      "name": "Uber - Kaiju",
      "to_build": "HoverShip",
      "instance_count": -1,
      "max_num_assisters": 10,
      "priority": 198,
      "builders": ["AdvancedNavalFactory"],
      "build_conditions": [
        [
          {
            "test_type": "HasPersonalityTag",
            "string0": "uber",
            "boolean": true
          },
          {
            "test_type": "EnemySurfacePresenceOnPlanet",
            "boolean": true
          }
        ]
      ]
    }
  ]
}
