{
    "context": "client",
    "identifier": "uk.pa.tetctree",
    "display_name": "multiple Biomes for System Designers",
    "description": "Fixed the issue with the mod breaking, Biomes Included: Oasis, Mountain, Rainforest, Ice. Oasis a desert type biome with trees by the water and dead trees on the inner land, Mountain a mountain type biome with a rock only texture and some sand for beaches, Ranforest a biome covered in trees with sand for beaches, Icey a complete ice type biome with no other textures, only ice",
    "author": "TheEffectTheCause",
    "version": "0.4.8",
    "build": "108271",
    "date": "2019-01-22",
    "signature": "not yet implemented",
    "forum": "https://forums.uberent.com/threads/multiple-biomes-for-system-designers.72985/#post-1147105",
    "icon": "http://az592774.vo.msecnd.net/pgl-release/Images/LuxuryImages/36113/36113_36113_A4181494_IMG_01.jpg",
    "scenes": {
        "system_editor": [
            "coui://ui/mods/bm/bm.js"
        ]
    },
    "searchable": [
        "multiple",
        "biomes",
        "system",
        "designers",
        "editor",
        "theeffectthecause"
    ],
    "priority": 100,
    "companions": [
        "uk.pa.tetctree.server"
    ],
    "enabled": true,
    "dependencies": [
        "uk.pa.tetctree.server"
    ],
    "url": "https://github.com/Kingy4500/uk.pa.tetctree/archive/master.zip",
    "download": "https://cdn.palobby.com/community-mods/downloads/uk.pa.tetctree.zip",
    "unitList": false,
    "fileSystem": false,
    "sort": "multiple biomes for system designers",
    "authors": [
        "TheEffectTheCause"
    ],
    "timestamp": 1548115200000,
    "framework": false,
    "available": true,
    "titansOnly": false,
    "classicOnly": false,
    "classic": false,
    "titans": false,
    "conflicts": {}
}