{
    "author": "wondible",
    "build": "88288",
    "context": "client",
    "date": "2015-10-03",
    "dependencies": [
        "com.wondible.pa.live_game_input_refactor"
    ],
    "description": "Commands are queued by default, use shift to drop previous queue.",
    "display_name": "Queue By Default",
    "forum": "https://forums.uberent.com/threads/rel-queue-by-default.70616/",
    "id": "queue_by_default",
    "identifier": "com.wondible.pa.queue_by_default",
    "priority": 100,
    "scenes": {
        "live_game": [
            "coui://ui/mods/queue_by_default/queue_by_default.js"
        ]
    },
    "signature": "not yet implemented",
    "version": "1.1.2",
    "url": "http://wondible.com/pa/queue_by_default_v1.1.2.zip",
    "download": "https://cdn.palobby.com/community-mods/downloads/com.wondible.pa.queue_by_default.zip",
    "unitList": false,
    "fileSystem": false,
    "searchable": [
        "queue",
        "default",
        "in-game",
        "ui",
        "wondible"
    ],
    "sort": "queue by default",
    "authors": [
        "wondible"
    ],
    "icon": "",
    "timestamp": 1443830400000,
    "companions": [],
    "framework": false,
    "available": true,
    "enabled": true,
    "titansOnly": false,
    "classicOnly": false,
    "classic": false,
    "titans": false,
    "conflicts": {}
}