{
  "display_name": "!LOC:Sputnik",
  "description": "!LOC:Basic Radar Satellite- Short-range enemy unit detection. Requires energy.",
  "TEMP_texelinfo": 10.6806,
  "attachable": {
    "offsets": {
      "root": [
        0,
        0,
        0
      ]
    }
  },
  "audio": {
    "selection_response": {
      "cue": "/SE/Selection/orbital/radar"
    }
  },
  "base_spec": "/pa/units/orbital/base_orbital/base_orbital.json",
  "build_metal_cost": 800,
  "command_caps": [
    "ORDER_Move",
    "ORDER_Patrol",
    "ORDER_Assist"
  ],
  "consumption": {
    "energy": 700
  },
  "energy_efficiency_requirement": 0.9,
  "events": {
    "build_complete": {
      "audio_cue": "/SE/Build_Complete/radar"
    },
    "died": {
      "audio_cue": "/SE/Death/radar"
    },
    "fired": {
      "audio_cue": "/SE/Weapons/air/bomber_fire"
    }
  },
  "fx_offsets": [
    {
      "bone": "bone_top_rotate",
      "filename": "/pa/units/land/radar/radar_on.pfx",
      "offset": [
        6,
        0.0,
        0.0
      ],
      "orientation": [
        -90,
        -90,
        0
      ],
      "type": "energy"
    },
    {
      "bone": "bone_top_rotate",
      "filename": "/pa/units/land/radar/radar_on.pfx",
      "offset": [
        -6,
        0.0,
        0.0
      ],
      "orientation": [
        90,
        -90,
        0
      ],
      "type": "energy"
    }
  ],
  "gravwell_velocity_multiplier": 6.0,
  "max_health": 1000,
  "mesh_bounds": [
    20,
    20,
    15
  ],
  "model": {
    "animations": {
      "closed": "/pa/units/orbital/l_radar_satellite/l_radar_satellite_closed.papa",
      "deploy": "/pa/units/orbital/l_radar_satellite/l_radar_satellite_deploy.papa",
      "open": "/pa/units/orbital/l_radar_satellite/l_radar_satellite_open.papa"
    },
    "animtree": "/pa/anim/anim_trees/satellite_launched_anim_tree.json",
    "filename": "/pa/units/orbital/l_radar_satellite/l_radar_satellite.papa"
  },
  "navigation": {
    "acceleration": 15,
    "brake": 15,
    "move_speed": 15,
    "turn_speed": 90
  },
  "recon": {
    "observer": {
      "items": [
        {
          "channel": "radar",
          "layer": "surface_and_air",
          "radius": 600,
          "shape": "capsule",
          "uses_energy": true
        },
        {
          "channel": "sight",
          "layer": "surface_and_air",
          "radius": 300,
          "shape": "capsule",
          "uses_energy": true
        },
        {
          "channel": "sight",
          "layer": "orbital",
          "radius": 600,
          "shape": "capsule",
          "uses_energy": true
        },
        {
          "channel": "sight",
          "layer": "underwater",
          "radius": 300,
          "shape": "capsule",
          "uses_energy": true
        },
        {
          "channel": "radar",
          "layer": "underwater",
          "radius": 600,
          "shape": "capsule",
          "uses_energy": true
        }
      ]
    }
  },
  "selection_icon": {
    "diameter": -35
  },
  "unit_types": [
    "UNITTYPE_Mobile",
    "UNITTYPE_Orbital",
    "UNITTYPE_Basic",
    "UNITTYPE_Recon",
    "UNITTYPE_FactoryBuild",
    "UNITTYPE_Custom1"
  ]
}
