{
  "base_spec": "/pa/ammo/base_shell/base_shell.json",
  "audio_loop": "/SE/Weapons/veh/vangaurd_fire",
  "fx_trail": {
    "filename": "/pa/units/land/tank_heavy_armor/tank_heavy_armor_ammo_trail.pfx"
  },
  "events": {
    "died": {
      "audio_cue": "/SE/Impacts/cannon_uber",
      "effect_spec": "/pa/effects/specs/uber_proj_explosion.pfx"
    }
  },
  "flight_type": "Seeking",
  "turn_rate": 180,
  "damage": 2000,
  "splash_damage": 2000,
  "splash_radius": 10,
  "full_damage_splash_radius": 1,
  "lifetime": 1,
  "initial_velocity": 100.0,
  "max_velocity": 100.0,
  "burn_damage": 200,
  "burn_radius": 15
}