{
  "build_list": [
    {
      "name": "Legion - Gold - Mass Extractor - Area",
      "to_build": "LegionEcoBasicMetalExtractor",
      "instance_count": 2,
      "max_num_assisters": 1,
      "shared_instance_count": "BasicMetal",
      "priority": 261,
      "base_sort": "FromBuilder",
      "builders": [
        "AnyLegionFabberBasic",
        "AnyLegionFabberAdvanced",
        "LegionOrbitalBasicFabber"
      ],
      "build_conditions": [
        [
          {
            "test_type": "HasPersonalityTag",
            "string0": "gold",
            "boolean": true
          },
          {
            "test_type": "PlanetIsGasGiant",
            "boolean": false
          },
          {
            "test_type": "PotentialMetalEfficiency",
            "compare0": "<",
            "value0": 1
          },
          {
            "test_type": "CanFindMetalSpotToBuildBasic",
            "boolean": true
          }
        ]
      ],
      "placement_rules": {
        "placement_type": "FromBaseCenter",
        "threat": {
          "influence_type": "AntiSurface",
          "compare_type": "<",
          "radius": 110,
          "value": 50
        }
      },
      "task_type": "AreaBuild"
    },
    {
      "name": "Legion - Gold - Mass Extractor - Desire - Area",
      "to_build": "LegionEcoBasicMetalExtractor",
      "instance_count": 2,
      "max_num_assisters": 1,
      "shared_instance_count": "BasicMetal",
      "priority": 501,
      "base_sort": "FromBuilder",
      "builders": [
        "AnyLegionFabberBasic",
        "AnyLegionFabberAdvanced",
        "LegionOrbitalBasicFabber"
      ],
      "build_conditions": [
        [
          {
            "test_type": "HasPersonalityTag",
            "string0": "gold",
            "boolean": true
          },
          {
            "test_type": "PlanetIsGasGiant",
            "boolean": false
          },
          {
            "test_type": "DesireMetal"
          },
          {
            "test_type": "CanFindMetalSpotToBuildBasic",
            "boolean": true
          }
        ]
      ],
      "placement_rules": {
        "placement_type": "FromBaseCenter",
        "threat": {
          "influence_type": "AntiSurface",
          "compare_type": "<",
          "radius": 110,
          "value": 50
        }
      },
      "task_type": "AreaBuild"
    },
    {
      "name": "Legion - Gold - Power Catalyst",
      "to_build": "LegionEcoBasicEnergyPlant",
      "instance_count": 1,
      "max_num_assisters": 2,
      "shared_instance_count": "BasicEnergy",
      "priority": 500,
      "base_sort": "FromBuilder",
      "builders": ["AnyLegionFabberBasic"],
      "build_conditions": [
        [
          {
            "test_type": "HasPersonalityTag",
            "string0": "gold",
            "boolean": true
          },
          {
            "test_type": "DesireEnergy"
          },
          {
            "test_type": "UnitCountOnPlanet",
            "unit_type_string0": "Fabber & Basic - Orbital",
            "compare0": ">",
            "value0": 2
          },
          {
            "test_type": "CanFindPlaceToBuild",
            "string0": "LegionEcoBasicEnergyPlant"
          }
        ],
        [
          {
            "test_type": "HasPersonalityTag",
            "string0": "gold",
            "boolean": true
          },
          {
            "test_type": "PotentialEnergyEfficiency",
            "compare0": "<",
            "value0": 1
          },
          {
            "test_type": "UnitCountOnPlanet",
            "unit_type_string0": "Fabber & Basic - Orbital",
            "compare0": ">",
            "value0": 2
          },
          {
            "test_type": "CanFindPlaceToBuild",
            "string0": "LegionEcoBasicEnergyPlant"
          }
        ]
      ],
      "placement_rules": {
        "buffer": 3,
        "placement_type": "FromBaseCenter",
        "threat": {
          "influence_type": "AntiSurface",
          "compare_type": "<",
          "radius": 10,
          "value": 50
        }
      }
    },
    {
      "name": "Legion - Gold - M-48A Advanced Mass Extractor - Area",
      "to_build": "LegionEcoAdvancedMetalExtractor",
      "instance_count": 1,
      "min_num_assisters": 1,
      "max_num_assisters": 3,
      "shared_instance_count": "AdvancedMetal",
      "priority": 270,
      "base_sort": "FromBuilder",
      "builders": ["AnyLegionFabberAdvanced"],
      "build_conditions": [
        [
          {
            "test_type": "HasPersonalityTag",
            "string0": "gold",
            "boolean": true
          },
          {
            "test_type": "PotentialMetalEfficiency",
            "compare0": "<",
            "value0": 1
          },
          {
            "test_type": "CanFindMetalSpotToBuildAdvanced",
            "boolean": true
          }
        ]
      ],
      "placement_rules": {
        "placement_type": "FromBaseCenter",
        "threat": {
          "influence_type": "AntiSurface",
          "compare_type": "<",
          "radius": 110,
          "value": 50
        }
      },
      "task_type": "AreaBuild"
    },
    {
      "name": "Legion - Gold - M-48A Advanced Mass Extractor - Desire - Area",
      "to_build": "LegionEcoAdvancedMetalExtractor",
      "instance_count": 1,
      "min_num_assisters": 1,
      "max_num_assisters": 3,
      "shared_instance_count": "AdvancedMetal",
      "priority": 510,
      "base_sort": "FromBuilder",
      "builders": ["AnyLegionFabberAdvanced"],
      "build_conditions": [
        [
          {
            "test_type": "HasPersonalityTag",
            "string0": "gold",
            "boolean": true
          },
          {
            "test_type": "DesireMetal"
          },
          {
            "test_type": "CanFindMetalSpotToBuildAdvanced",
            "boolean": true
          }
        ]
      ],
      "placement_rules": {
        "placement_type": "FromBaseCenter",
        "threat": {
          "influence_type": "AntiSurface",
          "compare_type": "<",
          "radius": 110,
          "value": 50
        }
      },
      "task_type": "AreaBuild"
    },
    {
      "name": "Legion - Gold - Black Hole Generator",
      "to_build": "LegionEcoAdvancedEnergyPlant",
      "instance_count": 1,
      "min_num_assisters": 3,
      "max_num_assisters": 5,
      "shared_instance_count": "AdvancedEnergy",
      "priority": 269,
      "base_sort": "FromBuilder",
      "builders": ["AnyLegionFabberAdvanced"],
      "build_conditions": [
        [
          {
            "test_type": "HasPersonalityTag",
            "string0": "gold",
            "boolean": true
          },
          {
            "test_type": "PotentialEnergyEfficiency",
            "compare0": "<",
            "value0": 1
          },
          {
            "test_type": "CanFindPlaceToBuild",
            "string0": "LegionEcoAdvancedEnergyPlant"
          }
        ]
      ],
      "placement_rules": {
        "buffer": 15,
        "placement_type": "FromBaseCenter",
        "threat": {
          "influence_type": "AntiSurface",
          "compare_type": "<",
          "radius": 10,
          "value": 50
        }
      }
    },
    {
      "name": "Legion - Gold - Black Hole Generator - Desire",
      "to_build": "LegionEcoAdvancedEnergyPlant",
      "instance_count": 1,
      "min_num_assisters": 3,
      "max_num_assisters": 5,
      "shared_instance_count": "AdvancedEnergy",
      "priority": 508,
      "base_sort": "FromBuilder",
      "builders": ["AnyLegionFabberAdvanced"],
      "build_conditions": [
        [
          {
            "test_type": "HasPersonalityTag",
            "string0": "gold",
            "boolean": true
          },
          {
            "test_type": "DesireEnergy"
          },
          {
            "test_type": "CanFindPlaceToBuild",
            "string0": "LegionEcoAdvancedEnergyPlant"
          }
        ]
      ],
      "placement_rules": {
        "buffer": 15,
        "placement_type": "FromBaseCenter",
        "threat": {
          "influence_type": "AntiSurface",
          "compare_type": "<",
          "radius": 10,
          "value": 50
        }
      }
    },
    {
      "name": "Legion - Gold - Rig - Desire",
      "to_build": "LegionEcoAdvancedMine",
      "instance_count": 1,
      "min_num_assisters": 3,
      "max_num_assisters": 5,
      "shared_instance_count": "OrbitalEco",
      "priority": 509,
      "base_sort": "FromBuilder",
      "builders": ["LegionOrbitalBasicFabber"],
      "build_conditions": [
        [
          {
            "test_type": "HasPersonalityTag",
            "string0": "gold",
            "boolean": true
          },
          {
            "test_type": "PlanetIsGasGiant",
            "boolean": true
          },
          {
            "test_type": "DesireEnergy"
          },
          {
            "test_type": "CanFindPlaceToBuild",
            "string0": "LegionEcoAdvancedMine"
          }
        ],
        [
          {
            "test_type": "HasPersonalityTag",
            "string0": "gold",
            "boolean": true
          },
          {
            "test_type": "PlanetIsGasGiant",
            "boolean": true
          },
          {
            "test_type": "DesireMetal"
          },
          {
            "test_type": "CanFindPlaceToBuild",
            "string0": "LegionEcoAdvancedMine"
          }
        ]
      ],
      "placement_rules": {
        "buffer": 50
      }
    },
    {
      "name": "Legion - Gold - Rig",
      "to_build": "LegionEcoAdvancedMine",
      "instance_count": 1,
      "min_num_assisters": 3,
      "max_num_assisters": 5,
      "shared_instance_count": "OrbitalEco",
      "priority": 260,
      "base_sort": "FromBuilder",
      "builders": ["LegionOrbitalBasicFabber"],
      "build_conditions": [
        [
          {
            "test_type": "HasPersonalityTag",
            "string0": "gold",
            "boolean": true
          },
          {
            "test_type": "PlanetIsGasGiant",
            "boolean": true
          },
          {
            "test_type": "PotentialMetalEfficiency",
            "compare0": "<",
            "value0": 1
          },
          {
            "test_type": "CanFindPlaceToBuild",
            "string0": "LegionEcoAdvancedMine"
          }
        ],
        [
          {
            "test_type": "HasPersonalityTag",
            "string0": "gold",
            "boolean": true
          },
          {
            "test_type": "PlanetIsGasGiant",
            "boolean": true
          },
          {
            "test_type": "PotentialEnergyEfficiency",
            "compare0": "<",
            "value0": 1
          },
          {
            "test_type": "CanFindPlaceToBuild",
            "string0": "LegionEcoAdvancedMine"
          }
        ]
      ],
      "placement_rules": {
        "buffer": 50
      }
    },
    {
      "name": "Legion - Gold - Rig - Expand",
      "to_build": "LegionEcoAdvancedMine",
      "instance_count": 1,
      "min_num_assisters": 3,
      "max_num_assisters": 5,
      "shared_instance_count": "OrbitalEco",
      "priority": 100,
      "base_sort": "FromBuilder",
      "builders": ["LegionOrbitalBasicFabber"],
      "build_conditions": [
        [
          {
            "test_type": "HasPersonalityTag",
            "string0": "gold",
            "boolean": true
          },
          {
            "test_type": "PlanetIsGasGiant",
            "boolean": true
          },
          {
            "test_type": "CanFindPlaceToBuild",
            "string0": "LegionEcoAdvancedMine"
          }
        ]
      ],
      "placement_rules": {
        "buffer": 75,
        "placement_type": "FromBaseCenter"
      }
    },
    {
      "name": "Legion - Gold - Omni Silo",
      "to_build": "LegionEcoBasicStorage",
      "instance_count": 1,
      "priority": 140,
      "base_sort": "FromBuilder",
      "builders": [
        "LegionCommander",
        "AnyLegionFabberBasic",
        "AnyLegionFabberAdvanced"
      ],
      "build_conditions": [
        [
          {
            "test_type": "HasPersonalityTag",
            "string0": "gold",
            "boolean": true
          },
          {
            "test_type": "CurrentEnergyEfficiency",
            "compare0": ">=",
            "value0": 1
          },
          {
            "test_type": "EnergyStorageToProductionRatio",
            "compare0": "<",
            "value0": 3
          },
          {
            "test_type": "CanAffordBuildDemand"
          },
          {
            "test_type": "CanFindPlaceToBuild",
            "string0": "LegionEcoBasicStorage"
          }
        ],
        [
          {
            "test_type": "HasPersonalityTag",
            "string0": "gold",
            "boolean": true
          },
          {
            "test_type": "CurrentMetalEfficiency",
            "compare0": ">=",
            "value0": 1
          },
          {
            "test_type": "MetalStorageToProductionRatio",
            "compare0": "<",
            "value0": 8
          },
          {
            "test_type": "CanAffordBuildDemand"
          },
          {
            "test_type": "CanFindPlaceToBuild",
            "string0": "LegionEcoBasicStorage"
          }
        ]
      ],
      "placement_rules": {
        "buffer": 10,
        "placement_type": "FromBaseCenter",
        "threat": {
          "influence_type": "AntiSurface",
          "compare_type": "<",
          "radius": 110,
          "value": 50
        }
      }
    }
  ]
}
