{
  "build_list": [
    {
      "name": "Gold - Teleport Commander To Planet",
      "instance_count": 1,
      "priority": 1001,
      "builders": ["UberCommander"],
      "build_conditions": [
        [
          {
            "test_type": "HasPersonalityTag",
            "string0": "gold",
            "boolean": true
          },
          {
            "test_type": "WantCommanderOffPlanetByTeleporter",
            "boolean": true
          },
          {
            "test_type": "UnitCountOnPlanet",
            "unit_type_string0": "Structure & Teleporter",
            "compare0": ">=",
            "value0": 1
          }
        ]
      ],
      "task_type": "TeleportFabberToPlanet"
    }
  ]
}
