{
    "author": "mikeyh",
    "date": "2019-05-09",
    "build": "113132",
    "version": "2.8.1",
    "context": "client",
    "identifier": "community-chat",
    "display_name": "Community Chat for Titans & Classic",
    "description": "Community Chat for Titans & Classic",
    "signature": "not yet implemented",
    "forum": "https://forums.planetaryannihilation.com/threads/palobby-com-games-browser-global-chat-stats-using-chrome-chromium.69168/",
    "icon": "https://palobby.com/mods/community-chat/ui/mods/community-chat/earth.png",
    "priority": 100,
    "scenes": {
        "start": [
            "coui://ui/mods/community-chat/start.js"
        ],
        "connect_to_game": [
            "coui://ui/mods/community-chat/connect_to_game.js"
        ],
        "matchmaking": [
            "coui://ui/mods/community-chat/matchmaking.js"
        ],
        "leaderboard": [
            "coui://ui/mods/community-chat/leaderboard.js"
        ],
        "new_game_ladder": [
            "coui://ui/mods/community-chat/new_game_ladder.css",
            "coui://ui/mods/community-chat/new_game_ladder.js"
        ],
        "server_browser": [
            "coui://ui/mods/community-chat/server_browser.js"
        ],
        "new_game": [
            "coui://ui/mods/community-chat/new_game.css",
            "coui://ui/mods/community-chat/new_game.js"
        ],
        "live_game": [
            "coui://ui/mods/community-chat/live_game.js"
        ],
        "replay_browser": [
            "coui://ui/mods/community-chat/replay_browser.js"
        ],
        "system_editor": [
            "coui://ui/mods/community-chat/system_editor.js"
        ],
        "load_planet": [
            "coui://ui/mods/community-chat/load_planet.js"
        ],
        "settings": [
            "coui://ui/mods/community-chat/settings.js"
        ],
        "uberbar": [
            "coui://ui/mods/community-chat/uberbar.css",
            "coui://ui/mods/community-chat/strophe.min.js",
            "coui://ui/mods/community-chat/jabber.js",
            "coui://ui/mods/community-chat/socket.io.slim.js",
            "coui://ui/mods/community-chat/community-chat.js",
            "coui://ui/mods/community-chat/uberbar.js"
        ],
        "live_game_options_bar": [
            "coui://ui/mods/community-chat/live_game_options_bar.css",
            "coui://ui/mods/community-chat/live_game_options_bar.js"
        ]
    },
    "enabled": true,
    "url": "https://palobby.com/mods/community-chat.zip",
    "download": "https://cdn.palobby.com/community-mods/downloads/community-chat.zip",
    "unitList": false,
    "fileSystem": false,
    "searchable": [
        "community",
        "chat",
        "titans",
        "classic",
        "ui",
        "mikeyh"
    ],
    "sort": "community chat for titans & classic",
    "authors": [
        "mikeyh"
    ],
    "timestamp": 1557360000000,
    "dependencies": [],
    "companions": [],
    "framework": false,
    "available": true,
    "titansOnly": false,
    "classicOnly": false,
    "classic": true,
    "titans": true,
    "conflicts": {}
}