{
  "base_spec": "/pa/ammo/base_bullet/base_bullet.json",
  "damage": 30,
  "events": {
    "died": {
      "effect_scale": 1.0,
      "effect_spec": "/pa/units/land/l_bot_artillery_adv/light_ammo_exp.pfx"
    }
  },
  "flight_type": "Direct",
  "full_damage_splash_radius": 2,
  "fx_trail": {
    "filename": "/pa/units/land/l_bot_artillery_adv/light_ammo_trail.pfx"
  },
  "initial_velocity": 150.0,
  "max_velocity": 150.0,
  "physics": {
    "add_to_spatial_db": true,
    "ignore_gravity": true
  }
}
