{
    "context": "client",
    "identifier": "com.uberent.pa.PAFX",
    "display_name": "PA-FX Titans",
    "description": "Adding more effects to Buildings & Units. PA: Titans only.",
    "author": "Alpha2546, Fr33Lancer, dom314",
    "version": "2.9.114220",
    "signature": "not yet implemented",
    "forum": "https://forums.planetaryannihilation.com/threads/rel-pa-fx-moar-effects-in-pa-75499.66155/",
    "icon": "https://i.imgflip.com/ekl6p.gif",
    "priority": 100,
    "build": "114220",
    "date": "2020-05-12",
    "url": "https://github.com/planetary-annihilation-mods/EffectsEnhancement/archive/master.zip",
    "download": "https://cdn.palobby.com/community-mods/downloads/com.uberent.pa.PAFX.zip",
    "unitList": false,
    "fileSystem": false,
    "searchable": [
        "pa",
        "fx",
        "titans",
        "in-game",
        "shader",
        "colours",
        "particles",
        "effects",
        "buildings",
        "alpha2546",
        "fr33lancer",
        "dom314"
    ],
    "sort": "pa-fx titans",
    "authors": [
        "Alpha2546",
        "Fr33Lancer",
        "dom314"
    ],
    "timestamp": 1589241600000,
    "dependencies": [],
    "companions": [],
    "scenes": {},
    "framework": false,
    "available": true,
    "enabled": true,
    "titansOnly": false,
    "classicOnly": false,
    "classic": false,
    "titans": true,
    "conflicts": {}
}