{
  "armor_damage_map": {
    "AT_Air": 0.5
  },
  "base_spec": "/pa/ammo/base_bullet/base_bullet.json",
  "damage": 100,
  "events": {
    "died": {
      "effect_spec": "/pa/units/land/assault_bot_adv/assault_bot_adv_ammo_hit.pfx"
    }
  },
  "fx_trail": {
    "filename": "/pa/units/land/assault_bot_adv/assault_bot_adv_ammo_trail.pfx"
  },
  "initial_velocity": 150.0,
  "lifetime": 2,
  "max_velocity": 150.0,
  "physics": {
    "add_to_spatial_db": true
  },
  "splash_damage": 0,
  "splash_radius": 0
}
