{
  "base_spec": "/pa/ammo/base_artillery/base_artillery.json",
  "damage": 800,
  "splash_damage": 800,
  "splash_radius": 15,
  "full_damage_splash_radius": 5,
  "splash_damages_allies": false,
  "initial_velocity": 200.0,
  "lifetime": 4,
  "physics": {
    "radius": 1,
    "gravity_scalar": 10,
    "add_to_spatial_db": false
  },
  "model": {
    "filename": "/pa/units/air/shell_large/shell_large.papa"
  },
  "fx_trail": {
    "filename": "/pa/units/land/titan_vehicle/titan_vehicle_ammo_main_trail.pfx"
  },
  "audio_loop": "/SE/Movement/missile/artillery_long_missile_fly_loop",
  "events": {
    "died": {
      "audio_cue": "/SE/Impacts/missile_artillery_short",
      "effect_spec": "/pa/units/land/titan_vehicle/titan_vehicle_ammo_main_hit.pfx"
    }
  }
}