{
  "base_spec": "/pa/ammo/base_shell/base_shell.json",
  "damage": 100,
  "splash_damage": 100,
  "splash_radius": 5,
  "full_damage_splash_radius": 2,
  "initial_velocity": 140.0,
  "max_velocity": 140.0,
  "lifetime": 3,
  "events": {
    "died": {
      "effect_spec": "/pa/units/land/titan_vehicle/titan_vehicle_ammo_side_hit.pfx"
    }
  },
  "physics": {
    "radius": 1,
    "gravity_scalar": 10,
    "add_to_spatial_db": false,
    "allow_underground": true
  },
  "fx_trail": {
    "offset": [
      0.0,
      0.8,
      0.0
    ],
    "filename": "/pa/units/land/titan_vehicle/titan_vehicle_ammo_side_trail.pfx"
  }
}