{
  "base_spec": "/pa/ammo/base_artillery/base_artillery.json",
  "damage": 200,
  "splash_damage": 200,
  "splash_radius": 7,
  "full_damage_splash_radius": 2,
  "initial_velocity": 150.0,
  "max_velocity": 150.0,
  "splash_damages_allies": false,
  "influence_radius": 900,
  "lifetime": 3.5,
  "audio_loop": "/SE/Movement/missile/battleship_fly_loop",
  "model": {
    "filename": "/pa/units/air/shell/shell.papa"
  },
  "fx_trail": {
    "filename": "/pa/units/sea/battleship/battleship_ammo_trail.pfx"
  },
  "events": {
    "died": {
      "audio_cue": "/SE/Impacts/missile_battleship",
      "effect_spec": "/pa/units/sea/battleship/battleship_ammo_hit.pfx"
    }
  },
  "physics": {
    "radius": 1,
    "gravity_scalar": 7,
    "add_to_spatial_db": false,
    "allow_underground": true
  }
}