{
    "author": "Grand Homie, Dissonant",
    "build": "113132",
    "context": "server",
    "date": "2019-06-10",
    "description": "Server side mod for Simple Biomes: grass (grass without reclaimable trees), sandstone (desert only), arctic (ice only), and gas_small/gas_yellow/gas_violet.",
    "display_name": "Simple Biomes - Server",
    "forum": "https://forums.planetaryannihilation.com/threads/simple-biomes.73248/",
    "icon": "https://i.imgur.com/CpfqFdx.png",
    "identifier": "com.pa.grandhomie.simplebiomes.server",
    "signature": "not yet implemented",
    "version": "1.5",
    "priority": 100,
    "companions": [
        "com.pa.grandhomie.simplebiomes.client"
    ],
    "dependencies": [
        "com.pa.grandhomie.simplebiomes.client"
    ],
    "url": "https://github.com/grandhomie/com.pa.grandhomie.simplebiomes.server/archive/release.zip",
    "download": "https://cdn.palobby.com/community-mods/downloads/com.pa.grandhomie.simplebiomes.server.zip",
    "unitList": false,
    "fileSystem": false,
    "searchable": [
        "simple",
        "biomes",
        "server",
        "gr",
        "homie",
        "dissonant"
    ],
    "sort": "simple biomes - server",
    "authors": [
        "Gr",
        "Homie",
        "Dissonant"
    ],
    "timestamp": 1560124800000,
    "scenes": {},
    "framework": false,
    "available": true,
    "enabled": true,
    "titansOnly": false,
    "classicOnly": false,
    "classic": false,
    "titans": false,
    "conflicts": {}
}