{
  "base_spec": "/pa/ammo/base_missiles/base_missile_aa_seeking.json",
  "damage": 200,
  "splash_damage": 200,
  "splash_radius": 12,
  "full_damage_splash_radius": 5,
  "initial_velocity": 200.0,
  "max_velocity": 200.0,
  "turn_rate": 720.0,
  "lifetime": 3.0,
  "armor_damage_map": {
    "AT_Structure": 1.0
  },
  "events": {
    "died": {
      "effect_spec": "/pa/effects/specs/default_explosion.pfx"
    }
  },
  "fx_trail": {
    "filename": "/pa/units/land/bot_support_commander/bot_support_commander_ammo_trail.pfx",
    "offset": [
      0.0,
      1.3,
      0.0
    ]
  }
}